$version Generated by VerilatedVcd $end
$timescale 1ps $end
 $scope module TOP $end
  $var wire 1 " clk $end
  $var wire 1 # reset $end
  $var wire 1 $ enable $end
  $var wire 1 % button $end
  $var wire 4 & leds [3:0] $end
  $scope module virtual_led_counter $end
   $var wire 1 " clk $end
   $var wire 1 # reset $end
   $var wire 1 $ enable $end
   $var wire 1 % button $end
   $var wire 4 & leds [3:0] $end
  $upscope $end
 $upscope $end
$enddefinitions $end


#0
0"
0#
0$
0%
b0000 &
#1
1"
1$
b0001 &
#2
0"
#3
1"
b0010 &
#4
0"
#5
1"
b0011 &
#6
0"
#7
1"
b0100 &
#8
0"
#9
1"
b0101 &
#10
0"
#11
1"
b0110 &
#12
0"
#13
1"
b0111 &
#14
0"
#15
1"
b1000 &
#16
0"
#17
1"
b1001 &
#18
0"
#19
1"
b1010 &
#20
0"
#21
1"
b1011 &
#22
0"
#23
1"
b1100 &
#24
0"
#25
1"
b1101 &
#26
0"
#27
1"
b1110 &
#28
0"
#29
1"
b1111 &
#30
0"
#31
1"
b0000 &
#32
0"
#33
1"
b0001 &
#34
0"
#35
1"
b0010 &
#36
0"
#37
1"
b0011 &
#38
0"
#39
1"
b0100 &
#40
0"
#41
1"
b0101 &
#42
0"
#43
1"
b0110 &
#44
0"
#45
1"
b0111 &
#46
0"
#47
1"
b1000 &
#48
0"
#49
1"
b1001 &
#50
0"
#51
1"
b1010 &
#52
0"
#53
1"
b1011 &
#54
0"
#55
1"
b1100 &
#56
0"
#57
1"
b1101 &
#58
0"
#59
1"
b1110 &
#60
0"
#61
1"
b1111 &
#62
0"
#63
1"
b0000 &
#64
0"
#65
1"
b0001 &
#66
0"
#67
1"
b0010 &
#68
0"
#69
1"
b0011 &
#70
0"
#71
1"
b0100 &
#72
0"
#73
1"
b0101 &
#74
0"
#75
1"
b0110 &
#76
0"
#77
1"
b0111 &
#78
0"
#79
1"
b1000 &
#80
0"
#81
1"
b1001 &
#82
0"
#83
1"
b1010 &
#84
0"
#85
1"
b1011 &
#86
0"
#87
1"
b1100 &
#88
0"
#89
1"
b1101 &
#90
0"
#91
1"
b1110 &
#92
0"
#93
1"
b1111 &
#94
0"
#95
1"
b0000 &
#96
0"
#97
1"
b0001 &
#98
0"
#99
1"
b0010 &
#100
0"
#101
1"
b0011 &
#102
0"
#103
1"
b0100 &
#104
0"
#105
1"
b0101 &
#106
0"
#107
1"
b0110 &
#108
0"
#109
1"
b0111 &
#110
0"
#111
1"
b1000 &
#112
0"
#113
1"
b1001 &
#114
0"
#115
1"
b1010 &
#116
0"
#117
1"
b1011 &
#118
0"
#119
1"
b1100 &
#120
0"
#121
1"
b1101 &
#122
0"
#123
1"
b1110 &
#124
0"
#125
1"
b1111 &
#126
0"
#127
1"
b0000 &
#128
0"
#129
1"
b0001 &
#130
0"
#131
1"
b0010 &
#132
0"
#133
1"
b0011 &
#134
0"
#135
1"
b0100 &
#136
0"
#137
1"
b0101 &
#138
0"
#139
1"
b0110 &
#140
0"
#141
1"
b0111 &
#142
0"
#143
1"
b1000 &
#144
0"
#145
1"
b1001 &
#146
0"
#147
1"
b1010 &
#148
0"
#149
1"
b1011 &
#150
0"
#151
1"
b1100 &
#152
0"
#153
1"
b1101 &
#154
0"
#155
1"
b1110 &
#156
0"
#157
1"
b1111 &
#158
0"
#159
1"
b0000 &
#160
0"
#161
1"
b0001 &
#162
0"
#163
1"
b0010 &
#164
0"
#165
1"
b0011 &
#166
0"
#167
1"
b0100 &
#168
0"
#169
1"
b0101 &
#170
0"
#171
1"
b0110 &
#172
0"
#173
1"
b0111 &
#174
0"
#175
1"
b1000 &
#176
0"
#177
1"
b1001 &
#178
0"
#179
1"
b1010 &
#180
0"
#181
1"
b1011 &
#182
0"
#183
1"
b1100 &
#184
0"
#185
1"
b1101 &
#186
0"
#187
1"
b1110 &
#188
0"
#189
1"
b1111 &
#190
0"
#191
1"
b0000 &
#192
0"
#193
1"
b0001 &
#194
0"
#195
1"
b0010 &
#196
0"
#197
1"
b0011 &
#198
0"
#199
1"
b0100 &
#200
0"
#201
1"
b0101 &
#202
0"
#203
1"
b0110 &
#204
0"
#205
1"
b0111 &
#206
0"
#207
1"
b1000 &
#208
0"
#209
1"
b1001 &
#210
0"
#211
1"
b1010 &
#212
0"
#213
1"
b1011 &
#214
0"
#215
1"
b1100 &
#216
0"
#217
1"
b1101 &
#218
0"
#219
1"
b1110 &
#220
0"
#221
1"
b1111 &
#222
0"
#223
1"
b0000 &
#224
0"
#225
1"
b0001 &
#226
0"
#227
1"
b0010 &
#228
0"
#229
1"
b0011 &
#230
0"
#231
1"
b0100 &
#232
0"
#233
1"
b0101 &
#234
0"
#235
1"
b0110 &
#236
0"
#237
1"
b0111 &
#238
0"
#239
1"
b1000 &
#240
0"
#241
1"
b1001 &
#242
0"
#243
1"
b1010 &
#244
0"
#245
1"
b1011 &
#246
0"
#247
1"
b1100 &
#248
0"
#249
1"
b1101 &
#250
0"
#251
1"
b1110 &
#252
0"
#253
1"
b1111 &
#254
0"
#255
1"
b0000 &
#256
0"
#257
1"
b0001 &
#258
0"
#259
1"
b0010 &
#260
0"
#261
1"
b0011 &
#262
0"
#263
1"
b0100 &
#264
0"
#265
1"
b0101 &
#266
0"
#267
1"
b0110 &
#268
0"
#269
1"
b0111 &
#270
0"
#271
1"
b1000 &
#272
0"
#273
1"
b1001 &
#274
0"
#275
1"
b1010 &
#276
0"
#277
1"
b1011 &
#278
0"
#279
1"
b1100 &
#280
0"
#281
1"
b1101 &
#282
0"
#283
1"
b1110 &
#284
0"
#285
1"
b1111 &
#286
0"
#287
1"
b0000 &
#288
0"
#289
1"
b0001 &
#290
0"
#291
1"
b0010 &
#292
0"
#293
1"
b0011 &
#294
0"
#295
1"
b0100 &
#296
0"
#297
1"
b0101 &
#298
0"
#299
1"
b0110 &
#300
0"
#301
1"
b0111 &
#302
0"
#303
1"
b1000 &
#304
0"
#305
1"
b1001 &
#306
0"
#307
1"
b1010 &
#308
0"
#309
1"
b1011 &
#310
0"
#311
1"
b1100 &
#312
0"
#313
1"
b1101 &
#314
0"
#315
1"
b1110 &
#316
0"
#317
1"
b1111 &
#318
0"
#319
1"
b0000 &
#320
0"
#321
1"
b0001 &
#322
0"
#323
1"
b0010 &
#324
0"
#325
1"
b0011 &
#326
0"
#327
1"
b0100 &
#328
0"
#329
1"
b0101 &
#330
0"
#331
1"
b0110 &
#332
0"
#333
1"
b0111 &
#334
0"
#335
1"
b1000 &
#336
0"
#337
1"
b1001 &
#338
0"
#339
1"
b1010 &
#340
0"
#341
1"
b1011 &
#342
0"
#343
1"
b1100 &
#344
0"
#345
1"
b1101 &
#346
0"
#347
1"
b1110 &
#348
0"
#349
1"
b1111 &
#350
0"
#351
1"
b0000 &
#352
0"
#353
1"
b0001 &
#354
0"
#355
1"
b0010 &
#356
0"
#357
1"
b0011 &
#358
0"
#359
1"
b0100 &
#360
0"
#361
1"
b0101 &
#362
0"
#363
1"
b0110 &
#364
0"
#365
1"
b0111 &
#366
0"
#367
1"
b1000 &
#368
0"
#369
1"
b1001 &
#370
0"
#371
1"
b1010 &
#372
0"
#373
1"
b1011 &
#374
0"
#375
1"
b1100 &
#376
0"
#377
1"
b1101 &
#378
0"
#379
1"
b1110 &
#380
0"
#381
1"
b1111 &
#382
0"
#383
1"
b0000 &
#384
0"
#385
1"
b0001 &
#386
0"
#387
1"
b0010 &
#388
0"
#389
1"
b0011 &
#390
0"
#391
1"
b0100 &
#392
0"
#393
1"
b0101 &
#394
0"
#395
1"
b0110 &
#396
0"
#397
1"
b0111 &
#398
0"
#399
1"
b1000 &
#400
0"
#401
1"
b1001 &
#402
0"
#403
1"
b1010 &
#404
0"
#405
1"
b1011 &
#406
0"
#407
1"
b1100 &
#408
0"
#409
1"
b1101 &
#410
0"
#411
1"
b1110 &
#412
0"
#413
1"
b1111 &
#414
0"
#415
1"
b0000 &
#416
0"
#417
1"
b0001 &
#418
0"
#419
1"
b0010 &
#420
0"
#421
1"
b0011 &
#422
0"
#423
1"
b0100 &
#424
0"
#425
1"
b0101 &
#426
0"
#427
1"
b0110 &
#428
0"
#429
1"
b0111 &
#430
0"
#431
1"
b1000 &
#432
0"
#433
1"
b1001 &
#434
0"
#435
1"
b1010 &
#436
0"
#437
1"
b1011 &
#438
0"
#439
1"
b1100 &
#440
0"
#441
1"
b1101 &
#442
0"
#443
1"
b1110 &
#444
0"
#445
1"
b1111 &
#446
0"
#447
1"
b0000 &
#448
0"
#449
1"
b0001 &
#450
0"
#451
1"
b0010 &
#452
0"
#453
1"
b0011 &
#454
0"
#455
1"
b0100 &
#456
0"
#457
1"
b0101 &
#458
0"
#459
1"
b0110 &
#460
0"
#461
1"
b0111 &
#462
0"
#463
1"
b1000 &
#464
0"
#465
1"
b1001 &
#466
0"
#467
1"
b1010 &
#468
0"
#469
1"
b1011 &
#470
0"
#471
1"
b1100 &
#472
0"
#473
1"
b1101 &
#474
0"
#475
1"
b1110 &
#476
0"
#477
1"
b1111 &
#478
0"
#479
1"
b0000 &
#480
0"
#481
1"
b0001 &
#482
0"
#483
1"
b0010 &
#484
0"
#485
1"
b0011 &
#486
0"
#487
1"
b0100 &
#488
0"
#489
1"
b0101 &
#490
0"
#491
1"
b0110 &
#492
0"
#493
1"
b0111 &
#494
0"
#495
1"
b1000 &
#496
0"
#497
1"
b1001 &
#498
0"
#499
1"
b1010 &
#500
0"
#501
1"
b1011 &
#502
0"
#503
1"
b1100 &
#504
0"
#505
1"
b1101 &
#506
0"
#507
1"
b1110 &
#508
0"
#509
1"
b1111 &
#510
0"
#511
1"
b0000 &
#512
0"
#513
1"
b0001 &
#514
0"
#515
1"
b0010 &
#516
0"
#517
1"
b0011 &
#518
0"
#519
1"
b0100 &
#520
0"
#521
1"
b0101 &
#522
0"
#523
1"
b0110 &
#524
0"
#525
1"
b0111 &
#526
0"
#527
1"
b1000 &
#528
0"
#529
1"
b1001 &
#530
0"
#531
1"
b1010 &
#532
0"
#533
1"
b1011 &
#534
0"
#535
1"
b1100 &
#536
0"
#537
1"
b1101 &
#538
0"
#539
1"
b1110 &
#540
0"
#541
1"
b1111 &
#542
0"
#543
1"
b0000 &
#544
0"
#545
1"
b0001 &
#546
0"
#547
1"
b0010 &
#548
0"
#549
1"
b0011 &
#550
0"
#551
1"
b0100 &
#552
0"
#553
1"
b0101 &
#554
0"
#555
1"
b0110 &
#556
0"
#557
1"
b0111 &
#558
0"
#559
1"
b1000 &
#560
0"
#561
1"
b1001 &
#562
0"
#563
1"
b1010 &
#564
0"
#565
1"
b1011 &
#566
0"
#567
1"
b1100 &
#568
0"
#569
1"
b1101 &
#570
0"
#571
1"
b1110 &
#572
0"
#573
1"
b1111 &
#574
0"
#575
1"
b0000 &
#576
0"
#577
1"
b0001 &
#578
0"
#579
1"
b0010 &
#580
0"
#581
1"
b0011 &
#582
0"
#583
1"
b0100 &
#584
0"
#585
1"
b0101 &
#586
0"
#587
1"
b0110 &
#588
0"
#589
1"
b0111 &
#590
0"
#591
1"
b1000 &
#592
0"
#593
1"
b1001 &
#594
0"
#595
1"
b1010 &
#596
0"
#597
1"
b1011 &
#598
0"
#599
1"
b1100 &
#600
0"
#601
1"
b1101 &
#602
0"
#603
1"
b1110 &
#604
0"
#605
1"
b1111 &
#606
0"
#607
1"
b0000 &
#608
0"
#609
1"
b0001 &
#610
0"
#611
1"
b0010 &
#612
0"
#613
1"
b0011 &
#614
0"
#615
1"
b0100 &
#616
0"
#617
1"
b0101 &
#618
0"
#619
1"
b0110 &
#620
0"
#621
1"
b0111 &
#622
0"
#623
1"
b1000 &
#624
0"
#625
1"
b1001 &
#626
0"
#627
1"
b1010 &
#628
0"
#629
1"
b1011 &
#630
0"
#631
1"
b1100 &
#632
0"
#633
1"
b1101 &
#634
0"
#635
1"
b1110 &
#636
0"
#637
1"
b1111 &
#638
0"
#639
1"
b0000 &
#640
0"
#641
1"
b0001 &
#642
0"
#643
1"
b0010 &
#644
0"
#645
1"
b0011 &
#646
0"
#647
1"
b0100 &
#648
0"
#649
1"
b0101 &
#650
0"
#651
1"
b0110 &
#652
0"
#653
1"
b0111 &
#654
0"
#655
1"
b1000 &
#656
0"
#657
1"
b1001 &
#658
0"
#659
1"
b1010 &
#660
0"
#661
1"
b1011 &
#662
0"
#663
1"
b1100 &
#664
0"
#665
1"
b1101 &
#666
0"
#667
1"
b1110 &
#668
0"
#669
1"
b1111 &
#670
0"
#671
1"
b0000 &
#672
0"
#673
1"
b0001 &
#674
0"
#675
1"
b0010 &
#676
0"
#677
1"
b0011 &
#678
0"
#679
1"
b0100 &
#680
0"
#681
1"
b0101 &
#682
0"
#683
1"
b0110 &
#684
0"
#685
1"
b0111 &
#686
0"
#687
1"
b1000 &
#688
0"
#689
1"
b1001 &
#690
0"
#691
1"
b1010 &
#692
0"
#693
1"
b1011 &
#694
0"
#695
1"
b1100 &
#696
0"
#697
1"
b1101 &
#698
0"
#699
1"
b1110 &
#700
0"
#701
1"
b1111 &
#702
0"
#703
1"
b0000 &
#704
0"
#705
1"
b0001 &
#706
0"
#707
1"
b0010 &
#708
0"
#709
1"
b0011 &
#710
0"
#711
1"
b0100 &
#712
0"
#713
1"
b0101 &
#714
0"
#715
1"
b0110 &
#716
0"
#717
1"
b0111 &
#718
0"
#719
1"
b1000 &
#720
0"
#721
1"
b1001 &
#722
0"
#723
1"
b1010 &
#724
0"
#725
1"
b1011 &
#726
0"
#727
1"
b1100 &
#728
0"
#729
1"
b1101 &
#730
0"
#731
1"
b1110 &
#732
0"
#733
1"
b1111 &
#734
0"
#735
1"
b0000 &
#736
0"
#737
1"
b0001 &
#738
0"
#739
1"
b0010 &
#740
0"
#741
1"
b0011 &
#742
0"
#743
1"
b0100 &
#744
0"
#745
1"
b0101 &
#746
0"
#747
1"
b0110 &
#748
0"
#749
1"
b0111 &
#750
0"
#751
1"
b1000 &
#752
0"
#753
1"
b1001 &
#754
0"
#755
1"
b1010 &
#756
0"
#757
1"
b1011 &
#758
0"
#759
1"
b1100 &
#760
0"
#761
1"
b1101 &
#762
0"
#763
1"
b1110 &
#764
0"
#765
1"
b1111 &
#766
0"
#767
1"
b0000 &
#768
0"
#769
1"
b0001 &
#770
0"
#771
1"
b0010 &
#772
0"
#773
1"
b0011 &
#774
0"
#775
1"
b0100 &
#776
0"
#777
1"
b0101 &
#778
0"
#779
1"
b0110 &
#780
0"
#781
1"
b0111 &
#782
0"
#783
1"
b1000 &
#784
0"
#785
1"
b1001 &
#786
0"
#787
1"
b1010 &
#788
0"
#789
1"
b1011 &
#790
0"
#791
1"
b1100 &
#792
0"
#793
1"
b1101 &
#794
0"
#795
1"
b1110 &
#796
0"
#797
1"
b1111 &
#798
0"
#799
1"
b0000 &
#800
0"
#801
1"
b0001 &
#802
0"
#803
1"
b0010 &
#804
0"
#805
1"
b0011 &
#806
0"
#807
1"
b0100 &
#808
0"
#809
1"
b0101 &
#810
0"
#811
1"
b0110 &
#812
0"
#813
1"
b0111 &
#814
0"
#815
1"
b1000 &
#816
0"
#817
1"
b1001 &
#818
0"
#819
1"
b1010 &
#820
0"
#821
1"
b1011 &
#822
0"
#823
1"
b1100 &
#824
0"
#825
1"
b1101 &
#826
0"
#827
1"
b1110 &
#828
0"
#829
1"
b1111 &
#830
0"
#831
1"
b0000 &
#832
0"
#833
1"
b0001 &
#834
0"
#835
1"
b0010 &
#836
0"
#837
1"
b0011 &
#838
0"
#839
1"
b0100 &
#840
0"
#841
1"
b0101 &
#842
0"
#843
1"
b0110 &
#844
0"
#845
1"
b0111 &
#846
0"
#847
1"
b1000 &
#848
0"
#849
1"
b1001 &
#850
0"
#851
1"
b1010 &
#852
0"
#853
1"
b1011 &
#854
0"
#855
1"
b1100 &
#856
0"
#857
1"
b1101 &
#858
0"
#859
1"
b1110 &
#860
0"
#861
1"
b1111 &
#862
0"
#863
1"
b0000 &
#864
0"
#865
1"
b0001 &
#866
0"
#867
1"
b0010 &
#868
0"
#869
1"
b0011 &
#870
0"
#871
1"
b0100 &
#872
0"
#873
1"
b0101 &
#874
0"
#875
1"
b0110 &
#876
0"
#877
1"
b0111 &
#878
0"
#879
1"
b1000 &
#880
0"
#881
1"
b1001 &
#882
0"
#883
1"
b1010 &
#884
0"
#885
1"
b1011 &
#886
0"
#887
1"
b1100 &
#888
0"
#889
1"
b1101 &
#890
0"
#891
1"
b1110 &
#892
0"
#893
1"
b1111 &
#894
0"
#895
1"
b0000 &
#896
0"
#897
1"
b0001 &
#898
0"
#899
1"
b0010 &
#900
0"
#901
1"
b0011 &
#902
0"
#903
1"
b0100 &
#904
0"
#905
1"
b0101 &
#906
0"
#907
1"
b0110 &
#908
0"
#909
1"
b0111 &
#910
0"
#911
1"
b1000 &
#912
0"
#913
1"
b1001 &
#914
0"
#915
1"
b1010 &
#916
0"
#917
1"
b1011 &
#918
0"
#919
1"
b1100 &
#920
0"
#921
1"
b1101 &
#922
0"
#923
1"
b1110 &
#924
0"
#925
1"
b1111 &
#926
0"
#927
1"
b0000 &
#928
0"
#929
1"
b0001 &
#930
0"
#931
1"
b0010 &
#932
0"
#933
1"
b0011 &
#934
0"
#935
1"
b0100 &
#936
0"
#937
1"
b0101 &
#938
0"
#939
1"
b0110 &
#940
0"
#941
1"
b0111 &
#942
0"
#943
1"
b1000 &
#944
0"
#945
1"
b1001 &
#946
0"
#947
1"
b1010 &
#948
0"
#949
1"
b1011 &
#950
0"
#951
1"
b1100 &
#952
0"
#953
1"
b1101 &
#954
0"
#955
1"
b1110 &
#956
0"
#957
1"
b1111 &
#958
0"
#959
1"
b0000 &
#960
0"
#961
1"
b0001 &
#962
0"
#963
1"
b0010 &
#964
0"
#965
1"
b0011 &
#966
0"
#967
1"
b0100 &
#968
0"
#969
1"
b0101 &
#970
0"
#971
1"
b0110 &
#972
0"
#973
1"
b0111 &
#974
0"
#975
1"
b1000 &
#976
0"
#977
1"
b1001 &
#978
0"
#979
1"
b1010 &
#980
0"
#981
1"
b1011 &
#982
0"
#983
1"
b1100 &
#984
0"
#985
1"
b1101 &
#986
0"
#987
1"
b1110 &
#988
0"
#989
1"
b1111 &
#990
0"
#991
1"
b0000 &
#992
0"
#993
1"
b0001 &
#994
0"
#995
1"
b0010 &
#996
0"
#997
1"
b0011 &
#998
0"
#999
1"
b0100 &
#1000
0"
#1001
1"
b0101 &
#1002
0"
#1003
1"
b0110 &
#1004
0"
#1005
1"
b0111 &
#1006
0"
#1007
1"
b1000 &
#1008
0"
#1009
1"
b1001 &
#1010
0"
#1011
1"
b1010 &
#1012
0"
#1013
1"
b1011 &
#1014
0"
#1015
1"
b1100 &
#1016
0"
#1017
1"
b1101 &
#1018
0"
#1019
1"
b1110 &
#1020
0"
#1021
1"
b1111 &
#1022
0"
#1023
1"
b0000 &
#1024
0"
#1025
1"
b0001 &
#1026
0"
#1027
1"
b0010 &
#1028
0"
#1029
1"
b0011 &
#1030
0"
#1031
1"
b0100 &
#1032
0"
#1033
1"
b0101 &
#1034
0"
#1035
1"
b0110 &
#1036
0"
#1037
1"
b0111 &
#1038
0"
#1039
1"
b1000 &
#1040
0"
#1041
1"
b1001 &
#1042
0"
#1043
1"
b1010 &
#1044
0"
#1045
1"
b1011 &
#1046
0"
#1047
1"
b1100 &
#1048
0"
#1049
1"
b1101 &
#1050
0"
#1051
1"
b1110 &
#1052
0"
#1053
1"
b1111 &
#1054
0"
#1055
1"
b0000 &
#1056
0"
#1057
1"
b0001 &
#1058
0"
#1059
1"
b0010 &
#1060
0"
#1061
1"
b0011 &
#1062
0"
#1063
1"
b0100 &
#1064
0"
#1065
1"
b0101 &
#1066
0"
#1067
1"
b0110 &
#1068
0"
#1069
1"
b0111 &
#1070
0"
#1071
1"
b1000 &
#1072
0"
#1073
1"
b1001 &
#1074
0"
#1075
1"
b1010 &
#1076
0"
#1077
1"
b1011 &
#1078
0"
#1079
1"
b1100 &
#1080
0"
#1081
1"
b1101 &
#1082
0"
#1083
1"
b1110 &
#1084
0"
#1085
1"
b1111 &
#1086
0"
#1087
1"
b0000 &
#1088
0"
#1089
1"
b0001 &
#1090
0"
#1091
1"
b0010 &
#1092
0"
#1093
1"
b0011 &
#1094
0"
#1095
1"
b0100 &
#1096
0"
#1097
1"
b0101 &
#1098
0"
#1099
1"
b0110 &
#1100
0"
#1101
1"
b0111 &
#1102
0"
#1103
1"
b1000 &
#1104
0"
#1105
1"
b1001 &
#1106
0"
#1107
1"
b1010 &
#1108
0"
#1109
1"
b1011 &
#1110
0"
#1111
1"
b1100 &
#1112
0"
#1113
1"
b1101 &
#1114
0"
#1115
1"
b1110 &
#1116
0"
#1117
1"
b1111 &
#1118
0"
#1119
1"
b0000 &
#1120
0"
#1121
1"
b0001 &
#1122
0"
#1123
1"
b0010 &
#1124
0"
#1125
1"
b0011 &
#1126
0"
#1127
1"
b0100 &
#1128
0"
#1129
1"
b0101 &
#1130
0"
#1131
1"
b0110 &
#1132
0"
#1133
1"
b0111 &
#1134
0"
#1135
1"
b1000 &
#1136
0"
#1137
1"
b1001 &
#1138
0"
#1139
1"
b1010 &
#1140
0"
#1141
1"
b1011 &
#1142
0"
#1143
1"
b1100 &
#1144
0"
#1145
1"
b1101 &
#1146
0"
#1147
1"
b1110 &
#1148
0"
#1149
1"
b1111 &
#1150
0"
#1151
1"
b0000 &
#1152
0"
#1153
1"
b0001 &
#1154
0"
#1155
1"
b0010 &
#1156
0"
#1157
1"
b0011 &
#1158
0"
#1159
1"
b0100 &
#1160
0"
#1161
1"
b0101 &
#1162
0"
#1163
1"
b0110 &
#1164
0"
#1165
1"
b0111 &
#1166
0"
#1167
1"
b1000 &
#1168
0"
#1169
1"
b1001 &
#1170
0"
#1171
1"
b1010 &
#1172
0"
#1173
1"
b1011 &
#1174
0"
#1175
1"
b1100 &
#1176
0"
#1177
1"
b1101 &
#1178
0"
#1179
1"
b1110 &
#1180
0"
#1181
1"
b1111 &
#1182
0"
#1183
1"
b0000 &
#1184
0"
#1185
1"
b0001 &
#1186
0"
#1187
1"
b0010 &
#1188
0"
#1189
1"
b0011 &
#1190
0"
#1191
1"
b0100 &
#1192
0"
#1193
1"
b0101 &
#1194
0"
#1195
1"
b0110 &
#1196
0"
#1197
1"
b0111 &
#1198
0"
#1199
1"
b1000 &
#1200
0"
#1201
1"
b1001 &
#1202
0"
#1203
1"
b1010 &
#1204
0"
#1205
1"
b1011 &
#1206
0"
#1207
1"
b1100 &
#1208
0"
#1209
1"
b1101 &
#1210
0"
#1211
1"
b1110 &
#1212
0"
#1213
1"
b1111 &
#1214
0"
#1215
1"
b0000 &
#1216
0"
#1217
1"
b0001 &
#1218
0"
#1219
1"
b0010 &
#1220
0"
#1221
1"
b0011 &
#1222
0"
#1223
1"
b0100 &
#1224
0"
#1225
1"
b0101 &
#1226
0"
#1227
1"
b0110 &
#1228
0"
#1229
1"
b0111 &
#1230
0"
#1231
1"
b1000 &
#1232
0"
#1233
1"
b1001 &
#1234
0"
#1235
1"
b1010 &
#1236
0"
#1237
1"
b1011 &
#1238
0"
#1239
1"
b1100 &
#1240
0"
#1241
1"
b1101 &
#1242
0"
#1243
1"
b1110 &
#1244
0"
#1245
1"
b1111 &
#1246
0"
#1247
1"
b0000 &
#1248
0"
#1249
1"
b0001 &
#1250
0"
#1251
1"
b0010 &
#1252
0"
#1253
1"
b0011 &
#1254
0"
#1255
1"
b0100 &
#1256
0"
#1257
1"
b0101 &
#1258
0"
#1259
1"
b0110 &
#1260
0"
#1261
1"
b0111 &
#1262
0"
#1263
1"
b1000 &
#1264
0"
#1265
1"
b1001 &
#1266
0"
#1267
1"
b1010 &
#1268
0"
#1269
1"
b1011 &
#1270
0"
#1271
1"
b1100 &
#1272
0"
#1273
1"
b1101 &
#1274
0"
#1275
1"
b1110 &
#1276
0"
#1277
1"
b1111 &
#1278
0"
#1279
1"
b0000 &
#1280
0"
#1281
1"
b0001 &
#1282
0"
#1283
1"
b0010 &
#1284
0"
#1285
1"
b0011 &
#1286
0"
#1287
1"
b0100 &
#1288
0"
#1289
1"
b0101 &
#1290
0"
#1291
1"
b0110 &
#1292
0"
#1293
1"
b0111 &
#1294
0"
#1295
1"
b1000 &
#1296
0"
#1297
1"
b1001 &
#1298
0"
#1299
1"
b1010 &
#1300
0"
#1301
1"
b1011 &
#1302
0"
#1303
1"
b1100 &
#1304
0"
#1305
1"
b1101 &
#1306
0"
#1307
1"
b1110 &
#1308
0"
#1309
1"
b1111 &
#1310
0"
#1311
1"
b0000 &
#1312
0"
#1313
1"
b0001 &
#1314
0"
#1315
1"
b0010 &
#1316
0"
#1317
1"
b0011 &
#1318
0"
#1319
1"
b0100 &
#1320
0"
#1321
1"
b0101 &
#1322
0"
#1323
1"
b0110 &
#1324
0"
#1325
1"
b0111 &
#1326
0"
#1327
1"
b1000 &
#1328
0"
#1329
1"
b1001 &
#1330
0"
#1331
1"
b1010 &
#1332
0"
#1333
1"
b1011 &
#1334
0"
#1335
1"
b1100 &
#1336
0"
#1337
1"
b1101 &
#1338
0"
#1339
1"
b1110 &
#1340
0"
#1341
1"
b1111 &
#1342
0"
#1343
1"
b0000 &
#1344
0"
#1345
1"
b0001 &
#1346
0"
#1347
1"
b0010 &
#1348
0"
#1349
1"
b0011 &
#1350
0"
#1351
1"
b0100 &
#1352
0"
#1353
1"
b0101 &
#1354
0"
#1355
1"
b0110 &
#1356
0"
#1357
1"
b0111 &
#1358
0"
#1359
1"
b1000 &
#1360
0"
#1361
1"
b1001 &
#1362
0"
#1363
1"
b1010 &
#1364
0"
#1365
1"
b1011 &
#1366
0"
#1367
1"
b1100 &
#1368
0"
#1369
1"
b1101 &
#1370
0"
#1371
1"
b1110 &
#1372
0"
#1373
1"
b1111 &
#1374
0"
#1375
1"
b0000 &
#1376
0"
#1377
1"
b0001 &
#1378
0"
#1379
1"
b0010 &
#1380
0"
#1381
1"
b0011 &
#1382
0"
#1383
1"
b0100 &
#1384
0"
#1385
1"
b0101 &
#1386
0"
#1387
1"
b0110 &
#1388
0"
#1389
1"
b0111 &
#1390
0"
#1391
1"
b1000 &
#1392
0"
#1393
1"
b1001 &
#1394
0"
#1395
1"
b1010 &
#1396
0"
#1397
1"
b1011 &
#1398
0"
#1399
1"
b1100 &
#1400
0"
#1401
1"
b1101 &
#1402
0"
#1403
1"
b1110 &
#1404
0"
#1405
1"
b1111 &
#1406
0"
#1407
1"
b0000 &
#1408
0"
#1409
1"
b0001 &
#1410
0"
#1411
1"
b0010 &
#1412
0"
#1413
1"
b0011 &
#1414
0"
#1415
1"
b0100 &
#1416
0"
#1417
1"
b0101 &
#1418
0"
#1419
1"
b0110 &
#1420
0"
#1421
1"
b0111 &
#1422
0"
#1423
1"
b1000 &
#1424
0"
#1425
1"
b1001 &
#1426
0"
#1427
1"
b1010 &
#1428
0"
#1429
1"
b1011 &
#1430
0"
#1431
1"
b1100 &
#1432
0"
#1433
1"
b1101 &
#1434
0"
#1435
1"
b1110 &
#1436
0"
#1437
1"
b1111 &
#1438
0"
#1439
1"
b0000 &
#1440
0"
#1441
1"
b0001 &
#1442
0"
#1443
1"
b0010 &
#1444
0"
#1445
1"
b0011 &
#1446
0"
#1447
1"
b0100 &
#1448
0"
#1449
1"
b0101 &
#1450
0"
#1451
1"
b0110 &
#1452
0"
#1453
1"
b0111 &
#1454
0"
#1455
1"
b1000 &
#1456
0"
#1457
1"
b1001 &
#1458
0"
#1459
1"
b1010 &
#1460
0"
#1461
1"
b1011 &
#1462
0"
#1463
1"
b1100 &
#1464
0"
#1465
1"
b1101 &
#1466
0"
#1467
1"
b1110 &
#1468
0"
#1469
1"
b1111 &
#1470
0"
#1471
1"
b0000 &
#1472
0"
#1473
1"
b0001 &
#1474
0"
#1475
1"
b0010 &
#1476
0"
#1477
1"
b0011 &
#1478
0"
#1479
1"
b0100 &
#1480
0"
#1481
1"
b0101 &
#1482
0"
#1483
1"
b0110 &
#1484
0"
#1485
1"
b0111 &
#1486
0"
#1487
1"
b1000 &
#1488
0"
#1489
1"
b1001 &
#1490
0"
#1491
1"
b1010 &
#1492
0"
#1493
1"
b1011 &
#1494
0"
#1495
1"
b1100 &
#1496
0"
#1497
1"
b1101 &
#1498
0"
#1499
1"
b1110 &
#1500
0"
#1501
1"
b1111 &
#1502
0"
#1503
1"
b0000 &
#1504
0"
#1505
1"
b0001 &
#1506
0"
#1507
1"
b0010 &
#1508
0"
#1509
1"
b0011 &
#1510
0"
#1511
1"
b0100 &
#1512
0"
#1513
1"
b0101 &
#1514
0"
#1515
1"
b0110 &
#1516
0"
#1517
1"
b0111 &
#1518
0"
#1519
1"
b1000 &
#1520
0"
#1521
1"
b1001 &
#1522
0"
#1523
1"
b1010 &
#1524
0"
#1525
1"
b1011 &
#1526
0"
#1527
1"
b1100 &
#1528
0"
#1529
1"
b1101 &
#1530
0"
#1531
1"
b1110 &
#1532
0"
#1533
1"
b1111 &
#1534
0"
#1535
1"
b0000 &
#1536
0"
#1537
1"
b0001 &
#1538
0"
#1539
1"
b0010 &
#1540
0"
#1541
1"
b0011 &
#1542
0"
#1543
1"
b0100 &
#1544
0"
#1545
1"
b0101 &
#1546
0"
#1547
1"
b0110 &
#1548
0"
#1549
1"
b0111 &
#1550
0"
#1551
1"
b1000 &
#1552
0"
#1553
1"
b1001 &
#1554
0"
#1555
1"
b1010 &
#1556
0"
#1557
1"
b1011 &
#1558
0"
#1559
1"
b1100 &
#1560
0"
#1561
1"
b1101 &
#1562
0"
#1563
1"
b1110 &
#1564
0"
#1565
1"
b1111 &
#1566
0"
#1567
1"
b0000 &
#1568
0"
#1569
1"
b0001 &
#1570
0"
#1571
1"
b0010 &
#1572
0"
#1573
1"
b0011 &
#1574
0"
#1575
1"
b0100 &
#1576
0"
#1577
1"
b0101 &
#1578
0"
#1579
1"
b0110 &
#1580
0"
#1581
1"
b0111 &
#1582
0"
#1583
1"
b1000 &
#1584
0"
#1585
1"
b1001 &
#1586
0"
#1587
1"
b1010 &
#1588
0"
#1589
1"
b1011 &
#1590
0"
#1591
1"
b1100 &
#1592
0"
#1593
1"
b1101 &
#1594
0"
#1595
1"
b1110 &
#1596
0"
#1597
1"
b1111 &
#1598
0"
#1599
1"
b0000 &
#1600
0"
#1601
1"
b0001 &
#1602
0"
#1603
1"
b0010 &
#1604
0"
#1605
1"
b0011 &
#1606
0"
#1607
1"
b0100 &
#1608
0"
#1609
1"
b0101 &
#1610
0"
#1611
1"
b0110 &
#1612
0"
#1613
1"
b0111 &
#1614
0"
#1615
1"
b1000 &
#1616
0"
#1617
1"
b1001 &
#1618
0"
#1619
1"
b1010 &
#1620
0"
#1621
1"
b1011 &
#1622
0"
#1623
1"
b1100 &
#1624
0"
#1625
1"
b1101 &
#1626
0"
#1627
1"
b1110 &
#1628
0"
#1629
1"
b1111 &
#1630
0"
#1631
1"
b0000 &
#1632
0"
#1633
1"
b0001 &
#1634
0"
#1635
1"
b0010 &
#1636
0"
#1637
1"
b0011 &
#1638
0"
#1639
1"
b0100 &
#1640
0"
#1641
1"
b0101 &
#1642
0"
#1643
1"
b0110 &
#1644
0"
#1645
1"
b0111 &
#1646
0"
#1647
1"
b1000 &
#1648
0"
#1649
1"
b1001 &
#1650
0"
#1651
1"
b1010 &
#1652
0"
#1653
1"
b1011 &
#1654
0"
#1655
1"
b1100 &
#1656
0"
#1657
1"
b1101 &
#1658
0"
#1659
1"
b1110 &
#1660
0"
#1661
1"
b1111 &
#1662
0"
#1663
1"
b0000 &
#1664
0"
#1665
1"
b0001 &
#1666
0"
#1667
1"
b0010 &
#1668
0"
#1669
1"
b0011 &
#1670
0"
#1671
1"
b0100 &
#1672
0"
#1673
1"
b0101 &
#1674
0"
#1675
1"
b0110 &
#1676
0"
#1677
1"
b0111 &
#1678
0"
#1679
1"
b1000 &
#1680
0"
#1681
1"
b1001 &
#1682
0"
#1683
1"
b1010 &
#1684
0"
#1685
1"
b1011 &
#1686
0"
#1687
1"
b1100 &
#1688
0"
#1689
1"
b1101 &
#1690
0"
#1691
1"
b1110 &
#1692
0"
#1693
1"
b1111 &
#1694
0"
#1695
1"
b0000 &
#1696
0"
#1697
1"
b0001 &
#1698
0"
#1699
1"
b0010 &
#1700
0"
#1701
1"
b0011 &
#1702
0"
#1703
1"
b0100 &
#1704
0"
#1705
1"
b0101 &
#1706
0"
#1707
1"
b0110 &
#1708
0"
#1709
1"
b0111 &
#1710
0"
#1711
1"
b1000 &
#1712
0"
#1713
1"
b1001 &
#1714
0"
#1715
1"
b1010 &
#1716
0"
#1717
1"
b1011 &
#1718
0"
#1719
1"
b1100 &
#1720
0"
#1721
1"
b1101 &
#1722
0"
#1723
1"
b1110 &
#1724
0"
#1725
1"
b1111 &
#1726
0"
#1727
1"
b0000 &
#1728
0"
#1729
1"
b0001 &
#1730
0"
#1731
1"
b0010 &
#1732
0"
#1733
1"
b0011 &
#1734
0"
#1735
1"
b0100 &
#1736
0"
#1737
1"
b0101 &
#1738
0"
#1739
1"
b0110 &
#1740
0"
#1741
1"
b0111 &
#1742
0"
#1743
1"
b1000 &
#1744
0"
#1745
1"
b1001 &
#1746
0"
#1747
1"
b1010 &
#1748
0"
#1749
1"
b1011 &
#1750
0"
#1751
1"
b1100 &
#1752
0"
#1753
1"
b1101 &
#1754
0"
#1755
1"
b1110 &
#1756
0"
#1757
1"
b1111 &
#1758
0"
#1759
1"
b0000 &
#1760
0"
#1761
1"
b0001 &
#1762
0"
#1763
1"
b0010 &
#1764
0"
#1765
1"
b0011 &
#1766
0"
#1767
1"
b0100 &
#1768
0"
#1769
1"
b0101 &
#1770
0"
#1771
1"
b0110 &
#1772
0"
#1773
1"
b0111 &
#1774
0"
#1775
1"
b1000 &
#1776
0"
#1777
1"
b1001 &
#1778
0"
#1779
1"
b1010 &
#1780
0"
#1781
1"
b1011 &
#1782
0"
#1783
1"
b1100 &
#1784
0"
#1785
1"
b1101 &
#1786
0"
#1787
1"
b1110 &
#1788
0"
#1789
1"
b1111 &
#1790
0"
#1791
1"
b0000 &
#1792
0"
#1793
1"
b0001 &
#1794
0"
#1795
1"
b0010 &
#1796
0"
#1797
1"
b0011 &
#1798
0"
#1799
1"
b0100 &
#1800
0"
#1801
1"
b0101 &
#1802
0"
#1803
1"
b0110 &
#1804
0"
#1805
1"
b0111 &
#1806
0"
#1807
1"
b1000 &
#1808
0"
#1809
1"
b1001 &
#1810
0"
#1811
1"
b1010 &
#1812
0"
#1813
1"
b1011 &
#1814
0"
#1815
1"
b1100 &
#1816
0"
#1817
1"
b1101 &
#1818
0"
#1819
1"
b1110 &
#1820
0"
#1821
1"
b1111 &
#1822
0"
#1823
1"
b0000 &
#1824
0"
#1825
1"
b0001 &
#1826
0"
#1827
1"
b0010 &
#1828
0"
#1829
1"
b0011 &
#1830
0"
#1831
1"
b0100 &
#1832
0"
#1833
1"
b0101 &
#1834
0"
#1835
1"
b0110 &
#1836
0"
#1837
1"
b0111 &
#1838
0"
#1839
1"
b1000 &
#1840
0"
#1841
1"
b1001 &
#1842
0"
#1843
1"
b1010 &
#1844
0"
#1845
1"
b1011 &
#1846
0"
#1847
1"
b1100 &
#1848
0"
#1849
1"
b1101 &
#1850
0"
#1851
1"
b1110 &
#1852
0"
#1853
1"
b1111 &
#1854
0"
#1855
1"
b0000 &
#1856
0"
#1857
1"
b0001 &
#1858
0"
#1859
1"
b0010 &
#1860
0"
#1861
1"
b0011 &
#1862
0"
#1863
1"
b0100 &
#1864
0"
#1865
1"
b0101 &
#1866
0"
#1867
1"
b0110 &
#1868
0"
#1869
1"
b0111 &
#1870
0"
#1871
1"
b1000 &
#1872
0"
#1873
1"
b1001 &
#1874
0"
#1875
1"
b1010 &
#1876
0"
#1877
1"
b1011 &
#1878
0"
#1879
1"
b1100 &
#1880
0"
#1881
1"
b1101 &
#1882
0"
#1883
1"
b1110 &
#1884
0"
#1885
1"
b1111 &
#1886
0"
#1887
1"
b0000 &
#1888
0"
#1889
1"
b0001 &
#1890
0"
#1891
1"
b0010 &
#1892
0"
#1893
1"
b0011 &
#1894
0"
#1895
1"
b0100 &
#1896
0"
#1897
1"
b0101 &
#1898
0"
#1899
1"
b0110 &
#1900
0"
#1901
1"
b0111 &
#1902
0"
#1903
1"
b1000 &
#1904
0"
#1905
1"
b1001 &
#1906
0"
#1907
1"
b1010 &
#1908
0"
#1909
1"
b1011 &
#1910
0"
#1911
1"
b1100 &
#1912
0"
#1913
1"
b1101 &
#1914
0"
#1915
1"
b1110 &
#1916
0"
#1917
1"
b1111 &
#1918
0"
#1919
1"
b0000 &
#1920
0"
#1921
1"
b0001 &
#1922
0"
#1923
1"
b0010 &
#1924
0"
#1925
1"
b0011 &
#1926
0"
#1927
1"
b0100 &
#1928
0"
#1929
1"
b0101 &
#1930
0"
#1931
1"
b0110 &
#1932
0"
#1933
1"
b0111 &
#1934
0"
#1935
1"
b1000 &
#1936
0"
#1937
1"
b1001 &
#1938
0"
#1939
1"
b1010 &
#1940
0"
#1941
1"
b1011 &
#1942
0"
#1943
1"
b1100 &
#1944
0"
#1945
1"
b1101 &
#1946
0"
#1947
1"
b1110 &
#1948
0"
#1949
1"
b1111 &
#1950
0"
#1951
1"
b0000 &
#1952
0"
#1953
1"
b0001 &
#1954
0"
#1955
1"
b0010 &
#1956
0"
#1957
1"
b0011 &
#1958
0"
#1959
1"
b0100 &
#1960
0"
#1961
1"
b0101 &
#1962
0"
#1963
1"
b0110 &
#1964
0"
#1965
1"
b0111 &
#1966
0"
#1967
1"
b1000 &
#1968
0"
#1969
1"
b1001 &
#1970
0"
#1971
1"
b1010 &
#1972
0"
#1973
1"
b1011 &
#1974
0"
#1975
1"
b1100 &
#1976
0"
#1977
1"
b1101 &
#1978
0"
#1979
1"
b1110 &
#1980
0"
#1981
1"
b1111 &
#1982
0"
#1983
1"
b0000 &
#1984
0"
#1985
1"
b0001 &
#1986
0"
#1987
1"
b0010 &
#1988
0"
#1989
1"
b0011 &
#1990
0"
#1991
1"
b0100 &
#1992
0"
#1993
1"
b0101 &
#1994
0"
#1995
1"
b0110 &
#1996
0"
#1997
1"
b0111 &
#1998
0"
#1999
1"
b1000 &
#2000
0"
#2001
1"
b1001 &
#2002
0"
#2003
1"
b1010 &
#2004
0"
#2005
1"
b1011 &
#2006
0"
#2007
1"
b1100 &
#2008
0"
#2009
1"
b1101 &
#2010
0"
#2011
1"
b1110 &
#2012
0"
#2013
1"
b1111 &
#2014
0"
#2015
1"
b0000 &
#2016
0"
#2017
1"
b0001 &
#2018
0"
#2019
1"
b0010 &
#2020
0"
#2021
1"
b0011 &
#2022
0"
#2023
1"
b0100 &
#2024
0"
#2025
1"
b0101 &
#2026
0"
#2027
1"
b0110 &
#2028
0"
#2029
1"
b0111 &
#2030
0"
#2031
1"
b1000 &
#2032
0"
#2033
1"
b1001 &
#2034
0"
#2035
1"
b1010 &
#2036
0"
#2037
1"
b1011 &
#2038
0"
#2039
1"
b1100 &
#2040
0"
#2041
1"
b1101 &
#2042
0"
#2043
1"
b1110 &
#2044
0"
#2045
1"
b1111 &
#2046
0"
#2047
1"
b0000 &
#2048
0"
#2049
1"
b0001 &
#2050
0"
#2051
1"
b0010 &
#2052
0"
#2053
1"
b0011 &
#2054
0"
#2055
1"
b0100 &
#2056
0"
#2057
1"
b0101 &
#2058
0"
#2059
1"
b0110 &
#2060
0"
#2061
1"
b0111 &
#2062
0"
#2063
1"
b1000 &
#2064
0"
#2065
1"
b1001 &
#2066
0"
#2067
1"
b1010 &
#2068
0"
#2069
1"
b1011 &
#2070
0"
#2071
1"
b1100 &
#2072
0"
#2073
1"
b1101 &
#2074
0"
#2075
1"
b1110 &
#2076
0"
#2077
1"
b1111 &
#2078
0"
#2079
1"
b0000 &
#2080
0"
#2081
1"
b0001 &
#2082
0"
#2083
1"
b0010 &
#2084
0"
#2085
1"
b0011 &
#2086
0"
#2087
1"
b0100 &
#2088
0"
#2089
1"
b0101 &
#2090
0"
#2091
1"
b0110 &
#2092
0"
#2093
1"
b0111 &
#2094
0"
#2095
1"
b1000 &
#2096
0"
#2097
1"
b1001 &
#2098
0"
#2099
1"
b1010 &
#2100
0"
#2101
1"
b1011 &
#2102
0"
#2103
1"
b1100 &
#2104
0"
#2105
1"
b1101 &
#2106
0"
#2107
1"
b1110 &
#2108
0"
#2109
1"
b1111 &
#2110
0"
#2111
1"
b0000 &
#2112
0"
#2113
1"
b0001 &
#2114
0"
#2115
1"
b0010 &
#2116
0"
#2117
1"
b0011 &
#2118
0"
#2119
1"
b0100 &
#2120
0"
#2121
1"
b0101 &
#2122
0"
#2123
1"
b0110 &
#2124
0"
#2125
1"
b0111 &
#2126
0"
#2127
1"
b1000 &
#2128
0"
#2129
1"
b1001 &
#2130
0"
#2131
1"
b1010 &
#2132
0"
#2133
1"
b1011 &
#2134
0"
#2135
1"
b1100 &
#2136
0"
#2137
1"
b1101 &
#2138
0"
#2139
1"
b1110 &
#2140
0"
#2141
1"
b1111 &
#2142
0"
#2143
1"
b0000 &
#2144
0"
#2145
1"
b0001 &
#2146
0"
#2147
1"
b0010 &
#2148
0"
#2149
1"
b0011 &
#2150
0"
#2151
1"
b0100 &
#2152
0"
#2153
1"
b0101 &
#2154
0"
#2155
1"
b0110 &
#2156
0"
#2157
1"
b0111 &
#2158
0"
#2159
1"
b1000 &
#2160
0"
#2161
1"
b1001 &
#2162
0"
#2163
1"
b1010 &
#2164
0"
#2165
1"
b1011 &
#2166
0"
#2167
1"
b1100 &
#2168
0"
#2169
1"
b1101 &
#2170
0"
#2171
1"
b1110 &
#2172
0"
#2173
1"
b1111 &
#2174
0"
#2175
1"
b0000 &
#2176
0"
#2177
1"
b0001 &
#2178
0"
#2179
1"
b0010 &
#2180
0"
#2181
1"
b0011 &
#2182
0"
#2183
1"
b0100 &
#2184
0"
#2185
1"
b0101 &
#2186
0"
#2187
1"
b0110 &
#2188
0"
#2189
1"
b0111 &
#2190
0"
#2191
1"
b1000 &
#2192
0"
#2193
1"
b1001 &
#2194
0"
#2195
1"
b1010 &
#2196
0"
#2197
1"
b1011 &
#2198
0"
#2199
1"
b1100 &
#2200
0"
#2201
1"
b1101 &
#2202
0"
#2203
1"
b1110 &
#2204
0"
#2205
1"
b1111 &
#2206
0"
#2207
1"
b0000 &
#2208
0"
#2209
1"
b0001 &
#2210
0"
#2211
1"
b0010 &
#2212
0"
#2213
1"
b0011 &
#2214
0"
#2215
1"
b0100 &
#2216
0"
#2217
1"
b0101 &
#2218
0"
#2219
1"
b0110 &
#2220
0"
#2221
1"
b0111 &
#2222
0"
#2223
1"
b1000 &
#2224
0"
#2225
1"
b1001 &
#2226
0"
#2227
1"
b1010 &
#2228
0"
#2229
1"
b1011 &
#2230
0"
#2231
1"
b1100 &
#2232
0"
#2233
1"
b1101 &
#2234
0"
#2235
1"
b1110 &
#2236
0"
#2237
1"
b1111 &
#2238
0"
#2239
1"
b0000 &
#2240
0"
#2241
1"
b0001 &
#2242
0"
#2243
1"
b0010 &
#2244
0"
#2245
1"
b0011 &
#2246
0"
#2247
1"
b0100 &
#2248
0"
#2249
1"
b0101 &
#2250
0"
#2251
1"
b0110 &
#2252
0"
#2253
1"
b0111 &
#2254
0"
#2255
1"
b1000 &
#2256
0"
#2257
1"
b1001 &
#2258
0"
#2259
1"
b1010 &
#2260
0"
#2261
1"
b1011 &
#2262
0"
#2263
1"
b1100 &
#2264
0"
#2265
1"
b1101 &
#2266
0"
#2267
1"
b1110 &
#2268
0"
#2269
1"
b1111 &
#2270
0"
#2271
1"
b0000 &
#2272
0"
#2273
1"
b0001 &
#2274
0"
#2275
1"
b0010 &
#2276
0"
#2277
1"
b0011 &
#2278
0"
#2279
1"
b0100 &
#2280
0"
#2281
1"
b0101 &
#2282
0"
#2283
1"
b0110 &
#2284
0"
#2285
1"
b0111 &
#2286
0"
#2287
1"
b1000 &
#2288
0"
#2289
1"
b1001 &
#2290
0"
#2291
1"
b1010 &
#2292
0"
#2293
1"
b1011 &
#2294
0"
#2295
1"
b1100 &
#2296
0"
#2297
1"
b1101 &
#2298
0"
#2299
1"
b1110 &
#2300
0"
#2301
1"
b1111 &
#2302
0"
#2303
1"
b0000 &
#2304
0"
#2305
1"
b0001 &
#2306
0"
#2307
1"
b0010 &
#2308
0"
#2309
1"
b0011 &
#2310
0"
#2311
1"
b0100 &
#2312
0"
#2313
1"
b0101 &
#2314
0"
#2315
1"
b0110 &
#2316
0"
#2317
1"
b0111 &
#2318
0"
#2319
1"
b1000 &
#2320
0"
#2321
1"
b1001 &
#2322
0"
#2323
1"
b1010 &
#2324
0"
#2325
1"
b1011 &
#2326
0"
#2327
1"
b1100 &
#2328
0"
#2329
1"
b1101 &
#2330
0"
#2331
1"
b1110 &
#2332
0"
#2333
1"
b1111 &
#2334
0"
#2335
1"
b0000 &
#2336
0"
#2337
1"
b0001 &
#2338
0"
#2339
1"
b0010 &
#2340
0"
#2341
1"
b0011 &
#2342
0"
#2343
1"
b0100 &
#2344
0"
#2345
1"
b0101 &
#2346
0"
#2347
1"
b0110 &
#2348
0"
#2349
1"
b0111 &
#2350
0"
#2351
1"
b1000 &
#2352
0"
#2353
1"
b1001 &
#2354
0"
#2355
1"
b1010 &
#2356
0"
#2357
1"
b1011 &
#2358
0"
#2359
1"
b1100 &
#2360
0"
#2361
1"
b1101 &
#2362
0"
#2363
1"
b1110 &
#2364
0"
#2365
1"
b1111 &
#2366
0"
#2367
1"
b0000 &
#2368
0"
#2369
1"
b0001 &
#2370
0"
#2371
1"
b0010 &
#2372
0"
#2373
1"
b0011 &
#2374
0"
#2375
1"
b0100 &
#2376
0"
#2377
1"
b0101 &
#2378
0"
#2379
1"
b0110 &
#2380
0"
#2381
1"
b0111 &
#2382
0"
#2383
1"
b1000 &
#2384
0"
#2385
1"
b1001 &
#2386
0"
#2387
1"
b1010 &
#2388
0"
#2389
1"
b1011 &
#2390
0"
#2391
1"
b1100 &
#2392
0"
#2393
1"
b1101 &
#2394
0"
#2395
1"
b1110 &
#2396
0"
#2397
1"
b1111 &
#2398
0"
#2399
1"
b0000 &
#2400
0"
#2401
1"
b0001 &
#2402
0"
#2403
1"
b0010 &
#2404
0"
#2405
1"
b0011 &
#2406
0"
#2407
1"
b0100 &
#2408
0"
#2409
1"
b0101 &
#2410
0"
#2411
1"
b0110 &
#2412
0"
#2413
1"
b0111 &
#2414
0"
#2415
1"
b1000 &
#2416
0"
#2417
1"
b1001 &
#2418
0"
#2419
1"
b1010 &
#2420
0"
#2421
1"
b1011 &
#2422
0"
#2423
1"
b1100 &
#2424
0"
#2425
1"
b1101 &
#2426
0"
#2427
1"
b1110 &
#2428
0"
#2429
1"
b1111 &
#2430
0"
#2431
1"
b0000 &
#2432
0"
#2433
1"
b0001 &
#2434
0"
#2435
1"
b0010 &
#2436
0"
#2437
1"
b0011 &
#2438
0"
#2439
1"
b0100 &
#2440
0"
#2441
1"
b0101 &
#2442
0"
#2443
1"
b0110 &
#2444
0"
#2445
1"
b0111 &
#2446
0"
#2447
1"
b1000 &
#2448
0"
#2449
1"
b1001 &
#2450
0"
#2451
1"
b1010 &
#2452
0"
#2453
1"
b1011 &
#2454
0"
#2455
1"
b1100 &
#2456
0"
#2457
1"
b1101 &
#2458
0"
#2459
1"
b1110 &
#2460
0"
#2461
1"
b1111 &
#2462
0"
#2463
1"
b0000 &
#2464
0"
#2465
1"
b0001 &
#2466
0"
#2467
1"
b0010 &
#2468
0"
#2469
1"
b0011 &
#2470
0"
#2471
1"
b0100 &
#2472
0"
#2473
1"
b0101 &
#2474
0"
#2475
1"
b0110 &
#2476
0"
#2477
1"
b0111 &
#2478
0"
#2479
1"
b1000 &
#2480
0"
#2481
1"
b1001 &
#2482
0"
#2483
1"
b1010 &
#2484
0"
#2485
1"
b1011 &
#2486
0"
#2487
1"
b1100 &
#2488
0"
#2489
1"
b1101 &
#2490
0"
#2491
1"
b1110 &
#2492
0"
#2493
1"
b1111 &
#2494
0"
#2495
1"
b0000 &
#2496
0"
#2497
1"
b0001 &
#2498
0"
#2499
1"
b0010 &
#2500
0"
#2501
1"
b0011 &
#2502
0"
#2503
1"
b0100 &
#2504
0"
#2505
1"
b0101 &
#2506
0"
#2507
1"
b0110 &
#2508
0"
#2509
1"
b0111 &
#2510
0"
#2511
1"
b1000 &
#2512
0"
#2513
1"
b1001 &
#2514
0"
#2515
1"
b1010 &
#2516
0"
#2517
1"
b1011 &
#2518
0"
#2519
1"
b1100 &
#2520
0"
#2521
1"
b1101 &
#2522
0"
#2523
1"
b1110 &
#2524
0"
#2525
1"
b1111 &
#2526
0"
#2527
1"
b0000 &
#2528
0"
#2529
1"
b0001 &
#2530
0"
#2531
1"
b0010 &
#2532
0"
#2533
1"
b0011 &
#2534
0"
#2535
1"
b0100 &
#2536
0"
#2537
1"
b0101 &
#2538
0"
#2539
1"
b0110 &
#2540
0"
#2541
1"
b0111 &
#2542
0"
#2543
1"
b1000 &
#2544
0"
#2545
1"
b1001 &
#2546
0"
#2547
1"
b1010 &
#2548
0"
#2549
1"
b1011 &
#2550
0"
#2551
1"
b1100 &
#2552
0"
#2553
1"
b1101 &
#2554
0"
#2555
1"
b1110 &
#2556
0"
#2557
1"
b1111 &
#2558
0"
#2559
1"
b0000 &
#2560
0"
#2561
1"
b0001 &
#2562
0"
#2563
1"
b0010 &
#2564
0"
#2565
1"
b0011 &
#2566
0"
#2567
1"
b0100 &
#2568
0"
#2569
1"
b0101 &
#2570
0"
#2571
1"
b0110 &
#2572
0"
#2573
1"
b0111 &
#2574
0"
#2575
1"
b1000 &
#2576
0"
#2577
1"
b1001 &
#2578
0"
#2579
1"
b1010 &
#2580
0"
#2581
1"
b1011 &
#2582
0"
#2583
1"
b1100 &
#2584
0"
#2585
1"
b1101 &
#2586
0"
#2587
1"
b1110 &
#2588
0"
#2589
1"
b1111 &
#2590
0"
#2591
1"
b0000 &
#2592
0"
#2593
1"
b0001 &
#2594
0"
#2595
1"
b0010 &
#2596
0"
#2597
1"
b0011 &
#2598
0"
#2599
1"
b0100 &
#2600
0"
#2601
1"
b0101 &
#2602
0"
#2603
1"
b0110 &
#2604
0"
#2605
1"
b0111 &
#2606
0"
#2607
1"
b1000 &
#2608
0"
#2609
1"
b1001 &
#2610
0"
#2611
1"
b1010 &
#2612
0"
#2613
1"
b1011 &
#2614
0"
#2615
1"
b1100 &
#2616
0"
#2617
1"
b1101 &
#2618
0"
#2619
1"
b1110 &
#2620
0"
#2621
1"
b1111 &
#2622
0"
#2623
1"
b0000 &
#2624
0"
#2625
1"
b0001 &
#2626
0"
#2627
1"
b0010 &
#2628
0"
#2629
1"
b0011 &
#2630
0"
#2631
1"
b0100 &
#2632
0"
#2633
1"
b0101 &
#2634
0"
#2635
1"
b0110 &
#2636
0"
#2637
1"
b0111 &
#2638
0"
#2639
1"
b1000 &
#2640
0"
#2641
1"
b1001 &
#2642
0"
#2643
1"
b1010 &
#2644
0"
#2645
1"
b1011 &
#2646
0"
#2647
1"
b1100 &
#2648
0"
#2649
1"
b1101 &
#2650
0"
#2651
1"
b1110 &
#2652
0"
#2653
1"
b1111 &
#2654
0"
#2655
1"
b0000 &
#2656
0"
#2657
1"
b0001 &
#2658
0"
#2659
1"
b0010 &
#2660
0"
#2661
1"
b0011 &
#2662
0"
#2663
1"
b0100 &
#2664
0"
#2665
1"
b0101 &
#2666
0"
#2667
1"
b0110 &
#2668
0"
#2669
1"
b0111 &
#2670
0"
#2671
1"
b1000 &
#2672
0"
#2673
1"
b1001 &
#2674
0"
#2675
1"
b1010 &
#2676
0"
#2677
1"
b1011 &
#2678
0"
#2679
1"
b1100 &
#2680
0"
#2681
1"
b1101 &
#2682
0"
#2683
1"
b1110 &
#2684
0"
#2685
1"
b1111 &
#2686
0"
#2687
1"
b0000 &
#2688
0"
#2689
1"
b0001 &
#2690
0"
#2691
1"
b0010 &
#2692
0"
#2693
1"
b0011 &
#2694
0"
#2695
1"
b0100 &
#2696
0"
#2697
1"
b0101 &
#2698
0"
#2699
1"
b0110 &
#2700
0"
#2701
1"
b0111 &
#2702
0"
#2703
1"
b1000 &
#2704
0"
#2705
1"
b1001 &
#2706
0"
#2707
1"
b1010 &
#2708
0"
#2709
1"
b1011 &
#2710
0"
#2711
1"
b1100 &
#2712
0"
#2713
1"
b1101 &
#2714
0"
#2715
1"
b1110 &
#2716
0"
#2717
1"
b1111 &
#2718
0"
#2719
1"
b0000 &
#2720
0"
#2721
1"
b0001 &
#2722
0"
#2723
1"
b0010 &
#2724
0"
#2725
1"
b0011 &
#2726
0"
#2727
1"
b0100 &
#2728
0"
#2729
1"
b0101 &
#2730
0"
#2731
1"
b0110 &
#2732
0"
#2733
1"
b0111 &
#2734
0"
#2735
1"
b1000 &
#2736
0"
#2737
1"
b1001 &
#2738
0"
#2739
1"
b1010 &
#2740
0"
#2741
1"
b1011 &
#2742
0"
#2743
1"
b1100 &
#2744
0"
#2745
1"
b1101 &
#2746
0"
#2747
1"
b1110 &
#2748
0"
#2749
1"
b1111 &
#2750
0"
#2751
1"
b0000 &
#2752
0"
#2753
1"
b0001 &
#2754
0"
#2755
1"
b0010 &
#2756
0"
#2757
1"
b0011 &
#2758
0"
#2759
1"
b0100 &
#2760
0"
#2761
1"
b0101 &
#2762
0"
#2763
1"
b0110 &
#2764
0"
#2765
1"
b0111 &
#2766
0"
#2767
1"
b1000 &
#2768
0"
#2769
1"
b1001 &
#2770
0"
#2771
1"
b1010 &
#2772
0"
#2773
1"
b1011 &
#2774
0"
#2775
1"
b1100 &
#2776
0"
#2777
1"
b1101 &
#2778
0"
#2779
1"
b1110 &
#2780
0"
#2781
1"
b1111 &
#2782
0"
#2783
1"
b0000 &
#2784
0"
#2785
1"
b0001 &
#2786
0"
#2787
1"
b0010 &
#2788
0"
#2789
1"
b0011 &
#2790
0"
#2791
1"
b0100 &
#2792
0"
#2793
1"
b0101 &
#2794
0"
#2795
1"
b0110 &
#2796
0"
#2797
1"
b0111 &
#2798
0"
#2799
1"
b1000 &
#2800
0"
#2801
1"
b1001 &
#2802
0"
#2803
1"
b1010 &
#2804
0"
#2805
1"
b1011 &
#2806
0"
#2807
1"
b1100 &
#2808
0"
#2809
1"
b1101 &
#2810
0"
#2811
1"
b1110 &
#2812
0"
#2813
1"
b1111 &
#2814
0"
#2815
1"
b0000 &
#2816
0"
#2817
1"
b0001 &
#2818
0"
#2819
1"
b0010 &
#2820
0"
#2821
1"
b0011 &
#2822
0"
#2823
1"
b0100 &
#2824
0"
#2825
1"
b0101 &
#2826
0"
#2827
1"
b0110 &
#2828
0"
#2829
1"
b0111 &
#2830
0"
#2831
1"
b1000 &
#2832
0"
#2833
1"
b1001 &
#2834
0"
#2835
1"
b1010 &
#2836
0"
#2837
1"
b1011 &
#2838
0"
#2839
1"
b1100 &
#2840
0"
#2841
1"
b1101 &
#2842
0"
#2843
1"
b1110 &
#2844
0"
#2845
1"
b1111 &
#2846
0"
#2847
1"
b0000 &
#2848
0"
#2849
1"
b0001 &
#2850
0"
#2851
1"
b0010 &
#2852
0"
#2853
1"
b0011 &
#2854
0"
#2855
1"
b0100 &
#2856
0"
#2857
1"
b0101 &
#2858
0"
#2859
1"
b0110 &
#2860
0"
#2861
1"
b0111 &
#2862
0"
#2863
1"
b1000 &
#2864
0"
#2865
1"
b1001 &
#2866
0"
#2867
1"
b1010 &
#2868
0"
#2869
1"
b1011 &
#2870
0"
#2871
1"
b1100 &
#2872
0"
#2873
1"
b1101 &
#2874
0"
#2875
1"
b1110 &
#2876
0"
#2877
1"
b1111 &
#2878
0"
#2879
1"
b0000 &
#2880
0"
#2881
1"
b0001 &
#2882
0"
#2883
1"
b0010 &
#2884
0"
#2885
1"
b0011 &
#2886
0"
#2887
1"
b0100 &
#2888
0"
#2889
1"
b0101 &
#2890
0"
#2891
1"
b0110 &
#2892
0"
#2893
1"
b0111 &
#2894
0"
#2895
1"
b1000 &
#2896
0"
#2897
1"
b1001 &
#2898
0"
#2899
1"
b1010 &
#2900
0"
#2901
1"
b1011 &
#2902
0"
#2903
1"
b1100 &
#2904
0"
#2905
1"
b1101 &
#2906
0"
#2907
1"
b1110 &
#2908
0"
#2909
1"
b1111 &
#2910
0"
#2911
1"
b0000 &
#2912
0"
#2913
1"
b0001 &
#2914
0"
#2915
1"
b0010 &
#2916
0"
#2917
1"
b0011 &
#2918
0"
#2919
1"
b0100 &
#2920
0"
#2921
1"
b0101 &
#2922
0"
#2923
1"
b0110 &
#2924
0"
#2925
1"
b0111 &
#2926
0"
#2927
1"
b1000 &
#2928
0"
#2929
1"
b1001 &
#2930
0"
#2931
1"
b1010 &
#2932
0"
#2933
1"
b1011 &
#2934
0"
#2935
1"
b1100 &
#2936
0"
#2937
1"
b1101 &
#2938
0"
#2939
1"
b1110 &
#2940
0"
#2941
1"
b1111 &
#2942
0"
#2943
1"
b0000 &
#2944
0"
#2945
1"
b0001 &
#2946
0"
#2947
1"
b0010 &
#2948
0"
#2949
1"
b0011 &
#2950
0"
#2951
1"
b0100 &
#2952
0"
#2953
1"
b0101 &
#2954
0"
#2955
1"
b0110 &
#2956
0"
#2957
1"
b0111 &
#2958
0"
#2959
1"
b1000 &
#2960
0"
#2961
1"
b1001 &
#2962
0"
#2963
1"
b1010 &
#2964
0"
#2965
1"
b1011 &
#2966
0"
#2967
1"
b1100 &
#2968
0"
#2969
1"
b1101 &
#2970
0"
#2971
1"
b1110 &
#2972
0"
#2973
1"
b1111 &
#2974
0"
#2975
1"
b0000 &
#2976
0"
#2977
1"
b0001 &
#2978
0"
#2979
1"
b0010 &
#2980
0"
#2981
1"
b0011 &
#2982
0"
#2983
1"
b0100 &
#2984
0"
#2985
1"
b0101 &
#2986
0"
#2987
1"
b0110 &
#2988
0"
#2989
1"
b0111 &
#2990
0"
#2991
1"
b1000 &
#2992
0"
#2993
1"
b1001 &
#2994
0"
#2995
1"
b1010 &
#2996
0"
#2997
1"
b1011 &
#2998
0"
#2999
1"
b1100 &
#3000
0"
#3001
1"
b1101 &
#3002
0"
#3003
1"
b1110 &
#3004
0"
#3005
1"
b1111 &
#3006
0"
#3007
1"
b0000 &
#3008
0"
#3009
1"
b0001 &
#3010
0"
#3011
1"
b0010 &
#3012
0"
#3013
1"
b0011 &
#3014
0"
#3015
1"
b0100 &
#3016
0"
#3017
1"
b0101 &
#3018
0"
#3019
1"
b0110 &
#3020
0"
#3021
1"
b0111 &
#3022
0"
#3023
1"
b1000 &
#3024
0"
#3025
1"
b1001 &
#3026
0"
#3027
1"
b1010 &
#3028
0"
#3029
1"
b1011 &
#3030
0"
#3031
1"
b1100 &
#3032
0"
#3033
1"
b1101 &
#3034
0"
#3035
1"
b1110 &
#3036
0"
#3037
1"
b1111 &
#3038
0"
#3039
1"
b0000 &
#3040
0"
#3041
1"
b0001 &
#3042
0"
#3043
1"
b0010 &
#3044
0"
#3045
1"
b0011 &
#3046
0"
#3047
1"
b0100 &
#3048
0"
#3049
1"
b0101 &
#3050
0"
#3051
1"
b0110 &
#3052
0"
#3053
1"
b0111 &
#3054
0"
#3055
1"
b1000 &
#3056
0"
#3057
1"
b1001 &
#3058
0"
#3059
1"
b1010 &
#3060
0"
#3061
1"
b1011 &
#3062
0"
#3063
1"
b1100 &
#3064
0"
#3065
1"
b1101 &
#3066
0"
#3067
1"
b1110 &
#3068
0"
#3069
1"
b1111 &
#3070
0"
#3071
1"
b0000 &
#3072
0"
#3073
1"
b0001 &
#3074
0"
#3075
1"
b0010 &
#3076
0"
#3077
1"
b0011 &
#3078
0"
#3079
1"
b0100 &
#3080
0"
#3081
1"
b0101 &
#3082
0"
#3083
1"
b0110 &
#3084
0"
#3085
1"
b0111 &
#3086
0"
#3087
1"
b1000 &
#3088
0"
#3089
1"
b1001 &
#3090
0"
#3091
1"
b1010 &
#3092
0"
#3093
1"
b1011 &
#3094
0"
#3095
1"
b1100 &
#3096
0"
#3097
1"
b1101 &
#3098
0"
#3099
1"
b1110 &
#3100
0"
#3101
1"
b1111 &
#3102
0"
#3103
1"
b0000 &
#3104
0"
#3105
1"
b0001 &
#3106
0"
#3107
1"
b0010 &
#3108
0"
#3109
1"
b0011 &
#3110
0"
#3111
1"
b0100 &
#3112
0"
#3113
1"
b0101 &
#3114
0"
#3115
1"
b0110 &
#3116
0"
#3117
1"
b0111 &
#3118
0"
#3119
1"
b1000 &
#3120
0"
#3121
1"
b1001 &
#3122
0"
#3123
1"
b1010 &
#3124
0"
#3125
1"
b1011 &
#3126
0"
#3127
1"
b1100 &
#3128
0"
#3129
1"
b1101 &
#3130
0"
#3131
1"
b1110 &
#3132
0"
#3133
1"
b1111 &
#3134
0"
#3135
1"
b0000 &
#3136
0"
#3137
1"
b0001 &
#3138
0"
#3139
1"
b0010 &
#3140
0"
#3141
1"
b0011 &
#3142
0"
#3143
1"
b0100 &
#3144
0"
#3145
1"
b0101 &
#3146
0"
#3147
1"
b0110 &
#3148
0"
#3149
1"
b0111 &
#3150
0"
#3151
1"
b1000 &
#3152
0"
#3153
1"
b1001 &
#3154
0"
#3155
1"
b1010 &
#3156
0"
#3157
1"
b1011 &
#3158
0"
#3159
1"
b1100 &
#3160
0"
#3161
1"
b1101 &
#3162
0"
#3163
1"
b1110 &
#3164
0"
#3165
1"
b1111 &
#3166
0"
#3167
1"
b0000 &
#3168
0"
#3169
1"
b0001 &
#3170
0"
#3171
1"
b0010 &
#3172
0"
#3173
1"
b0011 &
#3174
0"
#3175
1"
b0100 &
#3176
0"
#3177
1"
b0101 &
#3178
0"
#3179
1"
b0110 &
#3180
0"
#3181
1"
b0111 &
#3182
0"
#3183
1"
b1000 &
#3184
0"
#3185
1"
b1001 &
#3186
0"
#3187
1"
b1010 &
#3188
0"
#3189
1"
b1011 &
#3190
0"
#3191
1"
b1100 &
#3192
0"
#3193
1"
b1101 &
#3194
0"
#3195
1"
b1110 &
#3196
0"
#3197
1"
b1111 &
#3198
0"
#3199
1"
b0000 &
#3200
0"
#3201
1"
b0001 &
#3202
0"
#3203
1"
b0010 &
#3204
0"
#3205
1"
b0011 &
#3206
0"
#3207
1"
b0100 &
#3208
0"
#3209
1"
b0101 &
#3210
0"
#3211
1"
b0110 &
#3212
0"
#3213
1"
b0111 &
#3214
0"
#3215
1"
b1000 &
#3216
0"
#3217
1"
b1001 &
#3218
0"
#3219
1"
b1010 &
#3220
0"
#3221
1"
b1011 &
#3222
0"
#3223
1"
b1100 &
#3224
0"
#3225
1"
b1101 &
#3226
0"
#3227
1"
b1110 &
#3228
0"
#3229
1"
b1111 &
#3230
0"
#3231
1"
b0000 &
#3232
0"
#3233
1"
b0001 &
#3234
0"
#3235
1"
b0010 &
#3236
0"
#3237
1"
b0011 &
#3238
0"
#3239
1"
b0100 &
#3240
0"
#3241
1"
b0101 &
#3242
0"
#3243
1"
b0110 &
#3244
0"
#3245
1"
b0111 &
#3246
0"
#3247
1"
b1000 &
#3248
0"
#3249
1"
b1001 &
#3250
0"
#3251
1"
b1010 &
#3252
0"
#3253
1"
b1011 &
#3254
0"
#3255
1"
b1100 &
#3256
0"
#3257
1"
b1101 &
#3258
0"
#3259
1"
b1110 &
#3260
0"
#3261
1"
b1111 &
#3262
0"
#3263
1"
b0000 &
#3264
0"
#3265
1"
b0001 &
#3266
0"
#3267
1"
b0010 &
#3268
0"
#3269
1"
b0011 &
#3270
0"
#3271
1"
b0100 &
#3272
0"
#3273
1"
b0101 &
#3274
0"
#3275
1"
b0110 &
#3276
0"
#3277
1"
b0111 &
#3278
0"
#3279
1"
b1000 &
#3280
0"
#3281
1"
b1001 &
#3282
0"
#3283
1"
b1010 &
#3284
0"
#3285
1"
b1011 &
#3286
0"
#3287
1"
b1100 &
#3288
0"
#3289
1"
b1101 &
#3290
0"
#3291
1"
b1110 &
#3292
0"
#3293
1"
b1111 &
#3294
0"
#3295
1"
b0000 &
#3296
0"
#3297
1"
b0001 &
#3298
0"
#3299
1"
b0010 &
#3300
0"
#3301
1"
b0011 &
#3302
0"
#3303
1"
b0100 &
#3304
0"
#3305
1"
b0101 &
#3306
0"
#3307
1"
b0110 &
#3308
0"
#3309
1"
b0111 &
#3310
0"
#3311
1"
b1000 &
#3312
0"
#3313
1"
b1001 &
#3314
0"
#3315
1"
b1010 &
#3316
0"
#3317
1"
b1011 &
#3318
0"
#3319
1"
b1100 &
#3320
0"
#3321
1"
b1101 &
#3322
0"
#3323
1"
b1110 &
#3324
0"
#3325
1"
b1111 &
#3326
0"
#3327
1"
b0000 &
#3328
0"
#3329
1"
b0001 &
#3330
0"
#3331
1"
b0010 &
#3332
0"
#3333
1"
b0011 &
#3334
0"
#3335
1"
b0100 &
#3336
0"
#3337
1"
b0101 &
#3338
0"
#3339
1"
b0110 &
#3340
0"
#3341
1"
b0111 &
#3342
0"
#3343
1"
b1000 &
#3344
0"
#3345
1"
b1001 &
#3346
0"
#3347
1"
b1010 &
#3348
0"
#3349
1"
b1011 &
#3350
0"
#3351
1"
b1100 &
#3352
0"
#3353
1"
b1101 &
#3354
0"
#3355
1"
b1110 &
#3356
0"
#3357
1"
b1111 &
#3358
0"
#3359
1"
b0000 &
#3360
0"
#3361
1"
b0001 &
#3362
0"
#3363
1"
b0010 &
#3364
0"
#3365
1"
b0011 &
#3366
0"
#3367
1"
b0100 &
#3368
0"
#3369
1"
b0101 &
#3370
0"
#3371
1"
b0110 &
#3372
0"
#3373
1"
b0111 &
#3374
0"
#3375
1"
b1000 &
#3376
0"
#3377
1"
b1001 &
#3378
0"
#3379
1"
b1010 &
#3380
0"
#3381
1"
b1011 &
#3382
0"
#3383
1"
b1100 &
#3384
0"
#3385
1"
b1101 &
#3386
0"
#3387
1"
b1110 &
#3388
0"
#3389
1"
b1111 &
#3390
0"
#3391
1"
b0000 &
#3392
0"
#3393
1"
b0001 &
#3394
0"
#3395
1"
b0010 &
#3396
0"
#3397
1"
b0011 &
#3398
0"
#3399
1"
b0100 &
#3400
0"
#3401
1"
b0101 &
#3402
0"
#3403
1"
b0110 &
#3404
0"
#3405
1"
b0111 &
#3406
0"
#3407
1"
b1000 &
#3408
0"
#3409
1"
b1001 &
#3410
0"
#3411
1"
b1010 &
#3412
0"
#3413
1"
b1011 &
#3414
0"
#3415
1"
b1100 &
#3416
0"
#3417
1"
b1101 &
#3418
0"
#3419
1"
b1110 &
#3420
0"
#3421
1"
b1111 &
#3422
0"
#3423
1"
b0000 &
#3424
0"
#3425
1"
b0001 &
#3426
0"
#3427
1"
b0010 &
#3428
0"
#3429
1"
b0011 &
#3430
0"
#3431
1"
b0100 &
#3432
0"
#3433
1"
b0101 &
#3434
0"
#3435
1"
b0110 &
#3436
0"
#3437
1"
b0111 &
#3438
0"
#3439
1"
b1000 &
#3440
0"
#3441
1"
b1001 &
#3442
0"
#3443
1"
b1010 &
#3444
0"
#3445
1"
b1011 &
#3446
0"
#3447
1"
b1100 &
#3448
0"
#3449
1"
b1101 &
#3450
0"
#3451
1"
b1110 &
#3452
0"
#3453
1"
b1111 &
#3454
0"
#3455
1"
b0000 &
#3456
0"
#3457
1"
b0001 &
#3458
0"
#3459
1"
b0010 &
#3460
0"
#3461
1"
b0011 &
#3462
0"
#3463
1"
b0100 &
#3464
0"
#3465
1"
b0101 &
#3466
0"
#3467
1"
b0110 &
#3468
0"
#3469
1"
b0111 &
#3470
0"
#3471
1"
b1000 &
#3472
0"
#3473
1"
b1001 &
#3474
0"
#3475
1"
b1010 &
#3476
0"
#3477
1"
b1011 &
#3478
0"
#3479
1"
b1100 &
#3480
0"
#3481
1"
b1101 &
#3482
0"
#3483
1"
b1110 &
#3484
0"
#3485
1"
b1111 &
#3486
0"
#3487
1"
b0000 &
#3488
0"
#3489
1"
b0001 &
#3490
0"
#3491
1"
b0010 &
#3492
0"
#3493
1"
b0011 &
#3494
0"
#3495
1"
b0100 &
#3496
0"
#3497
1"
b0101 &
#3498
0"
#3499
1"
b0110 &
#3500
0"
#3501
1"
b0111 &
#3502
0"
#3503
1"
b1000 &
#3504
0"
#3505
1"
b1001 &
#3506
0"
#3507
1"
b1010 &
#3508
0"
#3509
1"
b1011 &
#3510
0"
#3511
1"
b1100 &
#3512
0"
#3513
1"
b1101 &
#3514
0"
#3515
1"
b1110 &
#3516
0"
#3517
1"
b1111 &
#3518
0"
#3519
1"
b0000 &
#3520
0"
#3521
1"
b0001 &
#3522
0"
#3523
1"
b0010 &
#3524
0"
#3525
1"
b0011 &
#3526
0"
#3527
1"
b0100 &
#3528
0"
#3529
1"
b0101 &
#3530
0"
#3531
1"
b0110 &
#3532
0"
#3533
1"
b0111 &
#3534
0"
#3535
1"
b1000 &
#3536
0"
#3537
1"
b1001 &
#3538
0"
#3539
1"
b1010 &
#3540
0"
#3541
1"
b1011 &
#3542
0"
#3543
1"
b1100 &
#3544
0"
#3545
1"
b1101 &
#3546
0"
#3547
1"
b1110 &
#3548
0"
#3549
1"
b1111 &
#3550
0"
#3551
1"
b0000 &
#3552
0"
#3553
1"
b0001 &
#3554
0"
#3555
1"
b0010 &
#3556
0"
#3557
1"
b0011 &
#3558
0"
#3559
1"
b0100 &
#3560
0"
#3561
1"
b0101 &
#3562
0"
#3563
1"
b0110 &
#3564
0"
#3565
1"
b0111 &
#3566
0"
#3567
1"
b1000 &
#3568
0"
#3569
1"
b1001 &
#3570
0"
#3571
1"
b1010 &
#3572
0"
#3573
1"
b1011 &
#3574
0"
#3575
1"
b1100 &
#3576
0"
#3577
1"
b1101 &
#3578
0"
#3579
1"
b1110 &
#3580
0"
#3581
1"
b1111 &
#3582
0"
#3583
1"
b0000 &
#3584
0"
#3585
1"
b0001 &
#3586
0"
#3587
1"
b0010 &
#3588
0"
#3589
1"
b0011 &
#3590
0"
#3591
1"
b0100 &
#3592
0"
#3593
1"
b0101 &
#3594
0"
#3595
1"
b0110 &
#3596
0"
#3597
1"
b0111 &
#3598
0"
#3599
1"
b1000 &
#3600
0"
#3601
1"
b1001 &
#3602
0"
#3603
1"
b1010 &
#3604
0"
#3605
1"
b1011 &
#3606
0"
#3607
1"
b1100 &
#3608
0"
#3609
1"
b1101 &
#3610
0"
#3611
1"
b1110 &
#3612
0"
#3613
1"
b1111 &
#3614
0"
#3615
1"
b0000 &
#3616
0"
#3617
1"
b0001 &
#3618
0"
#3619
1"
b0010 &
#3620
0"
#3621
1"
b0011 &
#3622
0"
#3623
1"
b0100 &
#3624
0"
#3625
1"
b0101 &
#3626
0"
#3627
1"
b0110 &
#3628
0"
#3629
1"
b0111 &
#3630
0"
#3631
1"
b1000 &
#3632
0"
#3633
1"
b1001 &
#3634
0"
#3635
1"
b1010 &
#3636
0"
#3637
1"
b1011 &
#3638
0"
#3639
1"
b1100 &
#3640
0"
#3641
1"
b1101 &
#3642
0"
#3643
1"
b1110 &
#3644
0"
#3645
1"
b1111 &
#3646
0"
#3647
1"
b0000 &
#3648
0"
#3649
1"
b0001 &
#3650
0"
#3651
1"
b0010 &
#3652
0"
#3653
1"
b0011 &
#3654
0"
#3655
1"
b0100 &
#3656
0"
#3657
1"
b0101 &
#3658
0"
#3659
1"
b0110 &
#3660
0"
#3661
1"
b0111 &
#3662
0"
#3663
1"
b1000 &
#3664
0"
#3665
1"
b1001 &
#3666
0"
#3667
1"
b1010 &
#3668
0"
#3669
1"
b1011 &
#3670
0"
#3671
1"
b1100 &
#3672
0"
#3673
1"
b1101 &
#3674
0"
#3675
1"
b1110 &
#3676
0"
#3677
1"
b1111 &
#3678
0"
#3679
1"
b0000 &
#3680
0"
#3681
1"
b0001 &
#3682
0"
#3683
1"
b0010 &
#3684
0"
#3685
1"
b0011 &
#3686
0"
#3687
1"
b0100 &
#3688
0"
#3689
1"
b0101 &
#3690
0"
#3691
1"
b0110 &
#3692
0"
#3693
1"
b0111 &
#3694
0"
#3695
1"
b1000 &
#3696
0"
#3697
1"
b1001 &
#3698
0"
#3699
1"
b1010 &
#3700
0"
#3701
1"
b1011 &
#3702
0"
#3703
1"
b1100 &
#3704
0"
#3705
1"
b1101 &
#3706
0"
#3707
1"
b1110 &
#3708
0"
#3709
1"
b1111 &
#3710
0"
#3711
1"
b0000 &
#3712
0"
#3713
1"
b0001 &
#3714
0"
#3715
1"
b0010 &
#3716
0"
#3717
1"
b0011 &
#3718
0"
#3719
1"
b0100 &
#3720
0"
#3721
1"
b0101 &
#3722
0"
#3723
1"
b0110 &
#3724
0"
#3725
1"
b0111 &
#3726
0"
#3727
1"
b1000 &
#3728
0"
#3729
1"
b1001 &
#3730
0"
#3731
1"
b1010 &
#3732
0"
#3733
1"
b1011 &
#3734
0"
#3735
1"
b1100 &
#3736
0"
#3737
1"
b1101 &
#3738
0"
#3739
1"
b1110 &
#3740
0"
#3741
1"
b1111 &
#3742
0"
#3743
1"
b0000 &
#3744
0"
#3745
1"
b0001 &
#3746
0"
#3747
1"
b0010 &
#3748
0"
#3749
1"
b0011 &
#3750
0"
#3751
1"
b0100 &
#3752
0"
#3753
1"
b0101 &
#3754
0"
#3755
1"
b0110 &
#3756
0"
#3757
1"
b0111 &
#3758
0"
#3759
1"
b1000 &
#3760
0"
#3761
1"
b1001 &
#3762
0"
#3763
1"
b1010 &
#3764
0"
#3765
1"
b1011 &
#3766
0"
#3767
1"
b1100 &
#3768
0"
#3769
1"
b1101 &
#3770
0"
#3771
1"
b1110 &
#3772
0"
#3773
1"
b1111 &
#3774
0"
#3775
1"
b0000 &
#3776
0"
#3777
1"
b0001 &
#3778
0"
#3779
1"
b0010 &
#3780
0"
#3781
1"
b0011 &
#3782
0"
#3783
1"
b0100 &
#3784
0"
#3785
1"
b0101 &
#3786
0"
#3787
1"
b0110 &
#3788
0"
#3789
1"
b0111 &
#3790
0"
#3791
1"
b1000 &
#3792
0"
#3793
1"
b1001 &
#3794
0"
#3795
1"
b1010 &
#3796
0"
#3797
1"
b1011 &
#3798
0"
#3799
1"
b1100 &
#3800
0"
#3801
1"
b1101 &
#3802
0"
#3803
1"
b1110 &
#3804
0"
#3805
1"
b1111 &
#3806
0"
#3807
1"
b0000 &
#3808
0"
#3809
1"
b0001 &
#3810
0"
#3811
1"
b0010 &
#3812
0"
#3813
1"
b0011 &
#3814
0"
#3815
1"
b0100 &
#3816
0"
#3817
1"
b0101 &
#3818
0"
#3819
1"
b0110 &
#3820
0"
#3821
1"
b0111 &
#3822
0"
#3823
1"
b1000 &
#3824
0"
#3825
1"
b1001 &
#3826
0"
#3827
1"
b1010 &
#3828
0"
#3829
1"
b1011 &
#3830
0"
#3831
1"
b1100 &
#3832
0"
#3833
1"
b1101 &
#3834
0"
#3835
1"
b1110 &
#3836
0"
#3837
1"
b1111 &
#3838
0"
#3839
1"
b0000 &
#3840
0"
#3841
1"
b0001 &
#3842
0"
#3843
1"
b0010 &
#3844
0"
#3845
1"
b0011 &
#3846
0"
#3847
1"
b0100 &
#3848
0"
#3849
1"
b0101 &
#3850
0"
#3851
1"
b0110 &
#3852
0"
#3853
1"
b0111 &
#3854
0"
#3855
1"
b1000 &
#3856
0"
#3857
1"
b1001 &
#3858
0"
#3859
1"
b1010 &
#3860
0"
#3861
1"
b1011 &
#3862
0"
#3863
1"
b1100 &
#3864
0"
#3865
1"
b1101 &
#3866
0"
#3867
1"
b1110 &
#3868
0"
#3869
1"
b1111 &
#3870
0"
#3871
1"
b0000 &
#3872
0"
#3873
1"
b0001 &
#3874
0"
#3875
1"
b0010 &
#3876
0"
#3877
1"
b0011 &
#3878
0"
#3879
1"
b0100 &
#3880
0"
#3881
1"
b0101 &
#3882
0"
#3883
1"
b0110 &
#3884
0"
#3885
1"
b0111 &
#3886
0"
#3887
1"
b1000 &
#3888
0"
#3889
1"
b1001 &
#3890
0"
#3891
1"
b1010 &
#3892
0"
#3893
1"
b1011 &
#3894
0"
#3895
1"
b1100 &
#3896
0"
#3897
1"
b1101 &
#3898
0"
#3899
1"
b1110 &
#3900
0"
#3901
1"
b1111 &
#3902
0"
#3903
1"
b0000 &
#3904
0"
#3905
1"
b0001 &
#3906
0"
#3907
1"
b0010 &
#3908
0"
#3909
1"
b0011 &
#3910
0"
#3911
1"
b0100 &
#3912
0"
#3913
1"
b0101 &
#3914
0"
#3915
1"
b0110 &
#3916
0"
#3917
1"
b0111 &
#3918
0"
#3919
1"
b1000 &
#3920
0"
#3921
1"
b1001 &
#3922
0"
#3923
1"
b1010 &
#3924
0"
#3925
1"
b1011 &
#3926
0"
#3927
1"
b1100 &
#3928
0"
#3929
1"
b1101 &
#3930
0"
#3931
1"
b1110 &
#3932
0"
#3933
1"
b1111 &
#3934
0"
#3935
1"
b0000 &
#3936
0"
#3937
1"
b0001 &
#3938
0"
#3939
1"
b0010 &
#3940
0"
#3941
1"
b0011 &
#3942
0"
#3943
1"
b0100 &
#3944
0"
#3945
1"
b0101 &
#3946
0"
#3947
1"
b0110 &
#3948
0"
#3949
1"
b0111 &
#3950
0"
#3951
1"
b1000 &
#3952
0"
#3953
1"
b1001 &
#3954
0"
#3955
1"
b1010 &
#3956
0"
#3957
1"
b1011 &
#3958
0"
#3959
1"
b1100 &
#3960
0"
#3961
1"
b1101 &
#3962
0"
#3963
1"
b1110 &
#3964
0"
#3965
1"
b1111 &
#3966
0"
#3967
1"
b0000 &
#3968
0"
#3969
1"
b0001 &
#3970
0"
#3971
1"
b0010 &
#3972
0"
#3973
1"
b0011 &
#3974
0"
#3975
1"
b0100 &
#3976
0"
#3977
1"
b0101 &
#3978
0"
#3979
1"
b0110 &
#3980
0"
#3981
1"
b0111 &
#3982
0"
#3983
1"
b1000 &
#3984
0"
#3985
1"
b1001 &
#3986
0"
#3987
1"
b1010 &
#3988
0"
#3989
1"
b1011 &
#3990
0"
#3991
1"
b1100 &
#3992
0"
#3993
1"
b1101 &
#3994
0"
#3995
1"
b1110 &
#3996
0"
#3997
1"
b1111 &
#3998
0"
#3999
1"
b0000 &
#4000
0"
#4001
1"
b0001 &
#4002
0"
#4003
1"
b0010 &
#4004
0"
#4005
1"
b0011 &
#4006
0"
#4007
1"
b0100 &
#4008
0"
#4009
1"
b0101 &
#4010
0"
#4011
1"
b0110 &
#4012
0"
#4013
1"
b0111 &
#4014
0"
#4015
1"
b1000 &
#4016
0"
#4017
1"
b1001 &
#4018
0"
#4019
1"
b1010 &
#4020
0"
#4021
1"
b1011 &
#4022
0"
#4023
1"
b1100 &
#4024
0"
#4025
1"
b1101 &
#4026
0"
#4027
1"
b1110 &
#4028
0"
#4029
1"
b1111 &
#4030
0"
#4031
1"
b0000 &
#4032
0"
#4033
1"
b0001 &
#4034
0"
#4035
1"
b0010 &
#4036
0"
#4037
1"
b0011 &
#4038
0"
#4039
1"
b0100 &
#4040
0"
#4041
1"
b0101 &
#4042
0"
#4043
1"
b0110 &
#4044
0"
#4045
1"
b0111 &
#4046
0"
#4047
1"
b1000 &
#4048
0"
#4049
1"
b1001 &
#4050
0"
#4051
1"
b1010 &
#4052
0"
#4053
1"
b1011 &
#4054
0"
#4055
1"
b1100 &
#4056
0"
#4057
1"
b1101 &
#4058
0"
#4059
1"
b1110 &
#4060
0"
#4061
1"
b1111 &
#4062
0"
#4063
1"
b0000 &
#4064
0"
#4065
1"
b0001 &
#4066
0"
#4067
1"
b0010 &
#4068
0"
#4069
1"
b0011 &
#4070
0"
#4071
1"
b0100 &
#4072
0"
#4073
1"
b0101 &
#4074
0"
#4075
1"
b0110 &
#4076
0"
#4077
1"
b0111 &
#4078
0"
#4079
1"
b1000 &
#4080
0"
#4081
1"
b1001 &
#4082
0"
#4083
1"
b1010 &
#4084
0"
#4085
1"
b1011 &
#4086
0"
#4087
1"
b1100 &
#4088
0"
#4089
1"
b1101 &
#4090
0"
#4091
1"
b1110 &
#4092
0"
#4093
1"
b1111 &
#4094
0"
#4095
1"
b0000 &
#4096
0"
#4097
1"
b0001 &
#4098
0"
#4099
1"
b0010 &
#4100
0"
#4101
1"
b0011 &
#4102
0"
#4103
1"
b0100 &
#4104
0"
#4105
1"
b0101 &
#4106
0"
#4107
1"
b0110 &
#4108
0"
#4109
1"
b0111 &
#4110
0"
#4111
1"
b1000 &
#4112
0"
#4113
1"
b1001 &
#4114
0"
#4115
1"
b1010 &
#4116
0"
#4117
1"
b1011 &
#4118
0"
#4119
1"
b1100 &
#4120
0"
#4121
1"
b1101 &
#4122
0"
#4123
1"
b1110 &
#4124
0"
#4125
1"
b1111 &
#4126
0"
#4127
1"
b0000 &
#4128
0"
#4129
1"
b0001 &
#4130
0"
#4131
1"
b0010 &
#4132
0"
#4133
1"
b0011 &
#4134
0"
#4135
1"
b0100 &
#4136
0"
#4137
1"
b0101 &
#4138
0"
#4139
1"
b0110 &
#4140
0"
#4141
1"
b0111 &
#4142
0"
#4143
1"
b1000 &
#4144
0"
#4145
1"
b1001 &
#4146
0"
#4147
1"
b1010 &
#4148
0"
#4149
1"
b1011 &
#4150
0"
#4151
1"
b1100 &
#4152
0"
#4153
1"
b1101 &
#4154
0"
#4155
1"
b1110 &
#4156
0"
#4157
1"
b1111 &
#4158
0"
#4159
1"
b0000 &
#4160
0"
#4161
1"
b0001 &
#4162
0"
#4163
1"
b0010 &
#4164
0"
#4165
1"
b0011 &
#4166
0"
#4167
1"
b0100 &
#4168
0"
#4169
1"
b0101 &
#4170
0"
#4171
1"
b0110 &
#4172
0"
#4173
1"
b0111 &
#4174
0"
#4175
1"
b1000 &
#4176
0"
#4177
1"
b1001 &
#4178
0"
#4179
1"
b1010 &
#4180
0"
#4181
1"
b1011 &
#4182
0"
#4183
1"
b1100 &
#4184
0"
#4185
1"
b1101 &
#4186
0"
#4187
1"
b1110 &
#4188
0"
#4189
1"
b1111 &
#4190
0"
#4191
1"
b0000 &
#4192
0"
#4193
1"
b0001 &
#4194
0"
#4195
1"
b0010 &
#4196
0"
#4197
1"
b0011 &
#4198
0"
#4199
1"
b0100 &
#4200
0"
#4201
1"
b0101 &
#4202
0"
#4203
1"
b0110 &
#4204
0"
#4205
1"
b0111 &
#4206
0"
#4207
1"
b1000 &
#4208
0"
#4209
1"
b1001 &
#4210
0"
#4211
1"
b1010 &
#4212
0"
#4213
1"
b1011 &
#4214
0"
#4215
1"
b1100 &
#4216
0"
#4217
1"
b1101 &
#4218
0"
#4219
1"
b1110 &
#4220
0"
#4221
1"
b1111 &
#4222
0"
#4223
1"
b0000 &
#4224
0"
#4225
1"
b0001 &
#4226
0"
#4227
1"
b0010 &
#4228
0"
#4229
1"
b0011 &
#4230
0"
#4231
1"
b0100 &
#4232
0"
#4233
1"
b0101 &
#4234
0"
#4235
1"
b0110 &
#4236
0"
#4237
1"
b0111 &
#4238
0"
#4239
1"
b1000 &
#4240
0"
#4241
1"
b1001 &
#4242
0"
#4243
1"
b1010 &
#4244
0"
#4245
1"
b1011 &
#4246
0"
#4247
1"
b1100 &
#4248
0"
#4249
1"
b1101 &
#4250
0"
#4251
1"
b1110 &
#4252
0"
#4253
1"
b1111 &
#4254
0"
#4255
1"
b0000 &
#4256
0"
#4257
1"
b0001 &
#4258
0"
#4259
1"
b0010 &
#4260
0"
#4261
1"
b0011 &
#4262
0"
#4263
1"
b0100 &
#4264
0"
#4265
1"
b0101 &
#4266
0"
#4267
1"
b0110 &
#4268
0"
#4269
1"
b0111 &
#4270
0"
#4271
1"
b1000 &
#4272
0"
#4273
1"
b1001 &
#4274
0"
#4275
1"
b1010 &
#4276
0"
#4277
1"
b1011 &
#4278
0"
#4279
1"
b1100 &
#4280
0"
#4281
1"
b1101 &
#4282
0"
#4283
1"
b1110 &
#4284
0"
#4285
1"
b1111 &
#4286
0"
#4287
1"
b0000 &
#4288
0"
#4289
1"
b0001 &
#4290
0"
#4291
1"
b0010 &
#4292
0"
#4293
1"
b0011 &
#4294
0"
#4295
1"
b0100 &
#4296
0"
#4297
1"
b0101 &
#4298
0"
#4299
1"
b0110 &
#4300
0"
#4301
1"
b0111 &
#4302
0"
#4303
1"
b1000 &
#4304
0"
#4305
1"
b1001 &
#4306
0"
#4307
1"
b1010 &
#4308
0"
#4309
1"
b1011 &
#4310
0"
#4311
1"
b1100 &
#4312
0"
#4313
1"
b1101 &
#4314
0"
#4315
1"
b1110 &
#4316
0"
#4317
1"
b1111 &
#4318
0"
#4319
1"
b0000 &
#4320
0"
#4321
1"
b0001 &
#4322
0"
#4323
1"
b0010 &
#4324
0"
#4325
1"
b0011 &
#4326
0"
#4327
1"
b0100 &
#4328
0"
#4329
1"
b0101 &
#4330
0"
#4331
1"
b0110 &
#4332
0"
#4333
1"
b0111 &
#4334
0"
#4335
1"
b1000 &
#4336
0"
#4337
1"
b1001 &
#4338
0"
#4339
1"
b1010 &
#4340
0"
#4341
1"
b1011 &
#4342
0"
#4343
1"
b1100 &
#4344
0"
#4345
1"
b1101 &
#4346
0"
#4347
1"
b1110 &
#4348
0"
#4349
1"
b1111 &
#4350
0"
#4351
1"
b0000 &
#4352
0"
#4353
1"
b0001 &
#4354
0"
#4355
1"
b0010 &
#4356
0"
#4357
1"
b0011 &
#4358
0"
#4359
1"
b0100 &
#4360
0"
#4361
1"
b0101 &
#4362
0"
#4363
1"
b0110 &
#4364
0"
#4365
1"
b0111 &
#4366
0"
#4367
1"
b1000 &
#4368
0"
#4369
1"
b1001 &
#4370
0"
#4371
1"
b1010 &
#4372
0"
#4373
1"
b1011 &
#4374
0"
#4375
1"
b1100 &
#4376
0"
#4377
1"
b1101 &
#4378
0"
#4379
1"
b1110 &
#4380
0"
#4381
1"
b1111 &
#4382
0"
#4383
1"
b0000 &
#4384
0"
#4385
1"
b0001 &
#4386
0"
#4387
1"
b0010 &
#4388
0"
#4389
1"
b0011 &
#4390
0"
#4391
1"
b0100 &
#4392
0"
#4393
1"
b0101 &
#4394
0"
#4395
1"
b0110 &
#4396
0"
#4397
1"
b0111 &
#4398
0"
#4399
1"
b1000 &
#4400
0"
#4401
1"
b1001 &
#4402
0"
#4403
1"
b1010 &
#4404
0"
#4405
1"
b1011 &
#4406
0"
#4407
1"
b1100 &
#4408
0"
#4409
1"
b1101 &
#4410
0"
#4411
1"
b1110 &
#4412
0"
#4413
1"
b1111 &
#4414
0"
#4415
1"
b0000 &
#4416
0"
#4417
1"
b0001 &
#4418
0"
#4419
1"
b0010 &
#4420
0"
#4421
1"
b0011 &
#4422
0"
#4423
1"
b0100 &
#4424
0"
#4425
1"
b0101 &
#4426
0"
#4427
1"
b0110 &
#4428
0"
#4429
1"
b0111 &
#4430
0"
#4431
1"
b1000 &
#4432
0"
#4433
1"
b1001 &
#4434
0"
#4435
1"
b1010 &
#4436
0"
#4437
1"
b1011 &
#4438
0"
#4439
1"
b1100 &
#4440
0"
#4441
1"
b1101 &
#4442
0"
#4443
1"
b1110 &
#4444
0"
#4445
1"
b1111 &
#4446
0"
#4447
1"
b0000 &
#4448
0"
#4449
1"
b0001 &
#4450
0"
#4451
1"
b0010 &
#4452
0"
#4453
1"
b0011 &
#4454
0"
#4455
1"
b0100 &
#4456
0"
#4457
1"
b0101 &
#4458
0"
#4459
1"
b0110 &
#4460
0"
#4461
1"
b0111 &
#4462
0"
#4463
1"
b1000 &
#4464
0"
#4465
1"
b1001 &
#4466
0"
#4467
1"
b1010 &
#4468
0"
#4469
1"
b1011 &
#4470
0"
#4471
1"
b1100 &
#4472
0"
#4473
1"
b1101 &
#4474
0"
#4475
1"
b1110 &
#4476
0"
#4477
1"
b1111 &
#4478
0"
#4479
1"
b0000 &
#4480
0"
#4481
1"
b0001 &
#4482
0"
#4483
1"
b0010 &
#4484
0"
#4485
1"
b0011 &
#4486
0"
#4487
1"
b0100 &
#4488
0"
#4489
1"
b0101 &
#4490
0"
#4491
1"
b0110 &
#4492
0"
#4493
1"
b0111 &
#4494
0"
#4495
1"
b1000 &
#4496
0"
#4497
1"
b1001 &
#4498
0"
#4499
1"
b1010 &
#4500
0"
#4501
1"
b1011 &
#4502
0"
#4503
1"
b1100 &
#4504
0"
#4505
1"
b1101 &
#4506
0"
#4507
1"
b1110 &
#4508
0"
#4509
1"
b1111 &
#4510
0"
#4511
1"
b0000 &
#4512
0"
#4513
1"
b0001 &
#4514
0"
#4515
1"
b0010 &
#4516
0"
#4517
1"
b0011 &
#4518
0"
#4519
1"
b0100 &
#4520
0"
#4521
1"
b0101 &
#4522
0"
#4523
1"
b0110 &
#4524
0"
#4525
1"
b0111 &
#4526
0"
#4527
1"
b1000 &
#4528
0"
#4529
1"
b1001 &
#4530
0"
#4531
1"
b1010 &
#4532
0"
#4533
1"
b1011 &
#4534
0"
#4535
1"
b1100 &
#4536
0"
#4537
1"
b1101 &
#4538
0"
#4539
1"
b1110 &
#4540
0"
#4541
1"
b1111 &
#4542
0"
#4543
1"
b0000 &
#4544
0"
#4545
1"
b0001 &
#4546
0"
#4547
1"
b0010 &
#4548
0"
#4549
1"
b0011 &
#4550
0"
#4551
1"
b0100 &
#4552
0"
#4553
1"
b0101 &
#4554
0"
#4555
1"
b0110 &
#4556
0"
#4557
1"
b0111 &
#4558
0"
#4559
1"
b1000 &
#4560
0"
#4561
1"
b1001 &
#4562
0"
#4563
1"
b1010 &
#4564
0"
#4565
1"
b1011 &
#4566
0"
#4567
1"
b1100 &
#4568
0"
#4569
1"
b1101 &
#4570
0"
#4571
1"
b1110 &
#4572
0"
#4573
1"
b1111 &
#4574
0"
#4575
1"
b0000 &
#4576
0"
#4577
1"
b0001 &
#4578
0"
#4579
1"
b0010 &
#4580
0"
#4581
1"
b0011 &
#4582
0"
#4583
1"
b0100 &
#4584
0"
#4585
1"
b0101 &
#4586
0"
#4587
1"
b0110 &
#4588
0"
#4589
1"
b0111 &
#4590
0"
#4591
1"
b1000 &
#4592
0"
#4593
1"
b1001 &
#4594
0"
#4595
1"
b1010 &
#4596
0"
#4597
1"
b1011 &
#4598
0"
#4599
1"
b1100 &
#4600
0"
#4601
1"
b1101 &
#4602
0"
#4603
1"
b1110 &
#4604
0"
#4605
1"
b1111 &
#4606
0"
#4607
1"
b0000 &
#4608
0"
#4609
1"
b0001 &
#4610
0"
#4611
1"
b0010 &
#4612
0"
#4613
1"
b0011 &
#4614
0"
#4615
1"
b0100 &
#4616
0"
#4617
1"
b0101 &
#4618
0"
#4619
1"
b0110 &
#4620
0"
#4621
1"
b0111 &
#4622
0"
#4623
1"
b1000 &
#4624
0"
#4625
1"
b1001 &
#4626
0"
#4627
1"
b1010 &
#4628
0"
#4629
1"
b1011 &
#4630
0"
#4631
1"
b1100 &
#4632
0"
#4633
1"
b1101 &
#4634
0"
#4635
1"
b1110 &
#4636
0"
#4637
1"
b1111 &
#4638
0"
#4639
1"
b0000 &
#4640
0"
#4641
1"
b0001 &
#4642
0"
#4643
1"
b0010 &
#4644
0"
#4645
1"
b0011 &
#4646
0"
#4647
1"
b0100 &
#4648
0"
#4649
1"
b0101 &
#4650
0"
#4651
1"
b0110 &
#4652
0"
#4653
1"
b0111 &
#4654
0"
#4655
1"
b1000 &
#4656
0"
#4657
1"
b1001 &
#4658
0"
#4659
1"
b1010 &
#4660
0"
#4661
1"
b1011 &
#4662
0"
#4663
1"
b1100 &
#4664
0"
#4665
1"
b1101 &
#4666
0"
#4667
1"
b1110 &
#4668
0"
#4669
1"
b1111 &
#4670
0"
#4671
1"
b0000 &
#4672
0"
#4673
1"
b0001 &
#4674
0"
#4675
1"
b0010 &
#4676
0"
#4677
1"
b0011 &
#4678
0"
#4679
1"
b0100 &
#4680
0"
#4681
1"
b0101 &
#4682
0"
#4683
1"
b0110 &
#4684
0"
#4685
1"
b0111 &
#4686
0"
#4687
1"
b1000 &
#4688
0"
#4689
1"
b1001 &
#4690
0"
#4691
1"
b1010 &
#4692
0"
#4693
1"
b1011 &
#4694
0"
#4695
1"
b1100 &
#4696
0"
#4697
1"
b1101 &
#4698
0"
#4699
1"
b1110 &
#4700
0"
#4701
1"
b1111 &
#4702
0"
#4703
1"
b0000 &
#4704
0"
#4705
1"
b0001 &
#4706
0"
#4707
1"
b0010 &
#4708
0"
#4709
1"
b0011 &
#4710
0"
#4711
1"
b0100 &
#4712
0"
#4713
1"
b0101 &
#4714
0"
#4715
1"
b0110 &
#4716
0"
#4717
1"
b0111 &
#4718
0"
#4719
1"
b1000 &
#4720
0"
#4721
1"
b1001 &
#4722
0"
#4723
1"
b1010 &
#4724
0"
#4725
1"
b1011 &
#4726
0"
#4727
1"
b1100 &
#4728
0"
#4729
1"
b1101 &
#4730
0"
#4731
1"
b1110 &
#4732
0"
#4733
1"
b1111 &
#4734
0"
#4735
1"
b0000 &
#4736
0"
#4737
1"
b0001 &
#4738
0"
#4739
1"
b0010 &
#4740
0"
#4741
1"
b0011 &
#4742
0"
#4743
1"
b0100 &
#4744
0"
#4745
1"
b0101 &
#4746
0"
#4747
1"
b0110 &
#4748
0"
#4749
1"
b0111 &
#4750
0"
#4751
1"
b1000 &
#4752
0"
#4753
1"
b1001 &
#4754
0"
#4755
1"
b1010 &
#4756
0"
#4757
1"
b1011 &
#4758
0"
#4759
1"
b1100 &
#4760
0"
#4761
1"
b1101 &
#4762
0"
#4763
1"
b1110 &
#4764
0"
#4765
1"
b1111 &
#4766
0"
#4767
1"
b0000 &
#4768
0"
#4769
1"
b0001 &
#4770
0"
#4771
1"
b0010 &
#4772
0"
#4773
1"
b0011 &
#4774
0"
#4775
1"
b0100 &
#4776
0"
#4777
1"
b0101 &
#4778
0"
#4779
1"
b0110 &
#4780
0"
#4781
1"
b0111 &
#4782
0"
#4783
1"
b1000 &
#4784
0"
#4785
1"
b1001 &
#4786
0"
#4787
1"
b1010 &
#4788
0"
#4789
1"
b1011 &
#4790
0"
#4791
1"
b1100 &
#4792
0"
#4793
1"
b1101 &
#4794
0"
#4795
1"
b1110 &
#4796
0"
#4797
1"
b1111 &
#4798
0"
#4799
1"
b0000 &
#4800
0"
#4801
1"
b0001 &
#4802
0"
#4803
1"
b0010 &
#4804
0"
#4805
1"
b0011 &
#4806
0"
#4807
1"
b0100 &
#4808
0"
#4809
1"
b0101 &
#4810
0"
#4811
1"
b0110 &
#4812
0"
#4813
1"
b0111 &
#4814
0"
#4815
1"
b1000 &
#4816
0"
#4817
1"
b1001 &
#4818
0"
#4819
1"
b1010 &
#4820
0"
#4821
1"
b1011 &
#4822
0"
#4823
1"
b1100 &
#4824
0"
#4825
1"
b1101 &
#4826
0"
#4827
1"
b1110 &
#4828
0"
#4829
1"
b1111 &
#4830
0"
#4831
1"
b0000 &
#4832
0"
#4833
1"
b0001 &
#4834
0"
#4835
1"
b0010 &
#4836
0"
#4837
1"
b0011 &
#4838
0"
#4839
1"
b0100 &
#4840
0"
#4841
1"
b0101 &
#4842
0"
#4843
1"
b0110 &
#4844
0"
#4845
1"
b0111 &
#4846
0"
#4847
1"
b1000 &
#4848
0"
#4849
1"
b1001 &
#4850
0"
#4851
1"
b1010 &
#4852
0"
#4853
1"
b1011 &
#4854
0"
#4855
1"
b1100 &
#4856
0"
#4857
1"
b1101 &
#4858
0"
#4859
1"
b1110 &
#4860
0"
#4861
1"
b1111 &
#4862
0"
#4863
1"
b0000 &
#4864
0"
#4865
1"
b0001 &
#4866
0"
#4867
1"
b0010 &
#4868
0"
#4869
1"
b0011 &
#4870
0"
#4871
1"
b0100 &
#4872
0"
#4873
1"
b0101 &
#4874
0"
#4875
1"
b0110 &
#4876
0"
#4877
1"
b0111 &
#4878
0"
#4879
1"
b1000 &
#4880
0"
#4881
1"
b1001 &
#4882
0"
#4883
1"
b1010 &
#4884
0"
#4885
1"
b1011 &
#4886
0"
#4887
1"
b1100 &
#4888
0"
#4889
1"
b1101 &
#4890
0"
#4891
1"
b1110 &
#4892
0"
#4893
1"
b1111 &
#4894
0"
#4895
1"
b0000 &
#4896
0"
#4897
1"
b0001 &
#4898
0"
#4899
1"
b0010 &
#4900
0"
#4901
1"
b0011 &
#4902
0"
#4903
1"
b0100 &
#4904
0"
#4905
1"
b0101 &
#4906
0"
#4907
1"
b0110 &
#4908
0"
#4909
1"
b0111 &
#4910
0"
#4911
1"
b1000 &
#4912
0"
#4913
1"
b1001 &
#4914
0"
#4915
1"
b1010 &
#4916
0"
#4917
1"
b1011 &
#4918
0"
#4919
1"
b1100 &
#4920
0"
#4921
1"
b1101 &
#4922
0"
#4923
1"
b1110 &
#4924
0"
#4925
1"
b1111 &
#4926
0"
#4927
1"
b0000 &
#4928
0"
#4929
1"
b0001 &
#4930
0"
#4931
1"
b0010 &
#4932
0"
#4933
1"
b0011 &
#4934
0"
#4935
1"
b0100 &
#4936
0"
#4937
1"
b0101 &
#4938
0"
#4939
1"
b0110 &
#4940
0"
#4941
1"
b0111 &
#4942
0"
#4943
1"
b1000 &
#4944
0"
#4945
1"
b1001 &
#4946
0"
#4947
1"
b1010 &
#4948
0"
#4949
1"
b1011 &
#4950
0"
#4951
1"
b1100 &
#4952
0"
#4953
1"
b1101 &
#4954
0"
#4955
1"
b1110 &
#4956
0"
#4957
1"
b1111 &
#4958
0"
#4959
1"
b0000 &
#4960
0"
#4961
1"
b0001 &
#4962
0"
#4963
1"
b0010 &
#4964
0"
#4965
1"
b0011 &
#4966
0"
#4967
1"
b0100 &
#4968
0"
#4969
1"
b0101 &
#4970
0"
#4971
1"
b0110 &
#4972
0"
#4973
1"
b0111 &
#4974
0"
#4975
1"
b1000 &
#4976
0"
#4977
1"
b1001 &
#4978
0"
#4979
1"
b1010 &
#4980
0"
#4981
1"
b1011 &
#4982
0"
#4983
1"
b1100 &
#4984
0"
#4985
1"
b1101 &
#4986
0"
#4987
1"
b1110 &
#4988
0"
#4989
1"
b1111 &
#4990
0"
#4991
1"
b0000 &
#4992
0"
#4993
1"
b0001 &
#4994
0"
#4995
1"
b0010 &
#4996
0"
#4997
1"
b0011 &
#4998
0"
#4999
1"
b0100 &
#5000
0"
#5001
1"
b0101 &
#5002
0"
#5003
1"
b0110 &
#5004
0"
#5005
1"
b0111 &
#5006
0"
#5007
1"
b1000 &
#5008
0"
#5009
1"
b1001 &
#5010
0"
#5011
1"
b1010 &
#5012
0"
#5013
1"
b1011 &
#5014
0"
#5015
1"
b1100 &
#5016
0"
#5017
1"
b1101 &
#5018
0"
#5019
1"
b1110 &
#5020
0"
#5021
1"
b1111 &
#5022
0"
#5023
1"
b0000 &
#5024
0"
#5025
1"
b0001 &
#5026
0"
#5027
1"
b0010 &
#5028
0"
#5029
1"
b0011 &
#5030
0"
#5031
1"
b0100 &
#5032
0"
#5033
1"
b0101 &
#5034
0"
#5035
1"
b0110 &
#5036
0"
#5037
1"
b0111 &
#5038
0"
#5039
1"
b1000 &
#5040
0"
#5041
1"
b1001 &
#5042
0"
#5043
1"
b1010 &
#5044
0"
#5045
1"
b1011 &
#5046
0"
#5047
1"
b1100 &
#5048
0"
#5049
1"
b1101 &
#5050
0"
#5051
1"
b1110 &
#5052
0"
#5053
1"
b1111 &
#5054
0"
#5055
1"
b0000 &
#5056
0"
#5057
1"
b0001 &
#5058
0"
#5059
1"
b0010 &
#5060
0"
#5061
1"
b0011 &
#5062
0"
#5063
1"
b0100 &
#5064
0"
#5065
1"
b0101 &
#5066
0"
#5067
1"
b0110 &
#5068
0"
#5069
1"
b0111 &
#5070
0"
#5071
1"
b1000 &
#5072
0"
#5073
1"
b1001 &
#5074
0"
#5075
1"
b1010 &
#5076
0"
#5077
1"
b1011 &
#5078
0"
#5079
1"
b1100 &
#5080
0"
#5081
1"
b1101 &
#5082
0"
#5083
1"
b1110 &
#5084
0"
#5085
1"
b1111 &
#5086
0"
#5087
1"
b0000 &
#5088
0"
#5089
1"
b0001 &
#5090
0"
#5091
1"
b0010 &
#5092
0"
#5093
1"
b0011 &
#5094
0"
#5095
1"
b0100 &
#5096
0"
#5097
1"
b0101 &
#5098
0"
#5099
1"
b0110 &
#5100
0"
#5101
1"
b0111 &
#5102
0"
#5103
1"
b1000 &
#5104
0"
#5105
1"
b1001 &
#5106
0"
#5107
1"
b1010 &
#5108
0"
#5109
1"
b1011 &
#5110
0"
#5111
1"
b1100 &
#5112
0"
#5113
1"
b1101 &
#5114
0"
#5115
1"
b1110 &
#5116
0"
#5117
1"
b1111 &
#5118
0"
#5119
1"
b0000 &
#5120
0"
#5121
1"
b0001 &
#5122
0"
#5123
1"
b0010 &
#5124
0"
#5125
1"
b0011 &
#5126
0"
#5127
1"
b0100 &
#5128
0"
#5129
1"
b0101 &
#5130
0"
#5131
1"
b0110 &
#5132
0"
#5133
1"
b0111 &
#5134
0"
#5135
1"
b1000 &
#5136
0"
#5137
1"
b1001 &
#5138
0"
#5139
1"
b1010 &
#5140
0"
#5141
1"
b1011 &
#5142
0"
#5143
1"
b1100 &
#5144
0"
#5145
1"
b1101 &
#5146
0"
#5147
1"
b1110 &
#5148
0"
#5149
1"
b1111 &
#5150
0"
#5151
1"
b0000 &
#5152
0"
#5153
1"
b0001 &
#5154
0"
#5155
1"
b0010 &
#5156
0"
#5157
1"
b0011 &
#5158
0"
#5159
1"
b0100 &
#5160
0"
#5161
1"
b0101 &
#5162
0"
#5163
1"
b0110 &
#5164
0"
#5165
1"
b0111 &
#5166
0"
#5167
1"
b1000 &
#5168
0"
#5169
1"
b1001 &
#5170
0"
#5171
1"
b1010 &
#5172
0"
#5173
1"
b1011 &
#5174
0"
#5175
1"
b1100 &
#5176
0"
#5177
1"
b1101 &
#5178
0"
#5179
1"
b1110 &
#5180
0"
#5181
1"
b1111 &
#5182
0"
#5183
1"
b0000 &
#5184
0"
#5185
1"
b0001 &
#5186
0"
#5187
1"
b0010 &
#5188
0"
#5189
1"
b0011 &
#5190
0"
#5191
1"
b0100 &
#5192
0"
#5193
1"
b0101 &
#5194
0"
#5195
1"
b0110 &
#5196
0"
#5197
1"
b0111 &
#5198
0"
#5199
1"
b1000 &
#5200
0"
#5201
1"
b1001 &
#5202
0"
#5203
1"
b1010 &
#5204
0"
#5205
1"
b1011 &
#5206
0"
#5207
1"
b1100 &
#5208
0"
#5209
1"
b1101 &
#5210
0"
#5211
1"
b1110 &
#5212
0"
#5213
1"
b1111 &
#5214
0"
#5215
1"
b0000 &
#5216
0"
#5217
1"
b0001 &
#5218
0"
#5219
1"
b0010 &
#5220
0"
#5221
1"
b0011 &
#5222
0"
#5223
1"
b0100 &
#5224
0"
#5225
1"
b0101 &
#5226
0"
#5227
1"
b0110 &
#5228
0"
#5229
1"
b0111 &
#5230
0"
#5231
1"
b1000 &
#5232
0"
#5233
1"
b1001 &
#5234
0"
#5235
1"
b1010 &
#5236
0"
#5237
1"
b1011 &
#5238
0"
#5239
1"
b1100 &
#5240
0"
#5241
1"
b1101 &
#5242
0"
#5243
1"
b1110 &
#5244
0"
#5245
1"
b1111 &
#5246
0"
#5247
1"
b0000 &
#5248
0"
#5249
1"
b0001 &
#5250
0"
#5251
1"
b0010 &
#5252
0"
#5253
1"
b0011 &
#5254
0"
#5255
1"
b0100 &
#5256
0"
#5257
1"
b0101 &
#5258
0"
#5259
1"
b0110 &
#5260
0"
#5261
1"
b0111 &
#5262
0"
#5263
1"
b1000 &
#5264
0"
#5265
1"
b1001 &
#5266
0"
#5267
1"
b1010 &
#5268
0"
#5269
1"
b1011 &
#5270
0"
#5271
1"
b1100 &
#5272
0"
#5273
1"
b1101 &
#5274
0"
#5275
1"
b1110 &
#5276
0"
#5277
1"
b1111 &
#5278
0"
#5279
1"
b0000 &
#5280
0"
#5281
1"
b0001 &
#5282
0"
#5283
1"
b0010 &
#5284
0"
#5285
1"
b0011 &
#5286
0"
#5287
1"
b0100 &
#5288
0"
#5289
1"
b0101 &
#5290
0"
#5291
1"
b0110 &
#5292
0"
#5293
1"
b0111 &
#5294
0"
#5295
1"
b1000 &
#5296
0"
#5297
1"
b1001 &
#5298
0"
#5299
1"
b1010 &
#5300
0"
#5301
1"
b1011 &
#5302
0"
#5303
1"
b1100 &
#5304
0"
#5305
1"
b1101 &
#5306
0"
#5307
1"
b1110 &
#5308
0"
#5309
1"
b1111 &
#5310
0"
#5311
1"
b0000 &
#5312
0"
#5313
1"
b0001 &
#5314
0"
#5315
1"
b0010 &
#5316
0"
#5317
1"
b0011 &
#5318
0"
#5319
1"
b0100 &
#5320
0"
#5321
1"
b0101 &
#5322
0"
#5323
1"
b0110 &
#5324
0"
#5325
1"
b0111 &
#5326
0"
#5327
1"
b1000 &
#5328
0"
#5329
1"
b1001 &
#5330
0"
#5331
1"
b1010 &
#5332
0"
#5333
1"
b1011 &
#5334
0"
#5335
1"
b1100 &
#5336
0"
#5337
1"
b1101 &
#5338
0"
#5339
1"
b1110 &
#5340
0"
#5341
1"
b1111 &
#5342
0"
#5343
1"
b0000 &
#5344
0"
#5345
1"
b0001 &
#5346
0"
#5347
1"
b0010 &
#5348
0"
#5349
1"
b0011 &
#5350
0"
#5351
1"
b0100 &
#5352
0"
#5353
1"
b0101 &
#5354
0"
#5355
1"
b0110 &
#5356
0"
#5357
1"
b0111 &
#5358
0"
#5359
1"
b1000 &
#5360
0"
#5361
1"
b1001 &
#5362
0"
#5363
1"
b1010 &
#5364
0"
#5365
1"
b1011 &
#5366
0"
#5367
1"
b1100 &
#5368
0"
#5369
1"
b1101 &
#5370
0"
#5371
1"
b1110 &
#5372
0"
#5373
1"
b1111 &
#5374
0"
#5375
1"
b0000 &
#5376
0"
#5377
1"
b0001 &
#5378
0"
#5379
1"
b0010 &
#5380
0"
#5381
1"
b0011 &
#5382
0"
#5383
1"
b0100 &
#5384
0"
#5385
1"
b0101 &
#5386
0"
#5387
1"
b0110 &
#5388
0"
#5389
1"
b0111 &
#5390
0"
#5391
1"
b1000 &
#5392
0"
#5393
1"
b1001 &
#5394
0"
#5395
1"
b1010 &
#5396
0"
#5397
1"
b1011 &
#5398
0"
#5399
1"
b1100 &
#5400
0"
#5401
1"
b1101 &
#5402
0"
#5403
1"
b1110 &
#5404
0"
#5405
1"
b1111 &
#5406
0"
#5407
1"
b0000 &
#5408
0"
#5409
1"
b0001 &
#5410
0"
#5411
1"
b0010 &
#5412
0"
#5413
1"
b0011 &
#5414
0"
#5415
1"
b0100 &
#5416
0"
#5417
1"
b0101 &
#5418
0"
#5419
1"
b0110 &
#5420
0"
#5421
1"
b0111 &
#5422
0"
#5423
1"
b1000 &
#5424
0"
#5425
1"
b1001 &
#5426
0"
#5427
1"
b1010 &
#5428
0"
#5429
1"
b1011 &
#5430
0"
#5431
1"
b1100 &
#5432
0"
#5433
1"
b1101 &
#5434
0"
#5435
1"
b1110 &
#5436
0"
#5437
1"
b1111 &
#5438
0"
#5439
1"
b0000 &
#5440
0"
#5441
1"
b0001 &
#5442
0"
#5443
1"
b0010 &
#5444
0"
#5445
1"
b0011 &
#5446
0"
#5447
1"
b0100 &
#5448
0"
#5449
1"
b0101 &
#5450
0"
#5451
1"
b0110 &
#5452
0"
#5453
1"
b0111 &
#5454
0"
#5455
1"
b1000 &
#5456
0"
#5457
1"
b1001 &
#5458
0"
#5459
1"
b1010 &
#5460
0"
#5461
1"
b1011 &
#5462
0"
#5463
1"
b1100 &
#5464
0"
#5465
1"
b1101 &
#5466
0"
#5467
1"
b1110 &
#5468
0"
#5469
1"
b1111 &
#5470
0"
#5471
1"
b0000 &
#5472
0"
#5473
1"
b0001 &
#5474
0"
#5475
1"
b0010 &
#5476
0"
#5477
1"
b0011 &
#5478
0"
#5479
1"
b0100 &
#5480
0"
#5481
1"
b0101 &
#5482
0"
#5483
1"
b0110 &
#5484
0"
#5485
1"
b0111 &
#5486
0"
#5487
1"
b1000 &
#5488
0"
#5489
1"
b1001 &
#5490
0"
#5491
1"
b1010 &
#5492
0"
#5493
1"
b1011 &
#5494
0"
#5495
1"
b1100 &
#5496
0"
#5497
1"
b1101 &
#5498
0"
#5499
1"
b1110 &
#5500
0"
#5501
1"
b1111 &
#5502
0"
#5503
1"
b0000 &
#5504
0"
#5505
1"
b0001 &
#5506
0"
#5507
1"
b0010 &
#5508
0"
#5509
1"
b0011 &
#5510
0"
#5511
1"
b0100 &
#5512
0"
#5513
1"
b0101 &
#5514
0"
#5515
1"
b0110 &
#5516
0"
#5517
1"
b0111 &
#5518
0"
#5519
1"
b1000 &
#5520
0"
#5521
1"
b1001 &
#5522
0"
#5523
1"
b1010 &
#5524
0"
#5525
1"
b1011 &
#5526
0"
#5527
1"
b1100 &
#5528
0"
#5529
1"
b1101 &
#5530
0"
#5531
1"
b1110 &
#5532
0"
#5533
1"
b1111 &
#5534
0"
#5535
1"
b0000 &
#5536
0"
#5537
1"
b0001 &
#5538
0"
#5539
1"
b0010 &
#5540
0"
#5541
1"
b0011 &
#5542
0"
#5543
1"
b0100 &
#5544
0"
#5545
1"
b0101 &
#5546
0"
#5547
1"
b0110 &
#5548
0"
#5549
1"
b0111 &
#5550
0"
#5551
1"
b1000 &
#5552
0"
#5553
1"
b1001 &
#5554
0"
#5555
1"
b1010 &
#5556
0"
#5557
1"
b1011 &
#5558
0"
#5559
1"
b1100 &
#5560
0"
#5561
1"
b1101 &
#5562
0"
#5563
1"
b1110 &
#5564
0"
#5565
1"
b1111 &
#5566
0"
#5567
1"
b0000 &
#5568
0"
#5569
1"
b0001 &
#5570
0"
#5571
1"
b0010 &
#5572
0"
#5573
1"
b0011 &
#5574
0"
#5575
1"
b0100 &
#5576
0"
#5577
1"
b0101 &
#5578
0"
#5579
1"
b0110 &
#5580
0"
#5581
1"
b0111 &
#5582
0"
#5583
1"
b1000 &
#5584
0"
#5585
1"
b1001 &
#5586
0"
#5587
1"
b1010 &
#5588
0"
#5589
1"
b1011 &
#5590
0"
#5591
1"
b1100 &
#5592
0"
#5593
1"
b1101 &
#5594
0"
#5595
1"
b1110 &
#5596
0"
#5597
1"
b1111 &
#5598
0"
#5599
1"
b0000 &
#5600
0"
#5601
1"
b0001 &
#5602
0"
#5603
1"
b0010 &
#5604
0"
#5605
1"
b0011 &
#5606
0"
#5607
1"
b0100 &
#5608
0"
#5609
1"
b0101 &
#5610
0"
#5611
1"
b0110 &
#5612
0"
#5613
1"
b0111 &
#5614
0"
#5615
1"
b1000 &
#5616
0"
#5617
1"
b1001 &
#5618
0"
#5619
1"
b1010 &
#5620
0"
#5621
1"
b1011 &
#5622
0"
#5623
1"
b1100 &
#5624
0"
#5625
1"
b1101 &
#5626
0"
#5627
1"
b1110 &
#5628
0"
#5629
1"
b1111 &
#5630
0"
#5631
1"
b0000 &
#5632
0"
#5633
1"
b0001 &
#5634
0"
#5635
1"
b0010 &
#5636
0"
#5637
1"
b0011 &
#5638
0"
#5639
1"
b0100 &
#5640
0"
#5641
1"
b0101 &
#5642
0"
#5643
1"
b0110 &
#5644
0"
#5645
1"
b0111 &
#5646
0"
#5647
1"
b1000 &
#5648
0"
#5649
1"
b1001 &
#5650
0"
#5651
1"
b1010 &
#5652
0"
#5653
1"
b1011 &
#5654
0"
#5655
1"
b1100 &
#5656
0"
#5657
1"
b1101 &
#5658
0"
#5659
1"
b1110 &
#5660
0"
#5661
1"
b1111 &
#5662
0"
#5663
1"
b0000 &
#5664
0"
#5665
1"
b0001 &
#5666
0"
#5667
1"
b0010 &
#5668
0"
#5669
1"
b0011 &
#5670
0"
#5671
1"
b0100 &
#5672
0"
#5673
1"
b0101 &
#5674
0"
#5675
1"
b0110 &
#5676
0"
#5677
1"
b0111 &
#5678
0"
#5679
1"
b1000 &
#5680
0"
#5681
1"
b1001 &
#5682
0"
#5683
1"
b1010 &
#5684
0"
#5685
1"
b1011 &
#5686
0"
#5687
1"
b1100 &
#5688
0"
#5689
1"
b1101 &
#5690
0"
#5691
1"
b1110 &
#5692
0"
#5693
1"
b1111 &
#5694
0"
#5695
1"
b0000 &
#5696
0"
#5697
1"
b0001 &
#5698
0"
#5699
1"
b0010 &
#5700
0"
#5701
1"
b0011 &
#5702
0"
#5703
1"
b0100 &
#5704
0"
#5705
1"
b0101 &
#5706
0"
#5707
1"
b0110 &
#5708
0"
#5709
1"
b0111 &
#5710
0"
#5711
1"
b1000 &
#5712
0"
#5713
1"
b1001 &
#5714
0"
#5715
1"
b1010 &
#5716
0"
#5717
1"
b1011 &
#5718
0"
#5719
1"
b1100 &
#5720
0"
#5721
1"
b1101 &
#5722
0"
#5723
1"
b1110 &
#5724
0"
#5725
1"
b1111 &
#5726
0"
#5727
1"
b0000 &
#5728
0"
#5729
1"
b0001 &
#5730
0"
#5731
1"
b0010 &
#5732
0"
#5733
1"
b0011 &
#5734
0"
#5735
1"
b0100 &
#5736
0"
#5737
1"
b0101 &
#5738
0"
#5739
1"
b0110 &
#5740
0"
#5741
1"
b0111 &
#5742
0"
#5743
1"
b1000 &
#5744
0"
#5745
1"
b1001 &
#5746
0"
#5747
1"
b1010 &
#5748
0"
#5749
1"
b1011 &
#5750
0"
#5751
1"
b1100 &
#5752
0"
#5753
1"
b1101 &
#5754
0"
#5755
1"
b1110 &
#5756
0"
#5757
1"
b1111 &
#5758
0"
#5759
1"
b0000 &
#5760
0"
#5761
1"
b0001 &
#5762
0"
#5763
1"
b0010 &
#5764
0"
#5765
1"
b0011 &
#5766
0"
#5767
1"
b0100 &
#5768
0"
#5769
1"
b0101 &
#5770
0"
#5771
1"
b0110 &
#5772
0"
#5773
1"
b0111 &
#5774
0"
#5775
1"
b1000 &
#5776
0"
#5777
1"
b1001 &
#5778
0"
#5779
1"
b1010 &
#5780
0"
#5781
1"
b1011 &
#5782
0"
#5783
1"
b1100 &
#5784
0"
#5785
1"
b1101 &
#5786
0"
#5787
1"
b1110 &
#5788
0"
#5789
1"
b1111 &
#5790
0"
#5791
1"
b0000 &
#5792
0"
#5793
1"
b0001 &
#5794
0"
#5795
1"
b0010 &
#5796
0"
#5797
1"
b0011 &
#5798
0"
#5799
1"
b0100 &
#5800
0"
#5801
1"
b0101 &
#5802
0"
#5803
1"
b0110 &
#5804
0"
#5805
1"
b0111 &
#5806
0"
#5807
1"
b1000 &
#5808
0"
#5809
1"
b1001 &
#5810
0"
#5811
1"
b1010 &
#5812
0"
#5813
1"
b1011 &
#5814
0"
#5815
1"
b1100 &
#5816
0"
#5817
1"
b1101 &
#5818
0"
#5819
1"
b1110 &
#5820
0"
#5821
1"
b1111 &
#5822
0"
#5823
1"
b0000 &
#5824
0"
#5825
1"
b0001 &
#5826
0"
#5827
1"
b0010 &
#5828
0"
#5829
1"
b0011 &
#5830
0"
#5831
1"
b0100 &
#5832
0"
#5833
1"
b0101 &
#5834
0"
#5835
1"
b0110 &
#5836
0"
#5837
1"
b0111 &
#5838
0"
#5839
1"
b1000 &
#5840
0"
#5841
1"
b1001 &
#5842
0"
#5843
1"
b1010 &
#5844
0"
#5845
1"
b1011 &
#5846
0"
#5847
1"
b1100 &
#5848
0"
#5849
1"
b1101 &
#5850
0"
#5851
1"
b1110 &
#5852
0"
#5853
1"
b1111 &
#5854
0"
#5855
1"
b0000 &
#5856
0"
#5857
1"
b0001 &
#5858
0"
#5859
1"
b0010 &
#5860
0"
#5861
1"
b0011 &
#5862
0"
#5863
1"
b0100 &
#5864
0"
#5865
1"
b0101 &
#5866
0"
#5867
1"
b0110 &
#5868
0"
#5869
1"
b0111 &
#5870
0"
#5871
1"
b1000 &
#5872
0"
#5873
1"
b1001 &
#5874
0"
#5875
1"
b1010 &
#5876
0"
#5877
1"
b1011 &
#5878
0"
#5879
1"
b1100 &
#5880
0"
#5881
1"
b1101 &
#5882
0"
#5883
1"
b1110 &
#5884
0"
#5885
1"
b1111 &
#5886
0"
#5887
1"
b0000 &
#5888
0"
#5889
1"
b0001 &
#5890
0"
#5891
1"
b0010 &
#5892
0"
#5893
1"
b0011 &
#5894
0"
#5895
1"
b0100 &
#5896
0"
#5897
1"
b0101 &
#5898
0"
#5899
1"
b0110 &
#5900
0"
#5901
1"
b0111 &
#5902
0"
#5903
1"
b1000 &
#5904
0"
#5905
1"
b1001 &
#5906
0"
#5907
1"
b1010 &
#5908
0"
#5909
1"
b1011 &
#5910
0"
#5911
1"
b1100 &
#5912
0"
#5913
1"
b1101 &
#5914
0"
#5915
1"
b1110 &
#5916
0"
#5917
1"
b1111 &
#5918
0"
#5919
1"
b0000 &
#5920
0"
#5921
1"
b0001 &
#5922
0"
#5923
1"
b0010 &
#5924
0"
#5925
1"
b0011 &
#5926
0"
#5927
1"
b0100 &
#5928
0"
#5929
1"
b0101 &
#5930
0"
#5931
1"
b0110 &
#5932
0"
#5933
1"
b0111 &
#5934
0"
#5935
1"
b1000 &
#5936
0"
#5937
1"
b1001 &
#5938
0"
#5939
1"
b1010 &
#5940
0"
#5941
1"
b1011 &
#5942
0"
#5943
1"
b1100 &
#5944
0"
#5945
1"
b1101 &
#5946
0"
#5947
1"
b1110 &
#5948
0"
#5949
1"
b1111 &
#5950
0"
#5951
1"
b0000 &
#5952
0"
#5953
1"
b0001 &
#5954
0"
#5955
1"
b0010 &
#5956
0"
#5957
1"
b0011 &
#5958
0"
#5959
1"
b0100 &
#5960
0"
#5961
1"
b0101 &
#5962
0"
#5963
1"
b0110 &
#5964
0"
#5965
1"
b0111 &
#5966
0"
#5967
1"
b1000 &
#5968
0"
#5969
1"
b1001 &
#5970
0"
#5971
1"
b1010 &
#5972
0"
#5973
1"
b1011 &
#5974
0"
#5975
1"
b1100 &
#5976
0"
#5977
1"
b1101 &
#5978
0"
#5979
1"
b1110 &
#5980
0"
#5981
1"
b1111 &
#5982
0"
#5983
1"
b0000 &
#5984
0"
#5985
1"
b0001 &
#5986
0"
#5987
1"
b0010 &
#5988
0"
#5989
1"
b0011 &
#5990
0"
#5991
1"
b0100 &
#5992
0"
#5993
1"
b0101 &
#5994
0"
#5995
1"
b0110 &
#5996
0"
#5997
1"
b0111 &
#5998
0"
#5999
1"
b1000 &
#6000
0"
#6001
1"
b1001 &
#6002
0"
#6003
1"
b1010 &
#6004
0"
#6005
1"
b1011 &
#6006
0"
#6007
1"
b1100 &
#6008
0"
#6009
1"
b1101 &
#6010
0"
#6011
1"
b1110 &
#6012
0"
#6013
1"
b1111 &
#6014
0"
#6015
1"
b0000 &
#6016
0"
#6017
1"
b0001 &
#6018
0"
#6019
1"
b0010 &
#6020
0"
#6021
1"
b0011 &
#6022
0"
#6023
1"
b0100 &
#6024
0"
#6025
1"
b0101 &
#6026
0"
#6027
1"
b0110 &
#6028
0"
#6029
1"
b0111 &
#6030
0"
#6031
1"
b1000 &
#6032
0"
#6033
1"
b1001 &
#6034
0"
#6035
1"
b1010 &
#6036
0"
#6037
1"
b1011 &
#6038
0"
#6039
1"
b1100 &
#6040
0"
#6041
1"
b1101 &
#6042
0"
#6043
1"
b1110 &
#6044
0"
#6045
1"
b1111 &
#6046
0"
#6047
1"
b0000 &
#6048
0"
#6049
1"
b0001 &
#6050
0"
#6051
1"
b0010 &
#6052
0"
#6053
1"
b0011 &
#6054
0"
#6055
1"
b0100 &
#6056
0"
#6057
1"
b0101 &
#6058
0"
#6059
1"
b0110 &
#6060
0"
#6061
1"
b0111 &
#6062
0"
#6063
1"
b1000 &
#6064
0"
#6065
1"
b1001 &
#6066
0"
#6067
1"
b1010 &
#6068
0"
#6069
1"
b1011 &
#6070
0"
#6071
1"
b1100 &
#6072
0"
#6073
1"
b1101 &
#6074
0"
#6075
1"
b1110 &
#6076
0"
#6077
1"
b1111 &
#6078
0"
#6079
1"
b0000 &
#6080
0"
#6081
1"
b0001 &
#6082
0"
#6083
1"
b0010 &
#6084
0"
#6085
1"
b0011 &
#6086
0"
#6087
1"
b0100 &
#6088
0"
#6089
1"
b0101 &
#6090
0"
#6091
1"
b0110 &
#6092
0"
#6093
1"
b0111 &
#6094
0"
#6095
1"
b1000 &
#6096
0"
#6097
1"
b1001 &
#6098
0"
#6099
1"
b1010 &
#6100
0"
#6101
1"
b1011 &
#6102
0"
#6103
1"
b1100 &
#6104
0"
#6105
1"
b1101 &
#6106
0"
#6107
1"
b1110 &
#6108
0"
#6109
1"
b1111 &
#6110
0"
#6111
1"
b0000 &
#6112
0"
#6113
1"
b0001 &
#6114
0"
#6115
1"
b0010 &
#6116
0"
#6117
1"
b0011 &
#6118
0"
#6119
1"
b0100 &
#6120
0"
#6121
1"
b0101 &
#6122
0"
#6123
1"
b0110 &
#6124
0"
#6125
1"
b0111 &
#6126
0"
#6127
1"
b1000 &
#6128
0"
#6129
1"
b1001 &
#6130
0"
#6131
1"
b1010 &
#6132
0"
#6133
1"
b1011 &
#6134
0"
#6135
1"
b1100 &
#6136
0"
#6137
1"
b1101 &
#6138
0"
#6139
1"
b1110 &
#6140
0"
#6141
1"
b1111 &
#6142
0"
#6143
1"
b0000 &
#6144
0"
#6145
1"
b0001 &
#6146
0"
#6147
1"
b0010 &
#6148
0"
#6149
1"
b0011 &
#6150
0"
#6151
1"
b0100 &
#6152
0"
#6153
1"
b0101 &
#6154
0"
#6155
1"
b0110 &
#6156
0"
#6157
1"
b0111 &
#6158
0"
#6159
1"
b1000 &
#6160
0"
#6161
1"
b1001 &
#6162
0"
#6163
1"
b1010 &
#6164
0"
#6165
1"
b1011 &
#6166
0"
#6167
1"
b1100 &
#6168
0"
#6169
1"
b1101 &
#6170
0"
#6171
1"
b1110 &
#6172
0"
#6173
1"
b1111 &
#6174
0"
#6175
1"
b0000 &
#6176
0"
#6177
1"
b0001 &
#6178
0"
#6179
1"
b0010 &
#6180
0"
#6181
1"
b0011 &
#6182
0"
#6183
1"
b0100 &
#6184
0"
#6185
1"
b0101 &
#6186
0"
#6187
1"
b0110 &
#6188
0"
#6189
1"
b0111 &
#6190
0"
#6191
1"
b1000 &
#6192
0"
#6193
1"
b1001 &
#6194
0"
#6195
1"
b1010 &
#6196
0"
#6197
1"
b1011 &
#6198
0"
#6199
1"
b1100 &
#6200
0"
#6201
1"
b1101 &
#6202
0"
#6203
1"
b1110 &
#6204
0"
#6205
1"
b1111 &
#6206
0"
#6207
1"
b0000 &
#6208
0"
#6209
1"
b0001 &
#6210
0"
#6211
1"
b0010 &
#6212
0"
#6213
1"
b0011 &
#6214
0"
#6215
1"
b0100 &
#6216
0"
#6217
1"
b0101 &
#6218
0"
#6219
1"
b0110 &
#6220
0"
#6221
1"
b0111 &
#6222
0"
#6223
1"
b1000 &
#6224
0"
#6225
1"
b1001 &
#6226
0"
#6227
1"
b1010 &
#6228
0"
#6229
1"
b1011 &
#6230
0"
#6231
1"
b1100 &
#6232
0"
#6233
1"
b1101 &
#6234
0"
#6235
1"
b1110 &
#6236
0"
#6237
1"
b1111 &
#6238
0"
#6239
1"
b0000 &
#6240
0"
#6241
1"
b0001 &
#6242
0"
#6243
1"
b0010 &
#6244
0"
#6245
1"
b0011 &
#6246
0"
#6247
1"
b0100 &
#6248
0"
#6249
1"
b0101 &
#6250
0"
#6251
1"
b0110 &
#6252
0"
#6253
1"
b0111 &
#6254
0"
#6255
1"
b1000 &
#6256
0"
#6257
1"
b1001 &
#6258
0"
#6259
1"
b1010 &
#6260
0"
#6261
1"
b1011 &
#6262
0"
#6263
1"
b1100 &
#6264
0"
#6265
1"
b1101 &
#6266
0"
#6267
1"
b1110 &
#6268
0"
#6269
1"
b1111 &
#6270
0"
#6271
1"
b0000 &
#6272
0"
#6273
1"
b0001 &
#6274
0"
#6275
1"
b0010 &
#6276
0"
#6277
1"
b0011 &
#6278
0"
#6279
1"
b0100 &
#6280
0"
#6281
1"
b0101 &
#6282
0"
#6283
1"
b0110 &
#6284
0"
#6285
1"
b0111 &
#6286
0"
#6287
1"
b1000 &
#6288
0"
#6289
1"
b1001 &
#6290
0"
#6291
1"
b1010 &
#6292
0"
#6293
1"
b1011 &
#6294
0"
#6295
1"
b1100 &
#6296
0"
#6297
1"
b1101 &
#6298
0"
#6299
1"
b1110 &
#6300
0"
#6301
1"
b1111 &
#6302
0"
#6303
1"
b0000 &
#6304
0"
#6305
1"
b0001 &
#6306
0"
#6307
1"
b0010 &
#6308
0"
#6309
1"
b0011 &
#6310
0"
#6311
1"
b0100 &
#6312
0"
#6313
1"
b0101 &
#6314
0"
#6315
1"
b0110 &
#6316
0"
#6317
1"
b0111 &
#6318
0"
#6319
1"
b1000 &
#6320
0"
#6321
1"
b1001 &
#6322
0"
#6323
1"
b1010 &
#6324
0"
#6325
1"
b1011 &
#6326
0"
#6327
1"
b1100 &
#6328
0"
#6329
1"
b1101 &
#6330
0"
#6331
1"
b1110 &
#6332
0"
#6333
1"
b1111 &
#6334
0"
#6335
1"
b0000 &
#6336
0"
#6337
1"
b0001 &
#6338
0"
#6339
1"
b0010 &
#6340
0"
#6341
1"
b0011 &
#6342
0"
#6343
1"
b0100 &
#6344
0"
#6345
1"
b0101 &
#6346
0"
#6347
1"
b0110 &
#6348
0"
#6349
1"
b0111 &
#6350
0"
#6351
1"
b1000 &
#6352
0"
#6353
1"
b1001 &
#6354
0"
#6355
1"
b1010 &
#6356
0"
#6357
1"
b1011 &
#6358
0"
#6359
1"
b1100 &
#6360
0"
#6361
1"
b1101 &
#6362
0"
#6363
1"
b1110 &
#6364
0"
#6365
1"
b1111 &
#6366
0"
#6367
1"
b0000 &
#6368
0"
#6369
1"
b0001 &
#6370
0"
#6371
1"
b0010 &
#6372
0"
#6373
1"
b0011 &
#6374
0"
#6375
1"
b0100 &
#6376
0"
#6377
1"
b0101 &
#6378
0"
#6379
1"
b0110 &
#6380
0"
#6381
1"
b0111 &
#6382
0"
#6383
1"
b1000 &
#6384
0"
#6385
1"
b1001 &
#6386
0"
#6387
1"
b1010 &
#6388
0"
#6389
1"
b1011 &
#6390
0"
#6391
1"
b1100 &
#6392
0"
#6393
1"
b1101 &
#6394
0"
#6395
1"
b1110 &
#6396
0"
#6397
1"
b1111 &
#6398
0"
#6399
1"
b0000 &
#6400
0"
#6401
1"
b0001 &
#6402
0"
#6403
1"
b0010 &
#6404
0"
#6405
1"
b0011 &
#6406
0"
#6407
1"
b0100 &
#6408
0"
#6409
1"
b0101 &
#6410
0"
#6411
1"
b0110 &
#6412
0"
#6413
1"
b0111 &
#6414
0"
#6415
1"
b1000 &
#6416
0"
#6417
1"
b1001 &
#6418
0"
#6419
1"
b1010 &
#6420
0"
#6421
1"
b1011 &
#6422
0"
#6423
1"
b1100 &
#6424
0"
#6425
1"
b1101 &
#6426
0"
#6427
1"
b1110 &
#6428
0"
#6429
1"
b1111 &
#6430
0"
#6431
1"
b0000 &
#6432
0"
#6433
1"
b0001 &
#6434
0"
#6435
1"
b0010 &
#6436
0"
#6437
1"
b0011 &
#6438
0"
#6439
1"
b0100 &
#6440
0"
#6441
1"
b0101 &
#6442
0"
#6443
1"
b0110 &
#6444
0"
#6445
1"
b0111 &
#6446
0"
#6447
1"
b1000 &
#6448
0"
#6449
1"
b1001 &
#6450
0"
#6451
1"
b1010 &
#6452
0"
#6453
1"
b1011 &
#6454
0"
#6455
1"
b1100 &
#6456
0"
#6457
1"
b1101 &
#6458
0"
#6459
1"
b1110 &
#6460
0"
#6461
1"
b1111 &
#6462
0"
#6463
1"
b0000 &
#6464
0"
#6465
1"
b0001 &
#6466
0"
#6467
1"
b0010 &
#6468
0"
#6469
1"
b0011 &
#6470
0"
#6471
1"
b0100 &
#6472
0"
#6473
1"
b0101 &
#6474
0"
#6475
1"
b0110 &
#6476
0"
#6477
1"
b0111 &
#6478
0"
#6479
1"
b1000 &
#6480
0"
#6481
1"
b1001 &
#6482
0"
#6483
1"
b1010 &
#6484
0"
#6485
1"
b1011 &
#6486
0"
#6487
1"
b1100 &
#6488
0"
#6489
1"
b1101 &
#6490
0"
#6491
1"
b1110 &
#6492
0"
#6493
1"
b1111 &
#6494
0"
#6495
1"
b0000 &
#6496
0"
#6497
1"
b0001 &
#6498
0"
#6499
1"
b0010 &
#6500
0"
#6501
1"
b0011 &
#6502
0"
#6503
1"
b0100 &
#6504
0"
#6505
1"
b0101 &
#6506
0"
#6507
1"
b0110 &
#6508
0"
#6509
1"
b0111 &
#6510
0"
#6511
1"
b1000 &
#6512
0"
#6513
1"
b1001 &
#6514
0"
#6515
1"
b1010 &
#6516
0"
#6517
1"
b1011 &
#6518
0"
#6519
1"
b1100 &
#6520
0"
#6521
1"
b1101 &
#6522
0"
#6523
1"
b1110 &
#6524
0"
#6525
1"
b1111 &
#6526
0"
#6527
1"
b0000 &
#6528
0"
#6529
1"
b0001 &
#6530
0"
#6531
1"
b0010 &
#6532
0"
#6533
1"
b0011 &
#6534
0"
#6535
1"
b0100 &
#6536
0"
#6537
1"
b0101 &
#6538
0"
#6539
1"
b0110 &
#6540
0"
#6541
1"
b0111 &
#6542
0"
#6543
1"
b1000 &
#6544
0"
#6545
1"
b1001 &
#6546
0"
#6547
1"
b1010 &
#6548
0"
#6549
1"
b1011 &
#6550
0"
#6551
1"
b1100 &
#6552
0"
#6553
1"
b1101 &
#6554
0"
#6555
1"
b1110 &
#6556
0"
#6557
1"
b1111 &
#6558
0"
#6559
1"
b0000 &
#6560
0"
#6561
1"
b0001 &
#6562
0"
#6563
1"
b0010 &
#6564
0"
#6565
1"
b0011 &
#6566
0"
#6567
1"
b0100 &
#6568
0"
#6569
1"
b0101 &
#6570
0"
#6571
1"
b0110 &
#6572
0"
#6573
1"
b0111 &
#6574
0"
#6575
1"
b1000 &
#6576
0"
#6577
1"
b1001 &
#6578
0"
#6579
1"
b1010 &
#6580
0"
#6581
1"
b1011 &
#6582
0"
#6583
1"
b1100 &
#6584
0"
#6585
1"
b1101 &
#6586
0"
#6587
1"
b1110 &
#6588
0"
#6589
1"
b1111 &
#6590
0"
#6591
1"
b0000 &
#6592
0"
#6593
1"
b0001 &
#6594
0"
#6595
1"
b0010 &
#6596
0"
#6597
1"
b0011 &
#6598
0"
#6599
1"
b0100 &
#6600
0"
#6601
1"
b0101 &
#6602
0"
#6603
1"
b0110 &
#6604
0"
#6605
1"
b0111 &
#6606
0"
#6607
1"
b1000 &
#6608
0"
#6609
1"
b1001 &
#6610
0"
#6611
1"
b1010 &
#6612
0"
#6613
1"
b1011 &
#6614
0"
#6615
1"
b1100 &
#6616
0"
#6617
1"
b1101 &
#6618
0"
#6619
1"
b1110 &
#6620
0"
#6621
1"
b1111 &
#6622
0"
#6623
1"
b0000 &
#6624
0"
#6625
1"
b0001 &
#6626
0"
#6627
1"
b0010 &
#6628
0"
#6629
1"
b0011 &
#6630
0"
#6631
1"
b0100 &
#6632
0"
#6633
1"
b0101 &
#6634
0"
#6635
1"
b0110 &
#6636
0"
#6637
1"
b0111 &
#6638
0"
#6639
1"
b1000 &
#6640
0"
#6641
1"
b1001 &
#6642
0"
#6643
1"
b1010 &
#6644
0"
#6645
1"
b1011 &
#6646
0"
#6647
1"
b1100 &
#6648
0"
#6649
1"
b1101 &
#6650
0"
#6651
1"
b1110 &
#6652
0"
#6653
1"
b1111 &
#6654
0"
#6655
1"
b0000 &
#6656
0"
#6657
1"
b0001 &
#6658
0"
#6659
1"
b0010 &
#6660
0"
#6661
1"
b0011 &
#6662
0"
#6663
1"
b0100 &
#6664
0"
#6665
1"
b0101 &
#6666
0"
#6667
1"
b0110 &
#6668
0"
#6669
1"
b0111 &
#6670
0"
#6671
1"
b1000 &
#6672
0"
#6673
1"
b1001 &
#6674
0"
#6675
1"
b1010 &
#6676
0"
#6677
1"
b1011 &
#6678
0"
#6679
1"
b1100 &
#6680
0"
#6681
1"
b1101 &
#6682
0"
#6683
1"
b1110 &
#6684
0"
#6685
1"
b1111 &
#6686
0"
#6687
1"
b0000 &
#6688
0"
#6689
1"
b0001 &
#6690
0"
#6691
1"
b0010 &
#6692
0"
#6693
1"
b0011 &
#6694
0"
#6695
1"
b0100 &
#6696
0"
#6697
1"
b0101 &
#6698
0"
#6699
1"
b0110 &
#6700
0"
#6701
1"
b0111 &
#6702
0"
#6703
1"
b1000 &
#6704
0"
#6705
1"
b1001 &
#6706
0"
#6707
1"
b1010 &
#6708
0"
#6709
1"
b1011 &
#6710
0"
#6711
1"
b1100 &
#6712
0"
#6713
1"
b1101 &
#6714
0"
#6715
1"
b1110 &
#6716
0"
#6717
1"
b1111 &
#6718
0"
#6719
1"
b0000 &
#6720
0"
#6721
1"
b0001 &
#6722
0"
#6723
1"
b0010 &
#6724
0"
#6725
1"
b0011 &
#6726
0"
#6727
1"
b0100 &
#6728
0"
#6729
1"
b0101 &
#6730
0"
#6731
1"
b0110 &
#6732
0"
#6733
1"
b0111 &
#6734
0"
#6735
1"
b1000 &
#6736
0"
#6737
1"
b1001 &
#6738
0"
#6739
1"
b1010 &
#6740
0"
#6741
1"
b1011 &
#6742
0"
#6743
1"
b1100 &
#6744
0"
#6745
1"
b1101 &
#6746
0"
#6747
1"
b1110 &
#6748
0"
#6749
1"
b1111 &
#6750
0"
#6751
1"
b0000 &
#6752
0"
#6753
1"
b0001 &
#6754
0"
#6755
1"
b0010 &
#6756
0"
#6757
1"
b0011 &
#6758
0"
#6759
1"
b0100 &
#6760
0"
#6761
1"
b0101 &
#6762
0"
#6763
1"
b0110 &
#6764
0"
#6765
1"
b0111 &
#6766
0"
#6767
1"
b1000 &
#6768
0"
#6769
1"
b1001 &
#6770
0"
#6771
1"
b1010 &
#6772
0"
#6773
1"
b1011 &
#6774
0"
#6775
1"
b1100 &
#6776
0"
#6777
1"
b1101 &
#6778
0"
#6779
1"
b1110 &
#6780
0"
#6781
1"
b1111 &
#6782
0"
#6783
1"
b0000 &
#6784
0"
#6785
1"
b0001 &
#6786
0"
#6787
1"
b0010 &
#6788
0"
#6789
1"
b0011 &
#6790
0"
#6791
1"
b0100 &
#6792
0"
#6793
1"
b0101 &
#6794
0"
#6795
1"
b0110 &
#6796
0"
#6797
1"
b0111 &
#6798
0"
#6799
1"
b1000 &
#6800
0"
#6801
1"
b1001 &
#6802
0"
#6803
1"
b1010 &
#6804
0"
#6805
1"
b1011 &
#6806
0"
#6807
1"
b1100 &
#6808
0"
#6809
1"
b1101 &
#6810
0"
#6811
1"
b1110 &
#6812
0"
#6813
1"
b1111 &
#6814
0"
#6815
1"
b0000 &
#6816
0"
#6817
1"
b0001 &
#6818
0"
#6819
1"
b0010 &
#6820
0"
#6821
1"
b0011 &
#6822
0"
#6823
1"
b0100 &
#6824
0"
#6825
1"
b0101 &
#6826
0"
#6827
1"
b0110 &
#6828
0"
#6829
1"
b0111 &
#6830
0"
#6831
1"
b1000 &
#6832
0"
#6833
1"
b1001 &
#6834
0"
#6835
1"
b1010 &
#6836
0"
#6837
1"
b1011 &
#6838
0"
#6839
1"
b1100 &
#6840
0"
#6841
1"
b1101 &
#6842
0"
#6843
1"
b1110 &
#6844
0"
#6845
1"
b1111 &
#6846
0"
#6847
1"
b0000 &
#6848
0"
#6849
1"
b0001 &
#6850
0"
#6851
1"
b0010 &
#6852
0"
#6853
1"
b0011 &
#6854
0"
#6855
1"
b0100 &
#6856
0"
#6857
1"
b0101 &
#6858
0"
#6859
1"
b0110 &
#6860
0"
#6861
1"
b0111 &
#6862
0"
#6863
1"
b1000 &
#6864
0"
#6865
1"
b1001 &
#6866
0"
#6867
1"
b1010 &
#6868
0"
#6869
1"
b1011 &
#6870
0"
#6871
1"
b1100 &
#6872
0"
#6873
1"
b1101 &
#6874
0"
#6875
1"
b1110 &
#6876
0"
#6877
1"
b1111 &
#6878
0"
#6879
1"
b0000 &
#6880
0"
#6881
1"
b0001 &
#6882
0"
#6883
1"
b0010 &
#6884
0"
#6885
1"
b0011 &
#6886
0"
#6887
1"
b0100 &
#6888
0"
#6889
1"
b0101 &
#6890
0"
#6891
1"
b0110 &
#6892
0"
#6893
1"
b0111 &
#6894
0"
#6895
1"
b1000 &
#6896
0"
#6897
1"
b1001 &
#6898
0"
#6899
1"
b1010 &
#6900
0"
#6901
1"
b1011 &
#6902
0"
#6903
1"
b1100 &
#6904
0"
#6905
1"
b1101 &
#6906
0"
#6907
1"
b1110 &
#6908
0"
#6909
1"
b1111 &
#6910
0"
#6911
1"
b0000 &
#6912
0"
#6913
1"
b0001 &
#6914
0"
#6915
1"
b0010 &
#6916
0"
#6917
1"
b0011 &
#6918
0"
#6919
1"
b0100 &
#6920
0"
#6921
1"
b0101 &
#6922
0"
#6923
1"
b0110 &
#6924
0"
#6925
1"
b0111 &
#6926
0"
#6927
1"
b1000 &
#6928
0"
#6929
1"
b1001 &
#6930
0"
#6931
1"
b1010 &
#6932
0"
#6933
1"
b1011 &
#6934
0"
#6935
1"
b1100 &
#6936
0"
#6937
1"
b1101 &
#6938
0"
#6939
1"
b1110 &
#6940
0"
#6941
1"
b1111 &
#6942
0"
#6943
1"
b0000 &
#6944
0"
#6945
1"
b0001 &
#6946
0"
#6947
1"
b0010 &
#6948
0"
#6949
1"
b0011 &
#6950
0"
#6951
1"
b0100 &
#6952
0"
#6953
1"
b0101 &
#6954
0"
#6955
1"
b0110 &
#6956
0"
#6957
1"
b0111 &
#6958
0"
#6959
1"
b1000 &
#6960
0"
#6961
1"
b1001 &
#6962
0"
#6963
1"
b1010 &
#6964
0"
#6965
1"
b1011 &
#6966
0"
#6967
1"
b1100 &
#6968
0"
#6969
1"
b1101 &
#6970
0"
#6971
1"
b1110 &
#6972
0"
#6973
1"
b1111 &
#6974
0"
#6975
1"
b0000 &
#6976
0"
#6977
1"
b0001 &
#6978
0"
#6979
1"
b0010 &
#6980
0"
#6981
1"
b0011 &
#6982
0"
#6983
1"
b0100 &
#6984
0"
#6985
1"
b0101 &
#6986
0"
#6987
1"
b0110 &
#6988
0"
#6989
1"
b0111 &
#6990
0"
#6991
1"
b1000 &
#6992
0"
#6993
1"
b1001 &
#6994
0"
#6995
1"
b1010 &
#6996
0"
#6997
1"
b1011 &
#6998
0"
#6999
1"
b1100 &
#7000
0"
#7001
1"
b1101 &
#7002
0"
#7003
1"
b1110 &
#7004
0"
#7005
1"
b1111 &
#7006
0"
#7007
1"
b0000 &
#7008
0"
#7009
1"
b0001 &
#7010
0"
#7011
1"
b0010 &
#7012
0"
#7013
1"
b0011 &
#7014
0"
#7015
1"
b0100 &
#7016
0"
#7017
1"
b0101 &
#7018
0"
#7019
1"
b0110 &
#7020
0"
#7021
1"
b0111 &
#7022
0"
#7023
1"
b1000 &
#7024
0"
#7025
1"
b1001 &
#7026
0"
#7027
1"
b1010 &
#7028
0"
#7029
1"
b1011 &
#7030
0"
#7031
1"
b1100 &
#7032
0"
#7033
1"
b1101 &
#7034
0"
#7035
1"
b1110 &
#7036
0"
#7037
1"
b1111 &
#7038
0"
#7039
1"
b0000 &
#7040
0"
#7041
1"
b0001 &
#7042
0"
#7043
1"
b0010 &
#7044
0"
#7045
1"
b0011 &
#7046
0"
#7047
1"
b0100 &
#7048
0"
#7049
1"
b0101 &
#7050
0"
#7051
1"
b0110 &
#7052
0"
#7053
1"
b0111 &
#7054
0"
#7055
1"
b1000 &
#7056
0"
#7057
1"
b1001 &
#7058
0"
#7059
1"
b1010 &
#7060
0"
#7061
1"
b1011 &
#7062
0"
#7063
1"
b1100 &
#7064
0"
#7065
1"
b1101 &
#7066
0"
#7067
1"
b1110 &
#7068
0"
#7069
1"
b1111 &
#7070
0"
#7071
1"
b0000 &
#7072
0"
#7073
1"
b0001 &
#7074
0"
#7075
1"
b0010 &
#7076
0"
#7077
1"
b0011 &
#7078
0"
#7079
1"
b0100 &
#7080
0"
#7081
1"
b0101 &
#7082
0"
#7083
1"
b0110 &
#7084
0"
#7085
1"
b0111 &
#7086
0"
#7087
1"
b1000 &
#7088
0"
#7089
1"
b1001 &
#7090
0"
#7091
1"
b1010 &
#7092
0"
#7093
1"
b1011 &
#7094
0"
#7095
1"
b1100 &
#7096
0"
#7097
1"
b1101 &
#7098
0"
#7099
1"
b1110 &
#7100
0"
#7101
1"
b1111 &
#7102
0"
#7103
1"
b0000 &
#7104
0"
#7105
1"
b0001 &
#7106
0"
#7107
1"
b0010 &
#7108
0"
#7109
1"
b0011 &
#7110
0"
#7111
1"
b0100 &
#7112
0"
#7113
1"
b0101 &
#7114
0"
#7115
1"
b0110 &
#7116
0"
#7117
1"
b0111 &
#7118
0"
#7119
1"
b1000 &
#7120
0"
#7121
1"
b1001 &
#7122
0"
#7123
1"
b1010 &
#7124
0"
#7125
1"
b1011 &
#7126
0"
#7127
1"
b1100 &
#7128
0"
#7129
1"
b1101 &
#7130
0"
#7131
1"
b1110 &
#7132
0"
#7133
1"
b1111 &
#7134
0"
#7135
1"
b0000 &
#7136
0"
#7137
1"
b0001 &
#7138
0"
#7139
1"
b0010 &
#7140
0"
#7141
1"
b0011 &
#7142
0"
#7143
1"
b0100 &
#7144
0"
#7145
1"
b0101 &
#7146
0"
#7147
1"
b0110 &
#7148
0"
#7149
1"
b0111 &
#7150
0"
#7151
1"
b1000 &
#7152
0"
#7153
1"
b1001 &
#7154
0"
#7155
1"
b1010 &
#7156
0"
#7157
1"
b1011 &
#7158
0"
#7159
1"
b1100 &
#7160
0"
#7161
1"
b1101 &
#7162
0"
#7163
1"
b1110 &
#7164
0"
#7165
1"
b1111 &
#7166
0"
#7167
1"
b0000 &
#7168
0"
#7169
1"
b0001 &
#7170
0"
#7171
1"
b0010 &
#7172
0"
#7173
1"
b0011 &
#7174
0"
#7175
1"
b0100 &
#7176
0"
#7177
1"
b0101 &
#7178
0"
#7179
1"
b0110 &
#7180
0"
#7181
1"
b0111 &
#7182
0"
#7183
1"
b1000 &
#7184
0"
#7185
1"
b1001 &
#7186
0"
#7187
1"
b1010 &
#7188
0"
#7189
1"
b1011 &
#7190
0"
#7191
1"
b1100 &
#7192
0"
#7193
1"
b1101 &
#7194
0"
#7195
1"
b1110 &
#7196
0"
#7197
1"
b1111 &
#7198
0"
#7199
1"
b0000 &
#7200
0"
#7201
1"
b0001 &
#7202
0"
#7203
1"
b0010 &
#7204
0"
#7205
1"
b0011 &
#7206
0"
#7207
1"
b0100 &
#7208
0"
#7209
1"
b0101 &
#7210
0"
#7211
1"
b0110 &
#7212
0"
#7213
1"
b0111 &
#7214
0"
#7215
1"
b1000 &
#7216
0"
#7217
1"
b1001 &
#7218
0"
#7219
1"
b1010 &
#7220
0"
#7221
1"
b1011 &
#7222
0"
#7223
1"
b1100 &
#7224
0"
#7225
1"
b1101 &
#7226
0"
#7227
1"
b1110 &
#7228
0"
#7229
1"
b1111 &
#7230
0"
#7231
1"
b0000 &
#7232
0"
#7233
1"
b0001 &
#7234
0"
#7235
1"
b0010 &
#7236
0"
#7237
1"
b0011 &
#7238
0"
#7239
1"
b0100 &
#7240
0"
#7241
1"
b0101 &
#7242
0"
#7243
1"
b0110 &
#7244
0"
#7245
1"
b0111 &
#7246
0"
#7247
1"
b1000 &
#7248
0"
#7249
1"
b1001 &
#7250
0"
#7251
1"
b1010 &
#7252
0"
#7253
1"
b1011 &
#7254
0"
#7255
1"
b1100 &
#7256
0"
#7257
1"
b1101 &
#7258
0"
#7259
1"
b1110 &
#7260
0"
#7261
1"
b1111 &
#7262
0"
#7263
1"
b0000 &
#7264
0"
#7265
1"
b0001 &
#7266
0"
#7267
1"
b0010 &
#7268
0"
#7269
1"
b0011 &
#7270
0"
#7271
1"
b0100 &
#7272
0"
#7273
1"
b0101 &
#7274
0"
#7275
1"
b0110 &
#7276
0"
#7277
1"
b0111 &
#7278
0"
#7279
1"
b1000 &
#7280
0"
#7281
1"
b1001 &
#7282
0"
#7283
1"
b1010 &
#7284
0"
#7285
1"
b1011 &
#7286
0"
#7287
1"
b1100 &
#7288
0"
#7289
1"
b1101 &
#7290
0"
#7291
1"
b1110 &
#7292
0"
#7293
1"
b1111 &
#7294
0"
#7295
1"
b0000 &
#7296
0"
#7297
1"
b0001 &
#7298
0"
#7299
1"
b0010 &
#7300
0"
#7301
1"
b0011 &
#7302
0"
#7303
1"
b0100 &
#7304
0"
#7305
1"
b0101 &
#7306
0"
#7307
1"
b0110 &
#7308
0"
#7309
1"
b0111 &
#7310
0"
#7311
1"
b1000 &
#7312
0"
#7313
1"
b1001 &
#7314
0"
#7315
1"
b1010 &
#7316
0"
#7317
1"
b1011 &
#7318
0"
#7319
1"
b1100 &
#7320
0"
#7321
1"
b1101 &
#7322
0"
#7323
1"
b1110 &
#7324
0"
#7325
1"
b1111 &
#7326
0"
#7327
1"
b0000 &
#7328
0"
#7329
1"
b0001 &
#7330
0"
#7331
1"
b0010 &
#7332
0"
#7333
1"
b0011 &
#7334
0"
#7335
1"
b0100 &
#7336
0"
#7337
1"
b0101 &
#7338
0"
#7339
1"
b0110 &
#7340
0"
#7341
1"
b0111 &
#7342
0"
#7343
1"
b1000 &
#7344
0"
#7345
1"
b1001 &
#7346
0"
#7347
1"
b1010 &
#7348
0"
#7349
1"
b1011 &
#7350
0"
#7351
1"
b1100 &
#7352
0"
#7353
1"
b1101 &
#7354
0"
#7355
1"
b1110 &
#7356
0"
#7357
1"
b1111 &
#7358
0"
#7359
1"
b0000 &
#7360
0"
#7361
1"
b0001 &
#7362
0"
#7363
1"
b0010 &
#7364
0"
#7365
1"
b0011 &
#7366
0"
#7367
1"
b0100 &
#7368
0"
#7369
1"
b0101 &
#7370
0"
#7371
1"
b0110 &
#7372
0"
#7373
1"
b0111 &
#7374
0"
#7375
1"
b1000 &
#7376
0"
#7377
1"
b1001 &
#7378
0"
#7379
1"
b1010 &
#7380
0"
#7381
1"
b1011 &
#7382
0"
#7383
1"
b1100 &
#7384
0"
#7385
1"
b1101 &
#7386
0"
#7387
1"
b1110 &
#7388
0"
#7389
1"
b1111 &
#7390
0"
#7391
1"
b0000 &
#7392
0"
#7393
1"
b0001 &
#7394
0"
#7395
1"
b0010 &
#7396
0"
#7397
1"
b0011 &
#7398
0"
#7399
1"
b0100 &
#7400
0"
#7401
1"
b0101 &
#7402
0"
#7403
1"
b0110 &
#7404
0"
#7405
1"
b0111 &
#7406
0"
#7407
1"
b1000 &
#7408
0"
#7409
1"
b1001 &
#7410
0"
#7411
1"
b1010 &
#7412
0"
#7413
1"
b1011 &
#7414
0"
#7415
1"
b1100 &
#7416
0"
#7417
1"
b1101 &
#7418
0"
#7419
1"
b1110 &
#7420
0"
#7421
1"
b1111 &
#7422
0"
#7423
1"
b0000 &
#7424
0"
#7425
1"
b0001 &
#7426
0"
#7427
1"
b0010 &
#7428
0"
#7429
1"
b0011 &
#7430
0"
#7431
1"
b0100 &
#7432
0"
#7433
1"
b0101 &
#7434
0"
#7435
1"
b0110 &
#7436
0"
#7437
1"
b0111 &
#7438
0"
#7439
1"
b1000 &
#7440
0"
#7441
1"
b1001 &
#7442
0"
#7443
1"
b1010 &
#7444
0"
#7445
1"
b1011 &
#7446
0"
#7447
1"
b1100 &
#7448
0"
#7449
1"
b1101 &
#7450
0"
#7451
1"
b1110 &
#7452
0"
#7453
1"
b1111 &
#7454
0"
#7455
1"
b0000 &
#7456
0"
#7457
1"
b0001 &
#7458
0"
#7459
1"
b0010 &
#7460
0"
#7461
1"
b0011 &
#7462
0"
#7463
1"
b0100 &
#7464
0"
#7465
1"
b0101 &
#7466
0"
#7467
1"
b0110 &
#7468
0"
#7469
1"
b0111 &
#7470
0"
#7471
1"
b1000 &
#7472
0"
#7473
1"
b1001 &
#7474
0"
#7475
1"
b1010 &
#7476
0"
#7477
1"
b1011 &
#7478
0"
#7479
1"
b1100 &
#7480
0"
#7481
1"
b1101 &
#7482
0"
#7483
1"
b1110 &
#7484
0"
#7485
1"
b1111 &
#7486
0"
#7487
1"
b0000 &
#7488
0"
#7489
1"
b0001 &
#7490
0"
#7491
1"
b0010 &
#7492
0"
#7493
1"
b0011 &
#7494
0"
#7495
1"
b0100 &
#7496
0"
#7497
1"
b0101 &
#7498
0"
#7499
1"
b0110 &
#7500
0"
#7501
1"
b0111 &
#7502
0"
#7503
1"
b1000 &
#7504
0"
#7505
1"
b1001 &
#7506
0"
#7507
1"
b1010 &
#7508
0"
#7509
1"
b1011 &
#7510
0"
#7511
1"
b1100 &
#7512
0"
#7513
1"
b1101 &
#7514
0"
#7515
1"
b1110 &
#7516
0"
#7517
1"
b1111 &
#7518
0"
#7519
1"
b0000 &
#7520
0"
#7521
1"
b0001 &
#7522
0"
#7523
1"
b0010 &
#7524
0"
#7525
1"
b0011 &
#7526
0"
#7527
1"
b0100 &
#7528
0"
#7529
1"
b0101 &
#7530
0"
#7531
1"
b0110 &
#7532
0"
#7533
1"
b0111 &
#7534
0"
#7535
1"
b1000 &
#7536
0"
#7537
1"
b1001 &
#7538
0"
#7539
1"
b1010 &
#7540
0"
#7541
1"
b1011 &
#7542
0"
#7543
1"
b1100 &
#7544
0"
#7545
1"
b1101 &
#7546
0"
#7547
1"
b1110 &
#7548
0"
#7549
1"
b1111 &
#7550
0"
#7551
1"
b0000 &
#7552
0"
#7553
1"
b0001 &
#7554
0"
#7555
1"
b0010 &
#7556
0"
#7557
1"
b0011 &
#7558
0"
#7559
1"
b0100 &
#7560
0"
#7561
1"
b0101 &
#7562
0"
#7563
1"
b0110 &
#7564
0"
#7565
1"
b0111 &
#7566
0"
#7567
1"
b1000 &
#7568
0"
#7569
1"
b1001 &
#7570
0"
#7571
1"
b1010 &
#7572
0"
#7573
1"
b1011 &
#7574
0"
#7575
1"
b1100 &
#7576
0"
#7577
1"
b1101 &
#7578
0"
#7579
1"
b1110 &
#7580
0"
#7581
1"
b1111 &
#7582
0"
#7583
1"
b0000 &
#7584
0"
#7585
1"
b0001 &
#7586
0"
#7587
1"
b0010 &
#7588
0"
#7589
1"
b0011 &
#7590
0"
#7591
1"
b0100 &
#7592
0"
#7593
1"
b0101 &
#7594
0"
#7595
1"
b0110 &
#7596
0"
#7597
1"
b0111 &
#7598
0"
#7599
1"
b1000 &
#7600
0"
#7601
1"
b1001 &
#7602
0"
#7603
1"
b1010 &
#7604
0"
#7605
1"
b1011 &
#7606
0"
#7607
1"
b1100 &
#7608
0"
#7609
1"
b1101 &
#7610
0"
#7611
1"
b1110 &
#7612
0"
#7613
1"
b1111 &
#7614
0"
#7615
1"
b0000 &
#7616
0"
#7617
1"
b0001 &
#7618
0"
#7619
1"
b0010 &
#7620
0"
#7621
1"
b0011 &
#7622
0"
#7623
1"
b0100 &
#7624
0"
#7625
1"
b0101 &
#7626
0"
#7627
1"
b0110 &
#7628
0"
#7629
1"
b0111 &
#7630
0"
#7631
1"
b1000 &
#7632
0"
#7633
1"
b1001 &
#7634
0"
#7635
1"
b1010 &
#7636
0"
#7637
1"
b1011 &
#7638
0"
#7639
1"
b1100 &
#7640
0"
#7641
1"
b1101 &
#7642
0"
#7643
1"
b1110 &
#7644
0"
#7645
1"
b1111 &
#7646
0"
#7647
1"
b0000 &
#7648
0"
#7649
1"
b0001 &
#7650
0"
#7651
1"
b0010 &
#7652
0"
#7653
1"
b0011 &
#7654
0"
#7655
1"
b0100 &
#7656
0"
#7657
1"
b0101 &
#7658
0"
#7659
1"
b0110 &
#7660
0"
#7661
1"
b0111 &
#7662
0"
#7663
1"
b1000 &
#7664
0"
#7665
1"
b1001 &
#7666
0"
#7667
1"
b1010 &
#7668
0"
#7669
1"
b1011 &
#7670
0"
#7671
1"
b1100 &
#7672
0"
#7673
1"
b1101 &
#7674
0"
#7675
1"
b1110 &
#7676
0"
#7677
1"
b1111 &
#7678
0"
#7679
1"
b0000 &
#7680
0"
#7681
1"
b0001 &
#7682
0"
#7683
1"
b0010 &
#7684
0"
#7685
1"
b0011 &
#7686
0"
#7687
1"
b0100 &
#7688
0"
#7689
1"
b0101 &
#7690
0"
#7691
1"
b0110 &
#7692
0"
#7693
1"
b0111 &
#7694
0"
#7695
1"
b1000 &
#7696
0"
#7697
1"
b1001 &
#7698
0"
#7699
1"
b1010 &
#7700
0"
#7701
1"
b1011 &
#7702
0"
#7703
1"
b1100 &
#7704
0"
#7705
1"
b1101 &
#7706
0"
#7707
1"
b1110 &
#7708
0"
#7709
1"
b1111 &
#7710
0"
#7711
1"
b0000 &
#7712
0"
#7713
1"
b0001 &
#7714
0"
#7715
1"
b0010 &
#7716
0"
#7717
1"
b0011 &
#7718
0"
#7719
1"
b0100 &
#7720
0"
#7721
1"
b0101 &
#7722
0"
#7723
1"
b0110 &
#7724
0"
#7725
1"
b0111 &
#7726
0"
#7727
1"
b1000 &
#7728
0"
#7729
1"
b1001 &
#7730
0"
#7731
1"
b1010 &
#7732
0"
#7733
1"
b1011 &
#7734
0"
#7735
1"
b1100 &
#7736
0"
#7737
1"
b1101 &
#7738
0"
#7739
1"
b1110 &
#7740
0"
#7741
1"
b1111 &
#7742
0"
#7743
1"
b0000 &
#7744
0"
#7745
1"
b0001 &
#7746
0"
#7747
1"
b0010 &
#7748
0"
#7749
1"
b0011 &
#7750
0"
#7751
1"
b0100 &
#7752
0"
#7753
1"
b0101 &
#7754
0"
#7755
1"
b0110 &
#7756
0"
#7757
1"
b0111 &
#7758
0"
#7759
1"
b1000 &
#7760
0"
#7761
1"
b1001 &
#7762
0"
#7763
1"
b1010 &
#7764
0"
#7765
1"
b1011 &
#7766
0"
#7767
1"
b1100 &
#7768
0"
#7769
1"
b1101 &
#7770
0"
#7771
1"
b1110 &
#7772
0"
#7773
1"
b1111 &
#7774
0"
#7775
1"
b0000 &
#7776
0"
#7777
1"
b0001 &
#7778
0"
#7779
1"
b0010 &
#7780
0"
#7781
1"
b0011 &
#7782
0"
#7783
1"
b0100 &
#7784
0"
#7785
1"
b0101 &
#7786
0"
#7787
1"
b0110 &
#7788
0"
#7789
1"
b0111 &
#7790
0"
#7791
1"
b1000 &
#7792
0"
#7793
1"
b1001 &
#7794
0"
#7795
1"
b1010 &
#7796
0"
#7797
1"
b1011 &
#7798
0"
#7799
1"
b1100 &
#7800
0"
#7801
1"
b1101 &
#7802
0"
#7803
1"
b1110 &
#7804
0"
#7805
1"
b1111 &
#7806
0"
#7807
1"
b0000 &
#7808
0"
#7809
1"
b0001 &
#7810
0"
#7811
1"
b0010 &
#7812
0"
#7813
1"
b0011 &
#7814
0"
#7815
1"
b0100 &
#7816
0"
#7817
1"
b0101 &
#7818
0"
#7819
1"
b0110 &
#7820
0"
#7821
1"
b0111 &
#7822
0"
#7823
1"
b1000 &
#7824
0"
#7825
1"
b1001 &
#7826
0"
#7827
1"
b1010 &
#7828
0"
#7829
1"
b1011 &
#7830
0"
#7831
1"
b1100 &
#7832
0"
#7833
1"
b1101 &
#7834
0"
#7835
1"
b1110 &
#7836
0"
#7837
1"
b1111 &
#7838
0"
#7839
1"
b0000 &
#7840
0"
#7841
1"
b0001 &
#7842
0"
#7843
1"
b0010 &
#7844
0"
#7845
1"
b0011 &
#7846
0"
#7847
1"
b0100 &
#7848
0"
#7849
1"
b0101 &
#7850
0"
#7851
1"
b0110 &
#7852
0"
#7853
1"
b0111 &
#7854
0"
#7855
1"
b1000 &
#7856
0"
#7857
1"
b1001 &
#7858
0"
#7859
1"
b1010 &
#7860
0"
#7861
1"
b1011 &
#7862
0"
#7863
1"
b1100 &
#7864
0"
#7865
1"
b1101 &
#7866
0"
#7867
1"
b1110 &
#7868
0"
#7869
1"
b1111 &
#7870
0"
#7871
1"
b0000 &
#7872
0"
#7873
1"
b0001 &
#7874
0"
#7875
1"
b0010 &
#7876
0"
#7877
1"
b0011 &
#7878
0"
#7879
1"
b0100 &
#7880
0"
#7881
1"
b0101 &
#7882
0"
#7883
1"
b0110 &
#7884
0"
#7885
1"
b0111 &
#7886
0"
#7887
1"
b1000 &
#7888
0"
#7889
1"
b1001 &
#7890
0"
#7891
1"
b1010 &
#7892
0"
#7893
1"
b1011 &
#7894
0"
#7895
1"
b1100 &
#7896
0"
#7897
1"
b1101 &
#7898
0"
#7899
1"
b1110 &
#7900
0"
#7901
1"
b1111 &
#7902
0"
#7903
1"
b0000 &
#7904
0"
#7905
1"
b0001 &
#7906
0"
#7907
1"
b0010 &
#7908
0"
#7909
1"
b0011 &
#7910
0"
#7911
1"
b0100 &
#7912
0"
#7913
1"
b0101 &
#7914
0"
#7915
1"
b0110 &
#7916
0"
#7917
1"
b0111 &
#7918
0"
#7919
1"
b1000 &
#7920
0"
#7921
1"
b1001 &
#7922
0"
#7923
1"
b1010 &
#7924
0"
#7925
1"
b1011 &
#7926
0"
#7927
1"
b1100 &
#7928
0"
#7929
1"
b1101 &
#7930
0"
#7931
1"
b1110 &
#7932
0"
#7933
1"
b1111 &
#7934
0"
#7935
1"
b0000 &
#7936
0"
#7937
1"
b0001 &
#7938
0"
#7939
1"
b0010 &
#7940
0"
#7941
1"
b0011 &
#7942
0"
#7943
1"
b0100 &
#7944
0"
#7945
1"
b0101 &
#7946
0"
#7947
1"
b0110 &
#7948
0"
#7949
1"
b0111 &
#7950
0"
#7951
1"
b1000 &
#7952
0"
#7953
1"
b1001 &
#7954
0"
#7955
1"
b1010 &
#7956
0"
#7957
1"
b1011 &
#7958
0"
#7959
1"
b1100 &
#7960
0"
#7961
1"
b1101 &
#7962
0"
#7963
1"
b1110 &
#7964
0"
#7965
1"
b1111 &
#7966
0"
#7967
1"
b0000 &
#7968
0"
#7969
1"
b0001 &
#7970
0"
#7971
1"
b0010 &
#7972
0"
#7973
1"
b0011 &
#7974
0"
#7975
1"
b0100 &
#7976
0"
#7977
1"
b0101 &
#7978
0"
#7979
1"
b0110 &
#7980
0"
#7981
1"
b0111 &
#7982
0"
#7983
1"
b1000 &
#7984
0"
#7985
1"
b1001 &
#7986
0"
#7987
1"
b1010 &
#7988
0"
#7989
1"
b1011 &
#7990
0"
#7991
1"
b1100 &
#7992
0"
#7993
1"
b1101 &
#7994
0"
#7995
1"
b1110 &
#7996
0"
#7997
1"
b1111 &
#7998
0"
#7999
1"
b0000 &
#8000
0"
#8001
1"
b0001 &
#8002
0"
#8003
1"
b0010 &
#8004
0"
#8005
1"
b0011 &
#8006
0"
#8007
1"
b0100 &
#8008
0"
#8009
1"
b0101 &
#8010
0"
#8011
1"
b0110 &
#8012
0"
#8013
1"
b0111 &
#8014
0"
#8015
1"
b1000 &
#8016
0"
#8017
1"
b1001 &
#8018
0"
#8019
1"
b1010 &
#8020
0"
#8021
1"
b1011 &
#8022
0"
#8023
1"
b1100 &
#8024
0"
#8025
1"
b1101 &
#8026
0"
#8027
1"
b1110 &
#8028
0"
#8029
1"
b1111 &
#8030
0"
#8031
1"
b0000 &
#8032
0"
#8033
1"
b0001 &
#8034
0"
#8035
1"
b0010 &
#8036
0"
#8037
1"
b0011 &
#8038
0"
#8039
1"
b0100 &
#8040
0"
#8041
1"
b0101 &
#8042
0"
#8043
1"
b0110 &
#8044
0"
#8045
1"
b0111 &
#8046
0"
#8047
1"
b1000 &
#8048
0"
#8049
1"
b1001 &
#8050
0"
#8051
1"
b1010 &
#8052
0"
#8053
1"
b1011 &
#8054
0"
#8055
1"
b1100 &
#8056
0"
#8057
1"
b1101 &
#8058
0"
#8059
1"
b1110 &
#8060
0"
#8061
1"
b1111 &
#8062
0"
#8063
1"
b0000 &
#8064
0"
#8065
1"
b0001 &
#8066
0"
#8067
1"
b0010 &
#8068
0"
#8069
1"
b0011 &
#8070
0"
#8071
1"
b0100 &
#8072
0"
#8073
1"
b0101 &
#8074
0"
#8075
1"
b0110 &
#8076
0"
#8077
1"
b0111 &
#8078
0"
#8079
1"
b1000 &
#8080
0"
#8081
1"
b1001 &
#8082
0"
#8083
1"
b1010 &
#8084
0"
#8085
1"
b1011 &
#8086
0"
#8087
1"
b1100 &
#8088
0"
#8089
1"
b1101 &
#8090
0"
#8091
1"
b1110 &
#8092
0"
#8093
1"
b1111 &
#8094
0"
#8095
1"
b0000 &
#8096
0"
#8097
1"
b0001 &
#8098
0"
#8099
1"
b0010 &
#8100
0"
#8101
1"
b0011 &
#8102
0"
#8103
1"
b0100 &
#8104
0"
#8105
1"
b0101 &
#8106
0"
#8107
1"
b0110 &
#8108
0"
#8109
1"
b0111 &
#8110
0"
#8111
1"
b1000 &
#8112
0"
#8113
1"
b1001 &
#8114
0"
#8115
1"
b1010 &
#8116
0"
#8117
1"
b1011 &
#8118
0"
#8119
1"
b1100 &
#8120
0"
#8121
1"
b1101 &
#8122
0"
#8123
1"
b1110 &
#8124
0"
#8125
1"
b1111 &
#8126
0"
#8127
1"
b0000 &
#8128
0"
#8129
1"
b0001 &
#8130
0"
#8131
1"
b0010 &
#8132
0"
#8133
1"
b0011 &
#8134
0"
#8135
1"
b0100 &
#8136
0"
#8137
1"
b0101 &
#8138
0"
#8139
1"
b0110 &
#8140
0"
#8141
1"
b0111 &
#8142
0"
#8143
1"
b1000 &
#8144
0"
#8145
1"
b1001 &
#8146
0"
#8147
1"
b1010 &
#8148
0"
#8149
1"
b1011 &
#8150
0"
#8151
1"
b1100 &
#8152
0"
#8153
1"
b1101 &
#8154
0"
#8155
1"
b1110 &
#8156
0"
#8157
1"
b1111 &
#8158
0"
#8159
1"
b0000 &
#8160
0"
#8161
1"
b0001 &
#8162
0"
#8163
1"
b0010 &
#8164
0"
#8165
1"
b0011 &
#8166
0"
#8167
1"
b0100 &
#8168
0"
#8169
1"
b0101 &
#8170
0"
#8171
1"
b0110 &
#8172
0"
#8173
1"
b0111 &
#8174
0"
#8175
1"
b1000 &
#8176
0"
#8177
1"
b1001 &
#8178
0"
#8179
1"
b1010 &
#8180
0"
#8181
1"
b1011 &
#8182
0"
#8183
1"
b1100 &
#8184
0"
#8185
1"
b1101 &
#8186
0"
#8187
1"
b1110 &
#8188
0"
#8189
1"
b1111 &
#8190
0"
#8191
1"
b0000 &
#8192
0"
#8193
1"
b0001 &
#8194
0"
#8195
1"
b0010 &
#8196
0"
#8197
1"
b0011 &
#8198
0"
#8199
1"
b0100 &
#8200
0"
#8201
1"
b0101 &
#8202
0"
#8203
1"
b0110 &
#8204
0"
#8205
1"
b0111 &
#8206
0"
#8207
1"
b1000 &
#8208
0"
#8209
1"
b1001 &
#8210
0"
#8211
1"
b1010 &
#8212
0"
#8213
1"
b1011 &
#8214
0"
#8215
1"
b1100 &
#8216
0"
#8217
1"
b1101 &
#8218
0"
#8219
1"
b1110 &
#8220
0"
#8221
1"
b1111 &
#8222
0"
#8223
1"
b0000 &
#8224
0"
#8225
1"
b0001 &
#8226
0"
#8227
1"
b0010 &
#8228
0"
#8229
1"
b0011 &
#8230
0"
#8231
1"
b0100 &
#8232
0"
#8233
1"
b0101 &
#8234
0"
#8235
1"
b0110 &
#8236
0"
#8237
1"
b0111 &
#8238
0"
#8239
1"
b1000 &
#8240
0"
#8241
1"
b1001 &
#8242
0"
#8243
1"
b1010 &
#8244
0"
#8245
1"
b1011 &
#8246
0"
#8247
1"
b1100 &
#8248
0"
#8249
1"
b1101 &
#8250
0"
#8251
1"
b1110 &
#8252
0"
#8253
1"
b1111 &
#8254
0"
#8255
1"
b0000 &
#8256
0"
#8257
1"
b0001 &
#8258
0"
#8259
1"
b0010 &
#8260
0"
#8261
1"
b0011 &
#8262
0"
#8263
1"
b0100 &
#8264
0"
#8265
1"
b0101 &
#8266
0"
#8267
1"
b0110 &
#8268
0"
#8269
1"
b0111 &
#8270
0"
#8271
1"
b1000 &
#8272
0"
#8273
1"
b1001 &
#8274
0"
#8275
1"
b1010 &
#8276
0"
#8277
1"
b1011 &
#8278
0"
#8279
1"
b1100 &
#8280
0"
#8281
1"
b1101 &
#8282
0"
#8283
1"
b1110 &
#8284
0"
#8285
1"
b1111 &
#8286
0"
#8287
1"
b0000 &
#8288
0"
#8289
1"
b0001 &
#8290
0"
#8291
1"
b0010 &
#8292
0"
#8293
1"
b0011 &
#8294
0"
#8295
1"
b0100 &
#8296
0"
#8297
1"
b0101 &
#8298
0"
#8299
1"
b0110 &
#8300
0"
#8301
1"
b0111 &
#8302
0"
#8303
1"
b1000 &
#8304
0"
#8305
1"
b1001 &
#8306
0"
#8307
1"
b1010 &
#8308
0"
#8309
1"
b1011 &
#8310
0"
#8311
1"
b1100 &
#8312
0"
#8313
1"
b1101 &
#8314
0"
#8315
1"
b1110 &
#8316
0"
#8317
1"
b1111 &
#8318
0"
#8319
1"
b0000 &
#8320
0"
#8321
1"
b0001 &
#8322
0"
#8323
1"
b0010 &
#8324
0"
#8325
1"
b0011 &
#8326
0"
#8327
1"
b0100 &
#8328
0"
#8329
1"
b0101 &
#8330
0"
#8331
1"
b0110 &
#8332
0"
#8333
1"
b0111 &
#8334
0"
#8335
1"
b1000 &
#8336
0"
#8337
1"
b1001 &
#8338
0"
#8339
1"
b1010 &
#8340
0"
#8341
1"
b1011 &
#8342
0"
#8343
1"
b1100 &
#8344
0"
#8345
1"
b1101 &
#8346
0"
#8347
1"
b1110 &
#8348
0"
#8349
1"
b1111 &
#8350
0"
#8351
1"
b0000 &
#8352
0"
#8353
1"
b0001 &
#8354
0"
#8355
1"
b0010 &
#8356
0"
#8357
1"
b0011 &
#8358
0"
#8359
1"
b0100 &
#8360
0"
#8361
1"
b0101 &
#8362
0"
#8363
1"
b0110 &
#8364
0"
#8365
1"
b0111 &
#8366
0"
#8367
1"
b1000 &
#8368
0"
#8369
1"
b1001 &
#8370
0"
#8371
1"
b1010 &
#8372
0"
#8373
1"
b1011 &
#8374
0"
#8375
1"
b1100 &
#8376
0"
#8377
1"
b1101 &
#8378
0"
#8379
1"
b1110 &
#8380
0"
#8381
1"
b1111 &
#8382
0"
#8383
1"
b0000 &
#8384
0"
#8385
1"
b0001 &
#8386
0"
#8387
1"
b0010 &
#8388
0"
#8389
1"
b0011 &
#8390
0"
#8391
1"
b0100 &
#8392
0"
#8393
1"
b0101 &
#8394
0"
#8395
1"
b0110 &
#8396
0"
#8397
1"
b0111 &
#8398
0"
#8399
1"
b1000 &
#8400
0"
#8401
1"
b1001 &
#8402
0"
#8403
1"
b1010 &
#8404
0"
#8405
1"
b1011 &
#8406
0"
#8407
1"
b1100 &
#8408
0"
#8409
1"
b1101 &
#8410
0"
#8411
1"
b1110 &
#8412
0"
#8413
1"
b1111 &
#8414
0"
#8415
1"
b0000 &
#8416
0"
#8417
1"
b0001 &
#8418
0"
#8419
1"
b0010 &
#8420
0"
#8421
1"
b0011 &
#8422
0"
#8423
1"
b0100 &
#8424
0"
#8425
1"
b0101 &
#8426
0"
#8427
1"
b0110 &
#8428
0"
#8429
1"
b0111 &
#8430
0"
#8431
1"
b1000 &
#8432
0"
#8433
1"
b1001 &
#8434
0"
#8435
1"
b1010 &
#8436
0"
#8437
1"
b1011 &
#8438
0"
#8439
1"
b1100 &
#8440
0"
#8441
1"
b1101 &
#8442
0"
#8443
1"
b1110 &
#8444
0"
#8445
1"
b1111 &
#8446
0"
#8447
1"
b0000 &
#8448
0"
#8449
1"
b0001 &
#8450
0"
#8451
1"
b0010 &
#8452
0"
#8453
1"
b0011 &
#8454
0"
#8455
1"
b0100 &
#8456
0"
#8457
1"
b0101 &
#8458
0"
#8459
1"
b0110 &
#8460
0"
#8461
1"
b0111 &
#8462
0"
#8463
1"
b1000 &
#8464
0"
#8465
1"
b1001 &
#8466
0"
#8467
1"
b1010 &
#8468
0"
#8469
1"
b1011 &
#8470
0"
#8471
1"
b1100 &
#8472
0"
#8473
1"
b1101 &
#8474
0"
#8475
1"
b1110 &
#8476
0"
#8477
1"
b1111 &
#8478
0"
#8479
1"
b0000 &
#8480
0"
#8481
1"
b0001 &
#8482
0"
#8483
1"
b0010 &
#8484
0"
#8485
1"
b0011 &
#8486
0"
#8487
1"
b0100 &
#8488
0"
#8489
1"
b0101 &
#8490
0"
#8491
1"
b0110 &
#8492
0"
#8493
1"
b0111 &
#8494
0"
#8495
1"
b1000 &
#8496
0"
#8497
1"
b1001 &
#8498
0"
#8499
1"
b1010 &
#8500
0"
#8501
1"
b1011 &
#8502
0"
#8503
1"
b1100 &
#8504
0"
#8505
1"
b1101 &
#8506
0"
#8507
1"
b1110 &
#8508
0"
#8509
1"
b1111 &
#8510
0"
#8511
1"
b0000 &
#8512
0"
#8513
1"
b0001 &
#8514
0"
#8515
1"
b0010 &
#8516
0"
#8517
1"
b0011 &
#8518
0"
#8519
1"
b0100 &
#8520
0"
#8521
1"
b0101 &
#8522
0"
#8523
1"
b0110 &
#8524
0"
#8525
1"
b0111 &
#8526
0"
#8527
1"
b1000 &
#8528
0"
#8529
1"
b1001 &
#8530
0"
#8531
1"
b1010 &
#8532
0"
#8533
1"
b1011 &
#8534
0"
#8535
1"
b1100 &
#8536
0"
#8537
1"
b1101 &
#8538
0"
#8539
1"
b1110 &
#8540
0"
#8541
1"
b1111 &
#8542
0"
#8543
1"
b0000 &
#8544
0"
#8545
1"
b0001 &
#8546
0"
#8547
1"
b0010 &
#8548
0"
#8549
1"
b0011 &
#8550
0"
#8551
1"
b0100 &
#8552
0"
#8553
1"
b0101 &
#8554
0"
#8555
1"
b0110 &
#8556
0"
#8557
1"
b0111 &
#8558
0"
#8559
1"
b1000 &
#8560
0"
#8561
1"
b1001 &
#8562
0"
#8563
1"
b1010 &
#8564
0"
#8565
1"
b1011 &
#8566
0"
#8567
1"
b1100 &
#8568
0"
#8569
1"
b1101 &
#8570
0"
#8571
1"
b1110 &
#8572
0"
#8573
1"
b1111 &
#8574
0"
#8575
1"
b0000 &
#8576
0"
#8577
1"
b0001 &
#8578
0"
#8579
1"
b0010 &
#8580
0"
#8581
1"
b0011 &
#8582
0"
#8583
1"
b0100 &
#8584
0"
#8585
1"
b0101 &
#8586
0"
#8587
1"
b0110 &
#8588
0"
#8589
1"
b0111 &
#8590
0"
#8591
1"
b1000 &
#8592
0"
#8593
1"
b1001 &
#8594
0"
#8595
1"
b1010 &
#8596
0"
#8597
1"
b1011 &
#8598
0"
#8599
1"
b1100 &
#8600
0"
#8601
1"
b1101 &
#8602
0"
#8603
1"
b1110 &
#8604
0"
#8605
1"
b1111 &
#8606
0"
#8607
1"
b0000 &
#8608
0"
#8609
1"
b0001 &
#8610
0"
#8611
1"
b0010 &
#8612
0"
#8613
1"
b0011 &
#8614
0"
#8615
1"
b0100 &
#8616
0"
#8617
1"
b0101 &
#8618
0"
#8619
1"
b0110 &
#8620
0"
#8621
1"
b0111 &
#8622
0"
#8623
1"
b1000 &
#8624
0"
#8625
1"
b1001 &
#8626
0"
#8627
1"
b1010 &
#8628
0"
#8629
1"
b1011 &
#8630
0"
#8631
1"
b1100 &
#8632
0"
#8633
1"
b1101 &
#8634
0"
#8635
1"
b1110 &
#8636
0"
#8637
1"
b1111 &
#8638
0"
#8639
1"
b0000 &
#8640
0"
#8641
1"
b0001 &
#8642
0"
#8643
1"
b0010 &
#8644
0"
#8645
1"
b0011 &
#8646
0"
#8647
1"
b0100 &
#8648
0"
#8649
1"
b0101 &
#8650
0"
#8651
1"
b0110 &
#8652
0"
#8653
1"
b0111 &
#8654
0"
#8655
1"
b1000 &
#8656
0"
#8657
1"
b1001 &
#8658
0"
#8659
1"
b1010 &
#8660
0"
#8661
1"
b1011 &
#8662
0"
#8663
1"
b1100 &
#8664
0"
#8665
1"
b1101 &
#8666
0"
#8667
1"
b1110 &
#8668
0"
#8669
1"
b1111 &
#8670
0"
#8671
1"
b0000 &
#8672
0"
#8673
1"
b0001 &
#8674
0"
#8675
1"
b0010 &
#8676
0"
#8677
1"
b0011 &
#8678
0"
#8679
1"
b0100 &
#8680
0"
#8681
1"
b0101 &
#8682
0"
#8683
1"
b0110 &
#8684
0"
#8685
1"
b0111 &
#8686
0"
#8687
1"
b1000 &
#8688
0"
#8689
1"
b1001 &
#8690
0"
#8691
1"
b1010 &
#8692
0"
#8693
1"
b1011 &
#8694
0"
#8695
1"
b1100 &
#8696
0"
#8697
1"
b1101 &
#8698
0"
#8699
1"
b1110 &
#8700
0"
#8701
1"
b1111 &
#8702
0"
#8703
1"
b0000 &
#8704
0"
#8705
1"
b0001 &
#8706
0"
#8707
1"
b0010 &
#8708
0"
#8709
1"
b0011 &
#8710
0"
#8711
1"
b0100 &
#8712
0"
#8713
1"
b0101 &
#8714
0"
#8715
1"
b0110 &
#8716
0"
#8717
1"
b0111 &
#8718
0"
#8719
1"
b1000 &
#8720
0"
#8721
1"
b1001 &
#8722
0"
#8723
1"
b1010 &
#8724
0"
#8725
1"
b1011 &
#8726
0"
#8727
1"
b1100 &
#8728
0"
#8729
1"
b1101 &
#8730
0"
#8731
1"
b1110 &
#8732
0"
#8733
1"
b1111 &
#8734
0"
#8735
1"
b0000 &
#8736
0"
#8737
1"
b0001 &
#8738
0"
#8739
1"
b0010 &
#8740
0"
#8741
1"
b0011 &
#8742
0"
#8743
1"
b0100 &
#8744
0"
#8745
1"
b0101 &
#8746
0"
#8747
1"
b0110 &
#8748
0"
#8749
1"
b0111 &
#8750
0"
#8751
1"
b1000 &
#8752
0"
#8753
1"
b1001 &
#8754
0"
#8755
1"
b1010 &
#8756
0"
#8757
1"
b1011 &
#8758
0"
#8759
1"
b1100 &
#8760
0"
#8761
1"
b1101 &
#8762
0"
#8763
1"
b1110 &
#8764
0"
#8765
1"
b1111 &
#8766
0"
#8767
1"
b0000 &
#8768
0"
#8769
1"
b0001 &
#8770
0"
#8771
1"
b0010 &
#8772
0"
#8773
1"
b0011 &
#8774
0"
#8775
1"
b0100 &
#8776
0"
#8777
1"
b0101 &
#8778
0"
#8779
1"
b0110 &
#8780
0"
#8781
1"
b0111 &
#8782
0"
#8783
1"
b1000 &
#8784
0"
#8785
1"
b1001 &
#8786
0"
#8787
1"
b1010 &
#8788
0"
#8789
1"
b1011 &
#8790
0"
#8791
1"
b1100 &
#8792
0"
#8793
1"
b1101 &
#8794
0"
#8795
1"
b1110 &
#8796
0"
#8797
1"
b1111 &
#8798
0"
#8799
1"
b0000 &
#8800
0"
#8801
1"
b0001 &
#8802
0"
#8803
1"
b0010 &
#8804
0"
#8805
1"
b0011 &
#8806
0"
#8807
1"
b0100 &
#8808
0"
#8809
1"
b0101 &
#8810
0"
#8811
1"
b0110 &
#8812
0"
#8813
1"
b0111 &
#8814
0"
#8815
1"
b1000 &
#8816
0"
#8817
1"
b1001 &
#8818
0"
#8819
1"
b1010 &
#8820
0"
#8821
1"
b1011 &
#8822
0"
#8823
1"
b1100 &
#8824
0"
#8825
1"
b1101 &
#8826
0"
#8827
1"
b1110 &
#8828
0"
#8829
1"
b1111 &
#8830
0"
#8831
1"
b0000 &
#8832
0"
#8833
1"
b0001 &
#8834
0"
#8835
1"
b0010 &
#8836
0"
#8837
1"
b0011 &
#8838
0"
#8839
1"
b0100 &
#8840
0"
#8841
1"
b0101 &
#8842
0"
#8843
1"
b0110 &
#8844
0"
#8845
1"
b0111 &
#8846
0"
#8847
1"
b1000 &
#8848
0"
#8849
1"
b1001 &
#8850
0"
#8851
1"
b1010 &
#8852
0"
#8853
1"
b1011 &
#8854
0"
#8855
1"
b1100 &
#8856
0"
#8857
1"
b1101 &
#8858
0"
#8859
1"
b1110 &
#8860
0"
#8861
1"
b1111 &
#8862
0"
#8863
1"
b0000 &
#8864
0"
#8865
1"
b0001 &
#8866
0"
#8867
1"
b0010 &
#8868
0"
#8869
1"
b0011 &
#8870
0"
#8871
1"
b0100 &
#8872
0"
#8873
1"
b0101 &
#8874
0"
#8875
1"
b0110 &
#8876
0"
#8877
1"
b0111 &
#8878
0"
#8879
1"
b1000 &
#8880
0"
#8881
1"
b1001 &
#8882
0"
#8883
1"
b1010 &
#8884
0"
#8885
1"
b1011 &
#8886
0"
#8887
1"
b1100 &
#8888
0"
#8889
1"
b1101 &
#8890
0"
#8891
1"
b1110 &
#8892
0"
#8893
1"
b1111 &
#8894
0"
#8895
1"
b0000 &
#8896
0"
#8897
1"
b0001 &
#8898
0"
#8899
1"
b0010 &
#8900
0"
#8901
1"
b0011 &
#8902
0"
#8903
1"
b0100 &
#8904
0"
#8905
1"
b0101 &
#8906
0"
#8907
1"
b0110 &
#8908
0"
#8909
1"
b0111 &
#8910
0"
#8911
1"
b1000 &
#8912
0"
#8913
1"
b1001 &
#8914
0"
#8915
1"
b1010 &
#8916
0"
#8917
1"
b1011 &
#8918
0"
#8919
1"
b1100 &
#8920
0"
#8921
1"
b1101 &
#8922
0"
#8923
1"
b1110 &
#8924
0"
#8925
1"
b1111 &
#8926
0"
#8927
1"
b0000 &
#8928
0"
#8929
1"
b0001 &
#8930
0"
#8931
1"
b0010 &
#8932
0"
#8933
1"
b0011 &
#8934
0"
#8935
1"
b0100 &
#8936
0"
#8937
1"
b0101 &
#8938
0"
#8939
1"
b0110 &
#8940
0"
#8941
1"
b0111 &
#8942
0"
#8943
1"
b1000 &
#8944
0"
#8945
1"
b1001 &
#8946
0"
#8947
1"
b1010 &
#8948
0"
#8949
1"
b1011 &
#8950
0"
#8951
1"
b1100 &
#8952
0"
#8953
1"
b1101 &
#8954
0"
#8955
1"
b1110 &
#8956
0"
#8957
1"
b1111 &
#8958
0"
#8959
1"
b0000 &
#8960
0"
#8961
1"
b0001 &
#8962
0"
#8963
1"
b0010 &
#8964
0"
#8965
1"
b0011 &
#8966
0"
#8967
1"
b0100 &
#8968
0"
#8969
1"
b0101 &
#8970
0"
#8971
1"
b0110 &
#8972
0"
#8973
1"
b0111 &
#8974
0"
#8975
1"
b1000 &
#8976
0"
#8977
1"
b1001 &
#8978
0"
#8979
1"
b1010 &
#8980
0"
#8981
1"
b1011 &
#8982
0"
#8983
1"
b1100 &
#8984
0"
#8985
1"
b1101 &
#8986
0"
#8987
1"
b1110 &
#8988
0"
#8989
1"
b1111 &
#8990
0"
#8991
1"
b0000 &
#8992
0"
#8993
1"
b0001 &
#8994
0"
#8995
1"
b0010 &
#8996
0"
#8997
1"
b0011 &
#8998
0"
#8999
1"
b0100 &
#9000
0"
#9001
1"
b0101 &
#9002
0"
#9003
1"
b0110 &
#9004
0"
#9005
1"
b0111 &
#9006
0"
#9007
1"
b1000 &
#9008
0"
#9009
1"
b1001 &
#9010
0"
#9011
1"
b1010 &
#9012
0"
#9013
1"
b1011 &
#9014
0"
#9015
1"
b1100 &
#9016
0"
#9017
1"
b1101 &
#9018
0"
#9019
1"
b1110 &
#9020
0"
#9021
1"
b1111 &
#9022
0"
#9023
1"
b0000 &
#9024
0"
#9025
1"
b0001 &
#9026
0"
#9027
1"
b0010 &
#9028
0"
#9029
1"
b0011 &
#9030
0"
#9031
1"
b0100 &
#9032
0"
#9033
1"
b0101 &
#9034
0"
#9035
1"
b0110 &
#9036
0"
#9037
1"
b0111 &
#9038
0"
#9039
1"
b1000 &
#9040
0"
#9041
1"
b1001 &
#9042
0"
#9043
1"
b1010 &
#9044
0"
#9045
1"
b1011 &
#9046
0"
#9047
1"
b1100 &
#9048
0"
#9049
1"
b1101 &
#9050
0"
#9051
1"
b1110 &
#9052
0"
#9053
1"
b1111 &
#9054
0"
#9055
1"
b0000 &
#9056
0"
#9057
1"
b0001 &
#9058
0"
#9059
1"
b0010 &
#9060
0"
#9061
1"
b0011 &
#9062
0"
#9063
1"
b0100 &
#9064
0"
#9065
1"
b0101 &
#9066
0"
#9067
1"
b0110 &
#9068
0"
#9069
1"
b0111 &
#9070
0"
#9071
1"
b1000 &
#9072
0"
#9073
1"
b1001 &
#9074
0"
#9075
1"
b1010 &
#9076
0"
#9077
1"
b1011 &
#9078
0"
#9079
1"
b1100 &
#9080
0"
#9081
1"
b1101 &
#9082
0"
#9083
1"
b1110 &
#9084
0"
#9085
1"
b1111 &
#9086
0"
#9087
1"
b0000 &
#9088
0"
#9089
1"
b0001 &
#9090
0"
#9091
1"
b0010 &
#9092
0"
#9093
1"
b0011 &
#9094
0"
#9095
1"
b0100 &
#9096
0"
#9097
1"
b0101 &
#9098
0"
#9099
1"
b0110 &
#9100
0"
#9101
1"
b0111 &
#9102
0"
#9103
1"
b1000 &
#9104
0"
#9105
1"
b1001 &
#9106
0"
#9107
1"
b1010 &
#9108
0"
#9109
1"
b1011 &
#9110
0"
#9111
1"
b1100 &
#9112
0"
#9113
1"
b1101 &
#9114
0"
#9115
1"
b1110 &
#9116
0"
#9117
1"
b1111 &
#9118
0"
#9119
1"
b0000 &
#9120
0"
#9121
1"
b0001 &
#9122
0"
#9123
1"
b0010 &
#9124
0"
#9125
1"
b0011 &
#9126
0"
#9127
1"
b0100 &
#9128
0"
#9129
1"
b0101 &
#9130
0"
#9131
1"
b0110 &
#9132
0"
#9133
1"
b0111 &
#9134
0"
#9135
1"
b1000 &
#9136
0"
#9137
1"
b1001 &
#9138
0"
#9139
1"
b1010 &
#9140
0"
#9141
1"
b1011 &
#9142
0"
#9143
1"
b1100 &
#9144
0"
#9145
1"
b1101 &
#9146
0"
#9147
1"
b1110 &
#9148
0"
#9149
1"
b1111 &
#9150
0"
#9151
1"
b0000 &
#9152
0"
#9153
1"
b0001 &
#9154
0"
#9155
1"
b0010 &
#9156
0"
#9157
1"
b0011 &
#9158
0"
#9159
1"
b0100 &
#9160
0"
#9161
1"
b0101 &
#9162
0"
#9163
1"
b0110 &
#9164
0"
#9165
1"
b0111 &
#9166
0"
#9167
1"
b1000 &
#9168
0"
#9169
1"
b1001 &
#9170
0"
#9171
1"
b1010 &
#9172
0"
#9173
1"
b1011 &
#9174
0"
#9175
1"
b1100 &
#9176
0"
#9177
1"
b1101 &
#9178
0"
#9179
1"
b1110 &
#9180
0"
#9181
1"
b1111 &
#9182
0"
#9183
1"
b0000 &
#9184
0"
#9185
1"
b0001 &
#9186
0"
#9187
1"
b0010 &
#9188
0"
#9189
1"
b0011 &
#9190
0"
#9191
1"
b0100 &
#9192
0"
#9193
1"
b0101 &
#9194
0"
#9195
1"
b0110 &
#9196
0"
#9197
1"
b0111 &
#9198
0"
#9199
1"
b1000 &
#9200
0"
#9201
1"
b1001 &
#9202
0"
#9203
1"
b1010 &
#9204
0"
#9205
1"
b1011 &
#9206
0"
#9207
1"
b1100 &
#9208
0"
#9209
1"
b1101 &
#9210
0"
#9211
1"
b1110 &
#9212
0"
#9213
1"
b1111 &
#9214
0"
#9215
1"
b0000 &
#9216
0"
#9217
1"
b0001 &
#9218
0"
#9219
1"
b0010 &
#9220
0"
#9221
1"
b0011 &
#9222
0"
#9223
1"
b0100 &
#9224
0"
#9225
1"
b0101 &
#9226
0"
#9227
1"
b0110 &
#9228
0"
#9229
1"
b0111 &
#9230
0"
#9231
1"
b1000 &
#9232
0"
#9233
1"
b1001 &
#9234
0"
#9235
1"
b1010 &
#9236
0"
#9237
1"
b1011 &
#9238
0"
#9239
1"
b1100 &
#9240
0"
#9241
1"
b1101 &
#9242
0"
#9243
1"
b1110 &
#9244
0"
#9245
1"
b1111 &
#9246
0"
#9247
1"
b0000 &
#9248
0"
#9249
1"
b0001 &
#9250
0"
#9251
1"
b0010 &
#9252
0"
#9253
1"
b0011 &
#9254
0"
#9255
1"
b0100 &
#9256
0"
#9257
1"
b0101 &
#9258
0"
#9259
1"
b0110 &
#9260
0"
#9261
1"
b0111 &
#9262
0"
#9263
1"
b1000 &
#9264
0"
#9265
1"
b1001 &
#9266
0"
#9267
1"
b1010 &
#9268
0"
#9269
1"
b1011 &
#9270
0"
#9271
1"
b1100 &
#9272
0"
#9273
1"
b1101 &
#9274
0"
#9275
1"
b1110 &
#9276
0"
#9277
1"
b1111 &
#9278
0"
#9279
1"
b0000 &
#9280
0"
#9281
1"
b0001 &
#9282
0"
#9283
1"
b0010 &
#9284
0"
#9285
1"
b0011 &
#9286
0"
#9287
1"
b0100 &
#9288
0"
#9289
1"
b0101 &
#9290
0"
#9291
1"
b0110 &
#9292
0"
#9293
1"
b0111 &
#9294
0"
#9295
1"
b1000 &
#9296
0"
#9297
1"
b1001 &
#9298
0"
#9299
1"
b1010 &
#9300
0"
#9301
1"
b1011 &
#9302
0"
#9303
1"
b1100 &
#9304
0"
#9305
1"
b1101 &
#9306
0"
#9307
1"
b1110 &
#9308
0"
#9309
1"
b1111 &
#9310
0"
#9311
1"
b0000 &
#9312
0"
#9313
1"
b0001 &
#9314
0"
#9315
1"
b0010 &
#9316
0"
#9317
1"
b0011 &
#9318
0"
#9319
1"
b0100 &
#9320
0"
#9321
1"
b0101 &
#9322
0"
#9323
1"
b0110 &
#9324
0"
#9325
1"
b0111 &
#9326
0"
#9327
1"
b1000 &
#9328
0"
#9329
1"
b1001 &
#9330
0"
#9331
1"
b1010 &
#9332
0"
#9333
1"
b1011 &
#9334
0"
#9335
1"
b1100 &
#9336
0"
#9337
1"
b1101 &
#9338
0"
#9339
1"
b1110 &
#9340
0"
#9341
1"
b1111 &
#9342
0"
#9343
1"
b0000 &
#9344
0"
#9345
1"
b0001 &
#9346
0"
#9347
1"
b0010 &
#9348
0"
#9349
1"
b0011 &
#9350
0"
#9351
1"
b0100 &
#9352
0"
#9353
1"
b0101 &
#9354
0"
#9355
1"
b0110 &
#9356
0"
#9357
1"
b0111 &
#9358
0"
#9359
1"
b1000 &
#9360
0"
#9361
1"
b1001 &
#9362
0"
#9363
1"
b1010 &
#9364
0"
#9365
1"
b1011 &
#9366
0"
#9367
1"
b1100 &
#9368
0"
#9369
1"
b1101 &
#9370
0"
#9371
1"
b1110 &
#9372
0"
#9373
1"
b1111 &
#9374
0"
#9375
1"
b0000 &
#9376
0"
#9377
1"
b0001 &
#9378
0"
#9379
1"
b0010 &
#9380
0"
#9381
1"
b0011 &
#9382
0"
#9383
1"
b0100 &
#9384
0"
#9385
1"
b0101 &
#9386
0"
#9387
1"
b0110 &
#9388
0"
#9389
1"
b0111 &
#9390
0"
#9391
1"
b1000 &
#9392
0"
#9393
1"
b1001 &
#9394
0"
#9395
1"
b1010 &
#9396
0"
#9397
1"
b1011 &
#9398
0"
#9399
1"
b1100 &
#9400
0"
#9401
1"
b1101 &
#9402
0"
#9403
1"
b1110 &
#9404
0"
#9405
1"
b1111 &
#9406
0"
#9407
1"
b0000 &
#9408
0"
#9409
1"
b0001 &
#9410
0"
#9411
1"
b0010 &
#9412
0"
#9413
1"
b0011 &
#9414
0"
#9415
1"
b0100 &
#9416
0"
#9417
1"
b0101 &
#9418
0"
#9419
1"
b0110 &
#9420
0"
#9421
1"
b0111 &
#9422
0"
#9423
1"
b1000 &
#9424
0"
#9425
1"
b1001 &
#9426
0"
#9427
1"
b1010 &
#9428
0"
#9429
1"
b1011 &
#9430
0"
#9431
1"
b1100 &
#9432
0"
#9433
1"
b1101 &
#9434
0"
#9435
1"
b1110 &
#9436
0"
#9437
1"
b1111 &
#9438
0"
#9439
1"
b0000 &
#9440
0"
#9441
1"
b0001 &
#9442
0"
#9443
1"
b0010 &
#9444
0"
#9445
1"
b0011 &
#9446
0"
#9447
1"
b0100 &
#9448
0"
#9449
1"
b0101 &
#9450
0"
#9451
1"
b0110 &
#9452
0"
#9453
1"
b0111 &
#9454
0"
#9455
1"
b1000 &
#9456
0"
#9457
1"
b1001 &
#9458
0"
#9459
1"
b1010 &
#9460
0"
#9461
1"
b1011 &
#9462
0"
#9463
1"
b1100 &
#9464
0"
#9465
1"
b1101 &
#9466
0"
#9467
1"
b1110 &
#9468
0"
#9469
1"
b1111 &
#9470
0"
#9471
1"
b0000 &
#9472
0"
#9473
1"
b0001 &
#9474
0"
#9475
1"
b0010 &
#9476
0"
#9477
1"
b0011 &
#9478
0"
#9479
1"
b0100 &
#9480
0"
#9481
1"
b0101 &
#9482
0"
#9483
1"
b0110 &
#9484
0"
#9485
1"
b0111 &
#9486
0"
#9487
1"
b1000 &
#9488
0"
#9489
1"
b1001 &
#9490
0"
#9491
1"
b1010 &
#9492
0"
#9493
1"
b1011 &
#9494
0"
#9495
1"
b1100 &
#9496
0"
#9497
1"
b1101 &
#9498
0"
#9499
1"
b1110 &
#9500
0"
#9501
1"
b1111 &
#9502
0"
#9503
1"
b0000 &
#9504
0"
#9505
1"
b0001 &
#9506
0"
#9507
1"
b0010 &
#9508
0"
#9509
1"
b0011 &
#9510
0"
#9511
1"
b0100 &
#9512
0"
#9513
1"
b0101 &
#9514
0"
#9515
1"
b0110 &
#9516
0"
#9517
1"
b0111 &
#9518
0"
#9519
1"
b1000 &
#9520
0"
#9521
1"
b1001 &
#9522
0"
#9523
1"
b1010 &
#9524
0"
#9525
1"
b1011 &
#9526
0"
#9527
1"
b1100 &
#9528
0"
#9529
1"
b1101 &
#9530
0"
#9531
1"
b1110 &
#9532
0"
#9533
1"
b1111 &
#9534
0"
#9535
1"
b0000 &
#9536
0"
#9537
1"
b0001 &
#9538
0"
#9539
1"
b0010 &
#9540
0"
#9541
1"
b0011 &
#9542
0"
#9543
1"
b0100 &
#9544
0"
#9545
1"
b0101 &
#9546
0"
#9547
1"
b0110 &
#9548
0"
#9549
1"
b0111 &
#9550
0"
#9551
1"
b1000 &
#9552
0"
#9553
1"
b1001 &
#9554
0"
#9555
1"
b1010 &
#9556
0"
#9557
1"
b1011 &
#9558
0"
#9559
1"
b1100 &
#9560
0"
#9561
1"
b1101 &
#9562
0"
#9563
1"
b1110 &
#9564
0"
#9565
1"
b1111 &
#9566
0"
#9567
1"
b0000 &
#9568
0"
#9569
1"
b0001 &
#9570
0"
#9571
1"
b0010 &
#9572
0"
#9573
1"
b0011 &
#9574
0"
#9575
1"
b0100 &
#9576
0"
#9577
1"
b0101 &
#9578
0"
#9579
1"
b0110 &
#9580
0"
#9581
1"
b0111 &
#9582
0"
#9583
1"
b1000 &
#9584
0"
#9585
1"
b1001 &
#9586
0"
#9587
1"
b1010 &
#9588
0"
#9589
1"
b1011 &
#9590
0"
#9591
1"
b1100 &
#9592
0"
#9593
1"
b1101 &
#9594
0"
#9595
1"
b1110 &
#9596
0"
#9597
1"
b1111 &
#9598
0"
#9599
1"
b0000 &
#9600
0"
#9601
1"
b0001 &
#9602
0"
#9603
1"
b0010 &
#9604
0"
#9605
1"
b0011 &
#9606
0"
#9607
1"
b0100 &
#9608
0"
#9609
1"
b0101 &
#9610
0"
#9611
1"
b0110 &
#9612
0"
#9613
1"
b0111 &
#9614
0"
#9615
1"
b1000 &
#9616
0"
#9617
1"
b1001 &
#9618
0"
#9619
1"
b1010 &
#9620
0"
#9621
1"
b1011 &
#9622
0"
#9623
1"
b1100 &
#9624
0"
#9625
1"
b1101 &
#9626
0"
#9627
1"
b1110 &
#9628
0"
#9629
1"
b1111 &
#9630
0"
#9631
1"
b0000 &
#9632
0"
#9633
1"
b0001 &
#9634
0"
#9635
1"
b0010 &
#9636
0"
#9637
1"
b0011 &
#9638
0"
#9639
1"
b0100 &
#9640
0"
#9641
1"
b0101 &
#9642
0"
#9643
1"
b0110 &
#9644
0"
#9645
1"
b0111 &
#9646
0"
#9647
1"
b1000 &
#9648
0"
#9649
1"
b1001 &
#9650
0"
#9651
1"
b1010 &
#9652
0"
#9653
1"
b1011 &
#9654
0"
#9655
1"
b1100 &
#9656
0"
#9657
1"
b1101 &
#9658
0"
#9659
1"
b1110 &
#9660
0"
#9661
1"
b1111 &
#9662
0"
#9663
1"
b0000 &
#9664
0"
#9665
1"
b0001 &
#9666
0"
#9667
1"
b0010 &
#9668
0"
#9669
1"
b0011 &
#9670
0"
#9671
1"
b0100 &
#9672
0"
#9673
1"
b0101 &
#9674
0"
#9675
1"
b0110 &
#9676
0"
#9677
1"
b0111 &
#9678
0"
#9679
1"
b1000 &
#9680
0"
#9681
1"
b1001 &
#9682
0"
#9683
1"
b1010 &
#9684
0"
#9685
1"
b1011 &
#9686
0"
#9687
1"
b1100 &
#9688
0"
#9689
1"
b1101 &
#9690
0"
#9691
1"
b1110 &
#9692
0"
#9693
1"
b1111 &
#9694
0"
#9695
1"
b0000 &
#9696
0"
#9697
1"
b0001 &
#9698
0"
#9699
1"
b0010 &
#9700
0"
#9701
1"
b0011 &
#9702
0"
#9703
1"
b0100 &
#9704
0"
#9705
1"
b0101 &
#9706
0"
#9707
1"
b0110 &
#9708
0"
#9709
1"
b0111 &
#9710
0"
#9711
1"
b1000 &
#9712
0"
#9713
1"
b1001 &
#9714
0"
#9715
1"
b1010 &
#9716
0"
#9717
1"
b1011 &
#9718
0"
#9719
1"
b1100 &
#9720
0"
#9721
1"
b1101 &
#9722
0"
#9723
1"
b1110 &
#9724
0"
#9725
1"
b1111 &
#9726
0"
#9727
1"
b0000 &
#9728
0"
#9729
1"
b0001 &
#9730
0"
#9731
1"
b0010 &
#9732
0"
#9733
1"
b0011 &
#9734
0"
#9735
1"
b0100 &
#9736
0"
#9737
1"
b0101 &
#9738
0"
#9739
1"
b0110 &
#9740
0"
#9741
1"
b0111 &
#9742
0"
#9743
1"
b1000 &
#9744
0"
#9745
1"
b1001 &
#9746
0"
#9747
1"
b1010 &
#9748
0"
#9749
1"
b1011 &
#9750
0"
#9751
1"
b1100 &
#9752
0"
#9753
1"
b1101 &
#9754
0"
#9755
1"
b1110 &
#9756
0"
#9757
1"
b1111 &
#9758
0"
#9759
1"
b0000 &
#9760
0"
#9761
1"
b0001 &
#9762
0"
#9763
1"
b0010 &
#9764
0"
#9765
1"
b0011 &
#9766
0"
#9767
1"
b0100 &
#9768
0"
#9769
1"
b0101 &
#9770
0"
#9771
1"
b0110 &
#9772
0"
#9773
1"
b0111 &
#9774
0"
#9775
1"
b1000 &
#9776
0"
#9777
1"
b1001 &
#9778
0"
#9779
1"
b1010 &
#9780
0"
#9781
1"
b1011 &
#9782
0"
#9783
1"
b1100 &
#9784
0"
#9785
1"
b1101 &
#9786
0"
#9787
1"
b1110 &
#9788
0"
#9789
1"
b1111 &
#9790
0"
#9791
1"
b0000 &
#9792
0"
#9793
1"
b0001 &
#9794
0"
#9795
1"
b0010 &
#9796
0"
#9797
1"
b0011 &
#9798
0"
#9799
1"
b0100 &
#9800
0"
#9801
1"
b0101 &
#9802
0"
#9803
1"
b0110 &
#9804
0"
#9805
1"
b0111 &
#9806
0"
#9807
1"
b1000 &
#9808
0"
#9809
1"
b1001 &
#9810
0"
#9811
1"
b1010 &
#9812
0"
#9813
1"
b1011 &
#9814
0"
#9815
1"
b1100 &
#9816
0"
#9817
1"
b1101 &
#9818
0"
#9819
1"
b1110 &
#9820
0"
#9821
1"
b1111 &
#9822
0"
#9823
1"
b0000 &
#9824
0"
#9825
1"
b0001 &
#9826
0"
#9827
1"
b0010 &
#9828
0"
#9829
1"
b0011 &
#9830
0"
#9831
1"
b0100 &
#9832
0"
#9833
1"
b0101 &
#9834
0"
#9835
1"
b0110 &
#9836
0"
#9837
1"
b0111 &
#9838
0"
#9839
1"
b1000 &
#9840
0"
#9841
1"
b1001 &
#9842
0"
#9843
1"
b1010 &
#9844
0"
#9845
1"
b1011 &
#9846
0"
#9847
1"
b1100 &
#9848
0"
#9849
1"
b1101 &
#9850
0"
#9851
1"
b1110 &
#9852
0"
#9853
1"
b1111 &
#9854
0"
#9855
1"
b0000 &
#9856
0"
#9857
1"
b0001 &
#9858
0"
#9859
1"
b0010 &
#9860
0"
#9861
1"
b0011 &
#9862
0"
#9863
1"
b0100 &
#9864
0"
#9865
1"
b0101 &
#9866
0"
#9867
1"
b0110 &
#9868
0"
#9869
1"
b0111 &
#9870
0"
#9871
1"
b1000 &
#9872
0"
#9873
1"
b1001 &
#9874
0"
#9875
1"
b1010 &
#9876
0"
#9877
1"
b1011 &
#9878
0"
#9879
1"
b1100 &
#9880
0"
#9881
1"
b1101 &
#9882
0"
#9883
1"
b1110 &
#9884
0"
#9885
1"
b1111 &
#9886
0"
#9887
1"
b0000 &
#9888
0"
#9889
1"
b0001 &
#9890
0"
#9891
1"
b0010 &
#9892
0"
#9893
1"
b0011 &
#9894
0"
#9895
1"
b0100 &
#9896
0"
#9897
1"
b0101 &
#9898
0"
#9899
1"
b0110 &
#9900
0"
#9901
1"
b0111 &
#9902
0"
#9903
1"
b1000 &
#9904
0"
#9905
1"
b1001 &
#9906
0"
#9907
1"
b1010 &
#9908
0"
#9909
1"
b1011 &
#9910
0"
#9911
1"
b1100 &
#9912
0"
#9913
1"
b1101 &
#9914
0"
#9915
1"
b1110 &
#9916
0"
#9917
1"
b1111 &
#9918
0"
#9919
1"
b0000 &
#9920
0"
#9921
1"
b0001 &
#9922
0"
#9923
1"
b0010 &
#9924
0"
#9925
1"
b0011 &
#9926
0"
#9927
1"
b0100 &
#9928
0"
#9929
1"
b0101 &
#9930
0"
#9931
1"
b0110 &
#9932
0"
#9933
1"
b0111 &
#9934
0"
#9935
1"
b1000 &
#9936
0"
#9937
1"
b1001 &
#9938
0"
#9939
1"
b1010 &
#9940
0"
#9941
1"
b1011 &
#9942
0"
#9943
1"
b1100 &
#9944
0"
#9945
1"
b1101 &
#9946
0"
#9947
1"
b1110 &
#9948
0"
#9949
1"
b1111 &
#9950
0"
#9951
1"
b0000 &
#9952
0"
#9953
1"
b0001 &
#9954
0"
#9955
1"
b0010 &
#9956
0"
#9957
1"
b0011 &
#9958
0"
#9959
1"
b0100 &
#9960
0"
#9961
1"
b0101 &
#9962
0"
#9963
1"
b0110 &
#9964
0"
#9965
1"
b0111 &
#9966
0"
#9967
1"
b1000 &
#9968
0"
#9969
1"
b1001 &
#9970
0"
#9971
1"
b1010 &
#9972
0"
#9973
1"
b1011 &
#9974
0"
#9975
1"
b1100 &
#9976
0"
#9977
1"
b1101 &
#9978
0"
#9979
1"
b1110 &
#9980
0"
#9981
1"
b1111 &
#9982
0"
#9983
1"
b0000 &
#9984
0"
#9985
1"
b0001 &
#9986
0"
#9987
1"
b0010 &
#9988
0"
#9989
1"
b0011 &
#9990
0"
#9991
1"
b0100 &
#9992
0"
#9993
1"
b0101 &
#9994
0"
#9995
1"
b0110 &
#9996
0"
#9997
1"
b0111 &
#9998
0"
#9999
1"
b1000 &
#10000
0"
#10001
1"
b1001 &
#10002
0"
#10003
1"
b1010 &
#10004
0"
#10005
1"
b1011 &
#10006
0"
#10007
1"
b1100 &
#10008
0"
#10009
1"
b1101 &
#10010
0"
#10011
1"
b1110 &
#10012
0"
#10013
1"
b1111 &
#10014
0"
#10015
1"
b0000 &
#10016
0"
#10017
1"
b0001 &
#10018
0"
#10019
1"
b0010 &
#10020
0"
#10021
1"
b0011 &
#10022
0"
#10023
1"
b0100 &
#10024
0"
#10025
1"
b0101 &
#10026
0"
#10027
1"
b0110 &
#10028
0"
#10029
1"
b0111 &
#10030
0"
#10031
1"
b1000 &
#10032
0"
#10033
1"
b1001 &
#10034
0"
#10035
1"
b1010 &
#10036
0"
#10037
1"
b1011 &
#10038
0"
#10039
1"
b1100 &
#10040
0"
#10041
1"
b1101 &
#10042
0"
#10043
1"
b1110 &
#10044
0"
#10045
1"
b1111 &
#10046
0"
#10047
1"
b0000 &
#10048
0"
#10049
1"
b0001 &
#10050
0"
#10051
1"
b0010 &
#10052
0"
#10053
1"
b0011 &
#10054
0"
#10055
1"
b0100 &
#10056
0"
#10057
1"
b0101 &
#10058
0"
#10059
1"
b0110 &
#10060
0"
#10061
1"
b0111 &
#10062
0"
#10063
1"
b1000 &
#10064
0"
#10065
1"
b1001 &
#10066
0"
#10067
1"
b1010 &
#10068
0"
#10069
1"
b1011 &
#10070
0"
#10071
1"
b1100 &
#10072
0"
#10073
1"
b1101 &
#10074
0"
#10075
1"
b1110 &
#10076
0"
#10077
1"
b1111 &
#10078
0"
#10079
1"
b0000 &
#10080
0"
#10081
1"
b0001 &
#10082
0"
#10083
1"
b0010 &
#10084
0"
#10085
1"
b0011 &
#10086
0"
#10087
1"
b0100 &
#10088
0"
#10089
1"
b0101 &
#10090
0"
#10091
1"
b0110 &
#10092
0"
#10093
1"
b0111 &
#10094
0"
#10095
1"
b1000 &
#10096
0"
#10097
1"
b1001 &
#10098
0"
#10099
1"
b1010 &
#10100
0"
#10101
1"
b1011 &
#10102
0"
#10103
1"
b1100 &
#10104
0"
#10105
1"
b1101 &
#10106
0"
#10107
1"
b1110 &
#10108
0"
#10109
1"
b1111 &
#10110
0"
#10111
1"
b0000 &
#10112
0"
#10113
1"
b0001 &
#10114
0"
#10115
1"
b0010 &
#10116
0"
#10117
1"
b0011 &
#10118
0"
#10119
1"
b0100 &
#10120
0"
#10121
1"
b0101 &
#10122
0"
#10123
1"
b0110 &
#10124
0"
#10125
1"
b0111 &
#10126
0"
#10127
1"
b1000 &
#10128
0"
#10129
1"
b1001 &
#10130
0"
#10131
1"
b1010 &
#10132
0"
#10133
1"
b1011 &
#10134
0"
#10135
1"
b1100 &
#10136
0"
#10137
1"
b1101 &
#10138
0"
#10139
1"
b1110 &
#10140
0"
#10141
1"
b1111 &
#10142
0"
#10143
1"
b0000 &
#10144
0"
#10145
1"
b0001 &
#10146
0"
#10147
1"
b0010 &
#10148
0"
#10149
1"
b0011 &
#10150
0"
#10151
1"
b0100 &
#10152
0"
#10153
1"
b0101 &
#10154
0"
#10155
1"
b0110 &
#10156
0"
#10157
1"
b0111 &
#10158
0"
#10159
1"
b1000 &
#10160
0"
#10161
1"
b1001 &
#10162
0"
#10163
1"
b1010 &
#10164
0"
#10165
1"
b1011 &
#10166
0"
#10167
1"
b1100 &
#10168
0"
#10169
1"
b1101 &
#10170
0"
#10171
1"
b1110 &
#10172
0"
#10173
1"
b1111 &
#10174
0"
#10175
1"
b0000 &
#10176
0"
#10177
1"
b0001 &
#10178
0"
#10179
1"
b0010 &
#10180
0"
#10181
1"
b0011 &
#10182
0"
#10183
1"
b0100 &
#10184
0"
#10185
1"
b0101 &
#10186
0"
#10187
1"
b0110 &
#10188
0"
#10189
1"
b0111 &
#10190
0"
#10191
1"
b1000 &
#10192
0"
#10193
1"
b1001 &
#10194
0"
#10195
1"
b1010 &
#10196
0"
#10197
1"
b1011 &
#10198
0"
#10199
1"
b1100 &
#10200
0"
#10201
1"
b1101 &
#10202
0"
#10203
1"
b1110 &
#10204
0"
#10205
1"
b1111 &
#10206
0"
#10207
1"
b0000 &
#10208
0"
#10209
1"
b0001 &
#10210
0"
#10211
1"
b0010 &
#10212
0"
#10213
1"
b0011 &
#10214
0"
#10215
1"
b0100 &
#10216
0"
#10217
1"
b0101 &
#10218
0"
#10219
1"
b0110 &
#10220
0"
#10221
1"
b0111 &
#10222
0"
#10223
1"
b1000 &
#10224
0"
#10225
1"
b1001 &
#10226
0"
#10227
1"
b1010 &
#10228
0"
#10229
1"
b1011 &
#10230
0"
#10231
1"
b1100 &
#10232
0"
#10233
1"
b1101 &
#10234
0"
#10235
1"
b1110 &
#10236
0"
#10237
1"
b1111 &
#10238
0"
#10239
1"
b0000 &
#10240
0"
#10241
1"
b0001 &
#10242
0"
#10243
1"
b0010 &
#10244
0"
#10245
1"
b0011 &
#10246
0"
#10247
1"
b0100 &
#10248
0"
#10249
1"
b0101 &
#10250
0"
#10251
1"
b0110 &
#10252
0"
#10253
1"
b0111 &
#10254
0"
#10255
1"
b1000 &
#10256
0"
#10257
1"
b1001 &
#10258
0"
#10259
1"
b1010 &
#10260
0"
#10261
1"
b1011 &
#10262
0"
#10263
1"
b1100 &
#10264
0"
#10265
1"
b1101 &
#10266
0"
#10267
1"
b1110 &
#10268
0"
#10269
1"
b1111 &
#10270
0"
#10271
1"
b0000 &
#10272
0"
#10273
1"
b0001 &
#10274
0"
#10275
1"
b0010 &
#10276
0"
#10277
1"
b0011 &
#10278
0"
#10279
1"
b0100 &
#10280
0"
#10281
1"
b0101 &
#10282
0"
#10283
1"
b0110 &
#10284
0"
#10285
1"
b0111 &
#10286
0"
#10287
1"
b1000 &
#10288
0"
#10289
1"
b1001 &
#10290
0"
#10291
1"
b1010 &
#10292
0"
#10293
1"
b1011 &
#10294
0"
#10295
1"
b1100 &
#10296
0"
#10297
1"
b1101 &
#10298
0"
#10299
1"
b1110 &
#10300
0"
#10301
1"
b1111 &
#10302
0"
#10303
1"
b0000 &
#10304
0"
#10305
1"
b0001 &
#10306
0"
#10307
1"
b0010 &
#10308
0"
#10309
1"
b0011 &
#10310
0"
#10311
1"
b0100 &
#10312
0"
#10313
1"
b0101 &
#10314
0"
#10315
1"
b0110 &
#10316
0"
#10317
1"
b0111 &
#10318
0"
#10319
1"
b1000 &
#10320
0"
#10321
1"
b1001 &
#10322
0"
#10323
1"
b1010 &
#10324
0"
#10325
1"
b1011 &
#10326
0"
#10327
1"
b1100 &
#10328
0"
#10329
1"
b1101 &
#10330
0"
#10331
1"
b1110 &
#10332
0"
#10333
1"
b1111 &
#10334
0"
#10335
1"
b0000 &
#10336
0"
#10337
1"
b0001 &
#10338
0"
#10339
1"
b0010 &
#10340
0"
#10341
1"
b0011 &
#10342
0"
#10343
1"
b0100 &
#10344
0"
#10345
1"
b0101 &
#10346
0"
#10347
1"
b0110 &
#10348
0"
#10349
1"
b0111 &
#10350
0"
#10351
1"
b1000 &
#10352
0"
#10353
1"
b1001 &
#10354
0"
#10355
1"
b1010 &
#10356
0"
#10357
1"
b1011 &
#10358
0"
#10359
1"
b1100 &
#10360
0"
#10361
1"
b1101 &
#10362
0"
#10363
1"
b1110 &
#10364
0"
#10365
1"
b1111 &
#10366
0"
#10367
1"
b0000 &
#10368
0"
#10369
1"
b0001 &
#10370
0"
#10371
1"
b0010 &
#10372
0"
#10373
1"
b0011 &
#10374
0"
#10375
1"
b0100 &
#10376
0"
#10377
1"
b0101 &
#10378
0"
#10379
1"
b0110 &
#10380
0"
#10381
1"
b0111 &
#10382
0"
#10383
1"
b1000 &
#10384
0"
#10385
1"
b1001 &
#10386
0"
#10387
1"
b1010 &
#10388
0"
#10389
1"
b1011 &
#10390
0"
#10391
1"
b1100 &
#10392
0"
#10393
1"
b1101 &
#10394
0"
#10395
1"
b1110 &
#10396
0"
#10397
1"
b1111 &
#10398
0"
#10399
1"
b0000 &
#10400
0"
#10401
1"
b0001 &
#10402
0"
#10403
1"
b0010 &
#10404
0"
#10405
1"
b0011 &
#10406
0"
#10407
1"
b0100 &
#10408
0"
#10409
1"
b0101 &
#10410
0"
#10411
1"
b0110 &
#10412
0"
#10413
1"
b0111 &
#10414
0"
#10415
1"
b1000 &
#10416
0"
#10417
1"
b1001 &
#10418
0"
#10419
1"
b1010 &
#10420
0"
#10421
1"
b1011 &
#10422
0"
#10423
1"
b1100 &
#10424
0"
#10425
1"
b1101 &
#10426
0"
#10427
1"
b1110 &
#10428
0"
#10429
1"
b1111 &
#10430
0"
#10431
1"
b0000 &
#10432
0"
#10433
1"
b0001 &
#10434
0"
#10435
1"
b0010 &
#10436
0"
#10437
1"
b0011 &
#10438
0"
#10439
1"
b0100 &
#10440
0"
#10441
1"
b0101 &
#10442
0"
#10443
1"
b0110 &
#10444
0"
#10445
1"
b0111 &
#10446
0"
#10447
1"
b1000 &
#10448
0"
#10449
1"
b1001 &
#10450
0"
#10451
1"
b1010 &
#10452
0"
#10453
1"
b1011 &
#10454
0"
#10455
1"
b1100 &
#10456
0"
#10457
1"
b1101 &
#10458
0"
#10459
1"
b1110 &
#10460
0"
#10461
1"
b1111 &
#10462
0"
#10463
1"
b0000 &
#10464
0"
#10465
1"
b0001 &
#10466
0"
#10467
1"
b0010 &
#10468
0"
#10469
1"
b0011 &
#10470
0"
#10471
1"
b0100 &
#10472
0"
#10473
1"
b0101 &
#10474
0"
#10475
1"
b0110 &
#10476
0"
#10477
1"
b0111 &
#10478
0"
#10479
1"
b1000 &
#10480
0"
#10481
1"
b1001 &
#10482
0"
#10483
1"
b1010 &
#10484
0"
#10485
1"
b1011 &
#10486
0"
#10487
1"
b1100 &
#10488
0"
#10489
1"
b1101 &
#10490
0"
#10491
1"
b1110 &
#10492
0"
#10493
1"
b1111 &
#10494
0"
#10495
1"
b0000 &
#10496
0"
#10497
1"
b0001 &
#10498
0"
#10499
1"
b0010 &
#10500
0"
#10501
1"
b0011 &
#10502
0"
#10503
1"
b0100 &
#10504
0"
#10505
1"
b0101 &
#10506
0"
#10507
1"
b0110 &
#10508
0"
#10509
1"
b0111 &
#10510
0"
#10511
1"
b1000 &
#10512
0"
#10513
1"
b1001 &
#10514
0"
#10515
1"
b1010 &
#10516
0"
#10517
1"
b1011 &
#10518
0"
#10519
1"
b1100 &
#10520
0"
#10521
1"
b1101 &
#10522
0"
#10523
1"
b1110 &
#10524
0"
#10525
1"
b1111 &
#10526
0"
#10527
1"
b0000 &
#10528
0"
#10529
1"
b0001 &
#10530
0"
#10531
1"
b0010 &
#10532
0"
#10533
1"
b0011 &
#10534
0"
#10535
1"
b0100 &
#10536
0"
#10537
1"
b0101 &
#10538
0"
#10539
1"
b0110 &
#10540
0"
#10541
1"
b0111 &
#10542
0"
#10543
1"
b1000 &
#10544
0"
#10545
1"
b1001 &
#10546
0"
#10547
1"
b1010 &
#10548
0"
#10549
1"
b1011 &
#10550
0"
#10551
1"
b1100 &
#10552
0"
#10553
1"
b1101 &
#10554
0"
#10555
1"
b1110 &
#10556
0"
#10557
1"
b1111 &
#10558
0"
#10559
1"
b0000 &
#10560
0"
#10561
1"
b0001 &
#10562
0"
#10563
1"
b0010 &
#10564
0"
#10565
1"
b0011 &
#10566
0"
#10567
1"
b0100 &
#10568
0"
#10569
1"
b0101 &
#10570
0"
#10571
1"
b0110 &
#10572
0"
#10573
1"
b0111 &
#10574
0"
#10575
1"
b1000 &
#10576
0"
#10577
1"
b1001 &
#10578
0"
#10579
1"
b1010 &
#10580
0"
#10581
1"
b1011 &
#10582
0"
#10583
1"
b1100 &
#10584
0"
#10585
1"
b1101 &
#10586
0"
#10587
1"
b1110 &
#10588
0"
#10589
1"
b1111 &
#10590
0"
#10591
1"
b0000 &
#10592
0"
#10593
1"
b0001 &
#10594
0"
#10595
1"
b0010 &
#10596
0"
#10597
1"
b0011 &
#10598
0"
#10599
1"
b0100 &
#10600
0"
#10601
1"
b0101 &
#10602
0"
#10603
1"
b0110 &
#10604
0"
#10605
1"
b0111 &
#10606
0"
#10607
1"
b1000 &
#10608
0"
#10609
1"
b1001 &
#10610
0"
#10611
1"
b1010 &
#10612
0"
#10613
1"
b1011 &
#10614
0"
#10615
1"
b1100 &
#10616
0"
#10617
1"
b1101 &
#10618
0"
#10619
1"
b1110 &
#10620
0"
#10621
1"
b1111 &
#10622
0"
#10623
1"
b0000 &
#10624
0"
#10625
1"
b0001 &
#10626
0"
#10627
1"
b0010 &
#10628
0"
#10629
1"
b0011 &
#10630
0"
#10631
1"
b0100 &
#10632
0"
#10633
1"
b0101 &
#10634
0"
#10635
1"
b0110 &
#10636
0"
#10637
1"
b0111 &
#10638
0"
#10639
1"
b1000 &
#10640
0"
#10641
1"
b1001 &
#10642
0"
#10643
1"
b1010 &
#10644
0"
#10645
1"
b1011 &
#10646
0"
#10647
1"
b1100 &
#10648
0"
#10649
1"
b1101 &
#10650
0"
#10651
1"
b1110 &
#10652
0"
#10653
1"
b1111 &
#10654
0"
#10655
1"
b0000 &
#10656
0"
#10657
1"
b0001 &
#10658
0"
#10659
1"
b0010 &
#10660
0"
#10661
1"
b0011 &
#10662
0"
#10663
1"
b0100 &
#10664
0"
#10665
1"
b0101 &
#10666
0"
#10667
1"
b0110 &
#10668
0"
#10669
1"
b0111 &
#10670
0"
#10671
1"
b1000 &
#10672
0"
#10673
1"
b1001 &
#10674
0"
#10675
1"
b1010 &
#10676
0"
#10677
1"
b1011 &
#10678
0"
#10679
1"
b1100 &
#10680
0"
#10681
1"
b1101 &
#10682
0"
#10683
1"
b1110 &
#10684
0"
#10685
1"
b1111 &
#10686
0"
#10687
1"
b0000 &
#10688
0"
#10689
1"
b0001 &
#10690
0"
#10691
1"
b0010 &
#10692
0"
#10693
1"
b0011 &
#10694
0"
#10695
1"
b0100 &
#10696
0"
#10697
1"
b0101 &
#10698
0"
#10699
1"
b0110 &
#10700
0"
#10701
1"
b0111 &
#10702
0"
#10703
1"
b1000 &
#10704
0"
#10705
1"
b1001 &
#10706
0"
#10707
1"
b1010 &
#10708
0"
#10709
1"
b1011 &
#10710
0"
#10711
1"
b1100 &
#10712
0"
#10713
1"
b1101 &
#10714
0"
#10715
1"
b1110 &
#10716
0"
#10717
1"
b1111 &
#10718
0"
#10719
1"
b0000 &
#10720
0"
#10721
1"
b0001 &
#10722
0"
#10723
1"
b0010 &
#10724
0"
#10725
1"
b0011 &
#10726
0"
#10727
1"
b0100 &
#10728
0"
#10729
1"
b0101 &
#10730
0"
#10731
1"
b0110 &
#10732
0"
#10733
1"
b0111 &
#10734
0"
#10735
1"
b1000 &
#10736
0"
#10737
1"
b1001 &
#10738
0"
#10739
1"
b1010 &
#10740
0"
#10741
1"
b1011 &
#10742
0"
#10743
1"
b1100 &
#10744
0"
#10745
1"
b1101 &
#10746
0"
#10747
1"
b1110 &
#10748
0"
#10749
1"
b1111 &
#10750
0"
#10751
1"
b0000 &
#10752
0"
#10753
1"
b0001 &
#10754
0"
#10755
1"
b0010 &
#10756
0"
#10757
1"
b0011 &
#10758
0"
#10759
1"
b0100 &
#10760
0"
#10761
1"
b0101 &
#10762
0"
#10763
1"
b0110 &
#10764
0"
#10765
1"
b0111 &
#10766
0"
#10767
1"
b1000 &
#10768
0"
#10769
1"
b1001 &
#10770
0"
#10771
1"
b1010 &
#10772
0"
#10773
1"
b1011 &
#10774
0"
#10775
1"
b1100 &
#10776
0"
#10777
1"
b1101 &
#10778
0"
#10779
1"
b1110 &
#10780
0"
#10781
1"
b1111 &
#10782
0"
#10783
1"
b0000 &
#10784
0"
#10785
1"
b0001 &
#10786
0"
#10787
1"
b0010 &
#10788
0"
#10789
1"
b0011 &
#10790
0"
#10791
1"
b0100 &
#10792
0"
#10793
1"
b0101 &
#10794
0"
#10795
1"
b0110 &
#10796
0"
#10797
1"
b0111 &
#10798
0"
#10799
1"
b1000 &
#10800
0"
#10801
1"
b1001 &
#10802
0"
#10803
1"
b1010 &
#10804
0"
#10805
1"
b1011 &
#10806
0"
#10807
1"
b1100 &
#10808
0"
#10809
1"
b1101 &
#10810
0"
#10811
1"
b1110 &
#10812
0"
#10813
1"
b1111 &
#10814
0"
#10815
1"
b0000 &
#10816
0"
#10817
1"
b0001 &
#10818
0"
#10819
1"
b0010 &
#10820
0"
#10821
1"
b0011 &
#10822
0"
#10823
1"
b0100 &
#10824
0"
#10825
1"
b0101 &
#10826
0"
#10827
1"
b0110 &
#10828
0"
#10829
1"
b0111 &
#10830
0"
#10831
1"
b1000 &
#10832
0"
#10833
1"
b1001 &
#10834
0"
#10835
1"
b1010 &
#10836
0"
#10837
1"
b1011 &
#10838
0"
#10839
1"
b1100 &
#10840
0"
#10841
1"
b1101 &
#10842
0"
#10843
1"
b1110 &
#10844
0"
#10845
1"
b1111 &
#10846
0"
#10847
1"
b0000 &
#10848
0"
#10849
1"
b0001 &
#10850
0"
#10851
1"
b0010 &
#10852
0"
#10853
1"
b0011 &
#10854
0"
#10855
1"
b0100 &
#10856
0"
#10857
1"
b0101 &
#10858
0"
#10859
1"
b0110 &
#10860
0"
#10861
1"
b0111 &
#10862
0"
#10863
1"
b1000 &
#10864
0"
#10865
1"
b1001 &
#10866
0"
#10867
1"
b1010 &
#10868
0"
#10869
1"
b1011 &
#10870
0"
#10871
1"
b1100 &
#10872
0"
#10873
1"
b1101 &
#10874
0"
#10875
1"
b1110 &
#10876
0"
#10877
1"
b1111 &
#10878
0"
#10879
1"
b0000 &
#10880
0"
#10881
1"
b0001 &
#10882
0"
#10883
1"
b0010 &
#10884
0"
#10885
1"
b0011 &
#10886
0"
#10887
1"
b0100 &
#10888
0"
#10889
1"
b0101 &
#10890
0"
#10891
1"
b0110 &
#10892
0"
#10893
1"
b0111 &
#10894
0"
#10895
1"
b1000 &
#10896
0"
#10897
1"
b1001 &
#10898
0"
#10899
1"
b1010 &
#10900
0"
#10901
1"
b1011 &
#10902
0"
#10903
1"
b1100 &
#10904
0"
#10905
1"
b1101 &
#10906
0"
#10907
1"
b1110 &
#10908
0"
#10909
1"
b1111 &
#10910
0"
#10911
1"
b0000 &
#10912
0"
#10913
1"
b0001 &
#10914
0"
#10915
1"
b0010 &
#10916
0"
#10917
1"
b0011 &
#10918
0"
#10919
1"
b0100 &
#10920
0"
#10921
1"
b0101 &
#10922
0"
#10923
1"
b0110 &
#10924
0"
#10925
1"
b0111 &
#10926
0"
#10927
1"
b1000 &
#10928
0"
#10929
1"
b1001 &
#10930
0"
#10931
1"
b1010 &
#10932
0"
#10933
1"
b1011 &
#10934
0"
#10935
1"
b1100 &
#10936
0"
#10937
1"
b1101 &
#10938
0"
#10939
1"
b1110 &
#10940
0"
#10941
1"
b1111 &
#10942
0"
#10943
1"
b0000 &
#10944
0"
#10945
1"
b0001 &
#10946
0"
#10947
1"
b0010 &
#10948
0"
#10949
1"
b0011 &
#10950
0"
#10951
1"
b0100 &
#10952
0"
#10953
1"
b0101 &
#10954
0"
#10955
1"
b0110 &
#10956
0"
#10957
1"
b0111 &
#10958
0"
#10959
1"
b1000 &
#10960
0"
#10961
1"
b1001 &
#10962
0"
#10963
1"
b1010 &
#10964
0"
#10965
1"
b1011 &
#10966
0"
#10967
1"
b1100 &
#10968
0"
#10969
1"
b1101 &
#10970
0"
#10971
1"
b1110 &
#10972
0"
#10973
1"
b1111 &
#10974
0"
#10975
1"
b0000 &
#10976
0"
#10977
1"
b0001 &
#10978
0"
#10979
1"
b0010 &
#10980
0"
#10981
1"
b0011 &
#10982
0"
#10983
1"
b0100 &
#10984
0"
#10985
1"
b0101 &
#10986
0"
#10987
1"
b0110 &
#10988
0"
#10989
1"
b0111 &
#10990
0"
#10991
1"
b1000 &
#10992
0"
#10993
1"
b1001 &
#10994
0"
#10995
1"
b1010 &
#10996
0"
#10997
1"
b1011 &
#10998
0"
#10999
1"
b1100 &
#11000
0"
#11001
1"
b1101 &
#11002
0"
#11003
1"
b1110 &
#11004
0"
#11005
1"
b1111 &
#11006
0"
#11007
1"
b0000 &
#11008
0"
#11009
1"
b0001 &
#11010
0"
#11011
1"
b0010 &
#11012
0"
#11013
1"
b0011 &
#11014
0"
#11015
1"
b0100 &
#11016
0"
#11017
1"
b0101 &
#11018
0"
#11019
1"
b0110 &
#11020
0"
#11021
1"
b0111 &
#11022
0"
#11023
1"
b1000 &
#11024
0"
#11025
1"
b1001 &
#11026
0"
#11027
1"
b1010 &
#11028
0"
#11029
1"
b1011 &
#11030
0"
#11031
1"
b1100 &
#11032
0"
#11033
1"
b1101 &
#11034
0"
#11035
1"
b1110 &
#11036
0"
#11037
1"
b1111 &
#11038
0"
#11039
1"
b0000 &
#11040
0"
#11041
1"
b0001 &
#11042
0"
#11043
1"
b0010 &
#11044
0"
#11045
1"
b0011 &
#11046
0"
#11047
1"
b0100 &
#11048
0"
#11049
1"
b0101 &
#11050
0"
#11051
1"
b0110 &
#11052
0"
#11053
1"
b0111 &
#11054
0"
#11055
1"
b1000 &
#11056
0"
#11057
1"
b1001 &
#11058
0"
#11059
1"
b1010 &
#11060
0"
#11061
1"
b1011 &
#11062
0"
#11063
1"
b1100 &
#11064
0"
#11065
1"
b1101 &
#11066
0"
#11067
1"
b1110 &
#11068
0"
#11069
1"
b1111 &
#11070
0"
#11071
1"
b0000 &
#11072
0"
#11073
1"
b0001 &
#11074
0"
#11075
1"
b0010 &
#11076
0"
#11077
1"
b0011 &
#11078
0"
#11079
1"
b0100 &
#11080
0"
#11081
1"
b0101 &
#11082
0"
#11083
1"
b0110 &
#11084
0"
#11085
1"
b0111 &
#11086
0"
#11087
1"
b1000 &
#11088
0"
#11089
1"
b1001 &
#11090
0"
#11091
1"
b1010 &
#11092
0"
#11093
1"
b1011 &
#11094
0"
#11095
1"
b1100 &
#11096
0"
#11097
1"
b1101 &
#11098
0"
#11099
1"
b1110 &
#11100
0"
#11101
1"
b1111 &
#11102
0"
#11103
1"
b0000 &
#11104
0"
#11105
1"
b0001 &
#11106
0"
#11107
1"
b0010 &
#11108
0"
#11109
1"
b0011 &
#11110
0"
#11111
1"
b0100 &
#11112
0"
#11113
1"
b0101 &
#11114
0"
#11115
1"
b0110 &
#11116
0"
#11117
1"
b0111 &
#11118
0"
#11119
1"
b1000 &
#11120
0"
#11121
1"
b1001 &
#11122
0"
#11123
1"
b1010 &
#11124
0"
#11125
1"
b1011 &
#11126
0"
#11127
1"
b1100 &
#11128
0"
#11129
1"
b1101 &
#11130
0"
#11131
1"
b1110 &
#11132
0"
#11133
1"
b1111 &
#11134
0"
#11135
1"
b0000 &
#11136
0"
#11137
1"
b0001 &
#11138
0"
#11139
1"
b0010 &
#11140
0"
#11141
1"
b0011 &
#11142
0"
#11143
1"
b0100 &
#11144
0"
#11145
1"
b0101 &
#11146
0"
#11147
1"
b0110 &
#11148
0"
#11149
1"
b0111 &
#11150
0"
#11151
1"
b1000 &
#11152
0"
#11153
1"
b1001 &
#11154
0"
#11155
1"
b1010 &
#11156
0"
#11157
1"
b1011 &
#11158
0"
#11159
1"
b1100 &
#11160
0"
#11161
1"
b1101 &
#11162
0"
#11163
1"
b1110 &
#11164
0"
#11165
1"
b1111 &
#11166
0"
#11167
1"
b0000 &
#11168
0"
#11169
1"
b0001 &
#11170
0"
#11171
1"
b0010 &
#11172
0"
#11173
1"
b0011 &
#11174
0"
#11175
1"
b0100 &
#11176
0"
#11177
1"
b0101 &
#11178
0"
#11179
1"
b0110 &
#11180
0"
#11181
1"
b0111 &
#11182
0"
#11183
1"
b1000 &
#11184
0"
#11185
1"
b1001 &
#11186
0"
#11187
1"
b1010 &
#11188
0"
#11189
1"
b1011 &
#11190
0"
#11191
1"
b1100 &
#11192
0"
#11193
1"
b1101 &
#11194
0"
#11195
1"
b1110 &
#11196
0"
#11197
1"
b1111 &
#11198
0"
#11199
1"
b0000 &
#11200
0"
#11201
1"
b0001 &
#11202
0"
#11203
1"
b0010 &
#11204
0"
#11205
1"
b0011 &
#11206
0"
#11207
1"
b0100 &
#11208
0"
#11209
1"
b0101 &
#11210
0"
#11211
1"
b0110 &
#11212
0"
#11213
1"
b0111 &
#11214
0"
#11215
1"
b1000 &
#11216
0"
#11217
1"
b1001 &
#11218
0"
#11219
1"
b1010 &
#11220
0"
#11221
1"
b1011 &
#11222
0"
#11223
1"
b1100 &
#11224
0"
#11225
1"
b1101 &
#11226
0"
#11227
1"
b1110 &
#11228
0"
#11229
1"
b1111 &
#11230
0"
#11231
1"
b0000 &
#11232
0"
#11233
1"
b0001 &
#11234
0"
#11235
1"
b0010 &
#11236
0"
#11237
1"
b0011 &
#11238
0"
#11239
1"
b0100 &
#11240
0"
#11241
1"
b0101 &
#11242
0"
#11243
1"
b0110 &
#11244
0"
#11245
1"
b0111 &
#11246
0"
#11247
1"
b1000 &
#11248
0"
#11249
1"
b1001 &
#11250
0"
#11251
1"
b1010 &
#11252
0"
#11253
1"
b1011 &
#11254
0"
#11255
1"
b1100 &
#11256
0"
#11257
1"
b1101 &
#11258
0"
#11259
1"
b1110 &
#11260
0"
#11261
1"
b1111 &
#11262
0"
#11263
1"
b0000 &
#11264
0"
#11265
1"
b0001 &
#11266
0"
#11267
1"
b0010 &
#11268
0"
#11269
1"
b0011 &
#11270
0"
#11271
1"
b0100 &
#11272
0"
#11273
1"
b0101 &
#11274
0"
#11275
1"
b0110 &
#11276
0"
#11277
1"
b0111 &
#11278
0"
#11279
1"
b1000 &
#11280
0"
#11281
1"
b1001 &
#11282
0"
#11283
1"
b1010 &
#11284
0"
#11285
1"
b1011 &
#11286
0"
#11287
1"
b1100 &
#11288
0"
#11289
1"
b1101 &
#11290
0"
#11291
1"
b1110 &
#11292
0"
#11293
1"
b1111 &
#11294
0"
#11295
1"
b0000 &
#11296
0"
#11297
1"
b0001 &
#11298
0"
#11299
1"
b0010 &
#11300
0"
#11301
1"
b0011 &
#11302
0"
#11303
1"
b0100 &
#11304
0"
#11305
1"
b0101 &
#11306
0"
#11307
1"
b0110 &
#11308
0"
#11309
1"
b0111 &
#11310
0"
#11311
1"
b1000 &
#11312
0"
#11313
1"
b1001 &
#11314
0"
#11315
1"
b1010 &
#11316
0"
#11317
1"
b1011 &
#11318
0"
#11319
1"
b1100 &
#11320
0"
#11321
1"
b1101 &
#11322
0"
#11323
1"
b1110 &
#11324
0"
#11325
1"
b1111 &
#11326
0"
#11327
1"
b0000 &
#11328
0"
#11329
1"
b0001 &
#11330
0"
#11331
1"
b0010 &
#11332
0"
#11333
1"
b0011 &
#11334
0"
#11335
1"
b0100 &
#11336
0"
#11337
1"
b0101 &
#11338
0"
#11339
1"
b0110 &
#11340
0"
#11341
1"
b0111 &
#11342
0"
#11343
1"
b1000 &
#11344
0"
#11345
1"
b1001 &
#11346
0"
#11347
1"
b1010 &
#11348
0"
#11349
1"
b1011 &
#11350
0"
#11351
1"
b1100 &
#11352
0"
#11353
1"
b1101 &
#11354
0"
#11355
1"
b1110 &
#11356
0"
#11357
1"
b1111 &
#11358
0"
#11359
1"
b0000 &
#11360
0"
#11361
1"
b0001 &
#11362
0"
#11363
1"
b0010 &
#11364
0"
#11365
1"
b0011 &
#11366
0"
#11367
1"
b0100 &
#11368
0"
#11369
1"
b0101 &
#11370
0"
#11371
1"
b0110 &
#11372
0"
#11373
1"
b0111 &
#11374
0"
#11375
1"
b1000 &
#11376
0"
#11377
1"
b1001 &
#11378
0"
#11379
1"
b1010 &
#11380
0"
#11381
1"
b1011 &
#11382
0"
#11383
1"
b1100 &
#11384
0"
#11385
1"
b1101 &
#11386
0"
#11387
1"
b1110 &
#11388
0"
#11389
1"
b1111 &
#11390
0"
#11391
1"
b0000 &
#11392
0"
#11393
1"
b0001 &
#11394
0"
#11395
1"
b0010 &
#11396
0"
#11397
1"
b0011 &
#11398
0"
#11399
1"
b0100 &
#11400
0"
#11401
1"
b0101 &
#11402
0"
#11403
1"
b0110 &
#11404
0"
#11405
1"
b0111 &
#11406
0"
#11407
1"
b1000 &
#11408
0"
#11409
1"
b1001 &
#11410
0"
#11411
1"
b1010 &
#11412
0"
#11413
1"
b1011 &
#11414
0"
#11415
1"
b1100 &
#11416
0"
#11417
1"
b1101 &
#11418
0"
#11419
1"
b1110 &
#11420
0"
#11421
1"
b1111 &
#11422
0"
#11423
1"
b0000 &
#11424
0"
#11425
1"
b0001 &
#11426
0"
#11427
1"
b0010 &
#11428
0"
#11429
1"
b0011 &
#11430
0"
#11431
1"
b0100 &
#11432
0"
#11433
1"
b0101 &
#11434
0"
#11435
1"
b0110 &
#11436
0"
#11437
1"
b0111 &
#11438
0"
#11439
1"
b1000 &
#11440
0"
#11441
1"
b1001 &
#11442
0"
#11443
1"
b1010 &
#11444
0"
#11445
1"
b1011 &
#11446
0"
#11447
1"
b1100 &
#11448
0"
#11449
1"
b1101 &
#11450
0"
#11451
1"
b1110 &
#11452
0"
#11453
1"
b1111 &
#11454
0"
#11455
1"
b0000 &
#11456
0"
#11457
1"
b0001 &
#11458
0"
#11459
1"
b0010 &
#11460
0"
#11461
1"
b0011 &
#11462
0"
#11463
1"
b0100 &
#11464
0"
#11465
1"
b0101 &
#11466
0"
#11467
1"
b0110 &
#11468
0"
#11469
1"
b0111 &
#11470
0"
#11471
1"
b1000 &
#11472
0"
#11473
1"
b1001 &
#11474
0"
#11475
1"
b1010 &
#11476
0"
#11477
1"
b1011 &
#11478
0"
#11479
1"
b1100 &
#11480
0"
#11481
1"
b1101 &
#11482
0"
#11483
1"
b1110 &
#11484
0"
#11485
1"
b1111 &
#11486
0"
#11487
1"
b0000 &
#11488
0"
#11489
1"
b0001 &
#11490
0"
#11491
1"
b0010 &
#11492
0"
#11493
1"
b0011 &
#11494
0"
#11495
1"
b0100 &
#11496
0"
#11497
1"
b0101 &
#11498
0"
#11499
1"
b0110 &
#11500
0"
#11501
1"
b0111 &
#11502
0"
#11503
1"
b1000 &
#11504
0"
#11505
1"
b1001 &
#11506
0"
#11507
1"
b1010 &
#11508
0"
#11509
1"
b1011 &
#11510
0"
#11511
1"
b1100 &
#11512
0"
#11513
1"
b1101 &
#11514
0"
#11515
1"
b1110 &
#11516
0"
#11517
1"
b1111 &
#11518
0"
#11519
1"
b0000 &
#11520
0"
#11521
1"
b0001 &
#11522
0"
#11523
1"
b0010 &
#11524
0"
#11525
1"
b0011 &
#11526
0"
#11527
1"
b0100 &
#11528
0"
#11529
1"
b0101 &
#11530
0"
#11531
1"
b0110 &
#11532
0"
#11533
1"
b0111 &
#11534
0"
#11535
1"
b1000 &
#11536
0"
#11537
1"
b1001 &
#11538
0"
#11539
1"
b1010 &
#11540
0"
#11541
1"
b1011 &
#11542
0"
#11543
1"
b1100 &
#11544
0"
#11545
1"
b1101 &
#11546
0"
#11547
1"
b1110 &
#11548
0"
#11549
1"
b1111 &
#11550
0"
#11551
1"
b0000 &
#11552
0"
#11553
1"
b0001 &
#11554
0"
#11555
1"
b0010 &
#11556
0"
#11557
1"
b0011 &
#11558
0"
#11559
1"
b0100 &
#11560
0"
#11561
1"
b0101 &
#11562
0"
#11563
1"
b0110 &
#11564
0"
#11565
1"
b0111 &
#11566
0"
#11567
1"
b1000 &
#11568
0"
#11569
1"
b1001 &
#11570
0"
#11571
1"
b1010 &
#11572
0"
#11573
1"
b1011 &
#11574
0"
#11575
1"
b1100 &
#11576
0"
#11577
1"
b1101 &
#11578
0"
#11579
1"
b1110 &
#11580
0"
#11581
1"
b1111 &
#11582
0"
#11583
1"
b0000 &
#11584
0"
#11585
1"
b0001 &
#11586
0"
#11587
1"
b0010 &
#11588
0"
#11589
1"
b0011 &
#11590
0"
#11591
1"
b0100 &
#11592
0"
#11593
1"
b0101 &
#11594
0"
#11595
1"
b0110 &
#11596
0"
#11597
1"
b0111 &
#11598
0"
#11599
1"
b1000 &
#11600
0"
#11601
1"
b1001 &
#11602
0"
#11603
1"
b1010 &
#11604
0"
#11605
1"
b1011 &
#11606
0"
#11607
1"
b1100 &
#11608
0"
#11609
1"
b1101 &
#11610
0"
#11611
1"
b1110 &
#11612
0"
#11613
1"
b1111 &
#11614
0"
#11615
1"
b0000 &
#11616
0"
#11617
1"
b0001 &
#11618
0"
#11619
1"
b0010 &
#11620
0"
#11621
1"
b0011 &
#11622
0"
#11623
1"
b0100 &
#11624
0"
#11625
1"
b0101 &
#11626
0"
#11627
1"
b0110 &
#11628
0"
#11629
1"
b0111 &
#11630
0"
#11631
1"
b1000 &
#11632
0"
#11633
1"
b1001 &
#11634
0"
#11635
1"
b1010 &
#11636
0"
#11637
1"
b1011 &
#11638
0"
#11639
1"
b1100 &
#11640
0"
#11641
1"
b1101 &
#11642
0"
#11643
1"
b1110 &
#11644
0"
#11645
1"
b1111 &
#11646
0"
#11647
1"
b0000 &
#11648
0"
#11649
1"
b0001 &
#11650
0"
#11651
1"
b0010 &
#11652
0"
#11653
1"
b0011 &
#11654
0"
#11655
1"
b0100 &
#11656
0"
#11657
1"
b0101 &
#11658
0"
#11659
1"
b0110 &
#11660
0"
#11661
1"
b0111 &
#11662
0"
#11663
1"
b1000 &
#11664
0"
#11665
1"
b1001 &
#11666
0"
#11667
1"
b1010 &
#11668
0"
#11669
1"
b1011 &
#11670
0"
#11671
1"
b1100 &
#11672
0"
#11673
1"
b1101 &
#11674
0"
#11675
1"
b1110 &
#11676
0"
#11677
1"
b1111 &
#11678
0"
#11679
1"
b0000 &
#11680
0"
#11681
1"
b0001 &
#11682
0"
#11683
1"
b0010 &
#11684
0"
#11685
1"
b0011 &
#11686
0"
#11687
1"
b0100 &
#11688
0"
#11689
1"
b0101 &
#11690
0"
#11691
1"
b0110 &
#11692
0"
#11693
1"
b0111 &
#11694
0"
#11695
1"
b1000 &
#11696
0"
#11697
1"
b1001 &
#11698
0"
#11699
1"
b1010 &
#11700
0"
#11701
1"
b1011 &
#11702
0"
#11703
1"
b1100 &
#11704
0"
#11705
1"
b1101 &
#11706
0"
#11707
1"
b1110 &
#11708
0"
#11709
1"
b1111 &
#11710
0"
#11711
1"
b0000 &
#11712
0"
#11713
1"
b0001 &
#11714
0"
#11715
1"
b0010 &
#11716
0"
#11717
1"
b0011 &
#11718
0"
#11719
1"
b0100 &
#11720
0"
#11721
1"
b0101 &
#11722
0"
#11723
1"
b0110 &
#11724
0"
#11725
1"
b0111 &
#11726
0"
#11727
1"
b1000 &
#11728
0"
#11729
1"
b1001 &
#11730
0"
#11731
1"
b1010 &
#11732
0"
#11733
1"
b1011 &
#11734
0"
#11735
1"
b1100 &
#11736
0"
#11737
1"
b1101 &
#11738
0"
#11739
1"
b1110 &
#11740
0"
#11741
1"
b1111 &
#11742
0"
#11743
1"
b0000 &
#11744
0"
#11745
1"
b0001 &
#11746
0"
#11747
1"
b0010 &
#11748
0"
#11749
1"
b0011 &
#11750
0"
#11751
1"
b0100 &
#11752
0"
#11753
1"
b0101 &
#11754
0"
#11755
1"
b0110 &
#11756
0"
#11757
1"
b0111 &
#11758
0"
#11759
1"
b1000 &
#11760
0"
#11761
1"
b1001 &
#11762
0"
#11763
1"
b1010 &
#11764
0"
#11765
1"
b1011 &
#11766
0"
#11767
1"
b1100 &
#11768
0"
#11769
1"
b1101 &
#11770
0"
#11771
1"
b1110 &
#11772
0"
#11773
1"
b1111 &
#11774
0"
#11775
1"
b0000 &
#11776
0"
#11777
1"
b0001 &
#11778
0"
#11779
1"
b0010 &
#11780
0"
#11781
1"
b0011 &
#11782
0"
#11783
1"
b0100 &
#11784
0"
#11785
1"
b0101 &
#11786
0"
#11787
1"
b0110 &
#11788
0"
#11789
1"
b0111 &
#11790
0"
#11791
1"
b1000 &
#11792
0"
#11793
1"
b1001 &
#11794
0"
#11795
1"
b1010 &
#11796
0"
#11797
1"
b1011 &
#11798
0"
#11799
1"
b1100 &
#11800
0"
#11801
1"
b1101 &
#11802
0"
#11803
1"
b1110 &
#11804
0"
#11805
1"
b1111 &
#11806
0"
#11807
1"
b0000 &
#11808
0"
#11809
1"
b0001 &
#11810
0"
#11811
1"
b0010 &
#11812
0"
#11813
1"
b0011 &
#11814
0"
#11815
1"
b0100 &
#11816
0"
#11817
1"
b0101 &
#11818
0"
#11819
1"
b0110 &
#11820
0"
#11821
1"
b0111 &
#11822
0"
#11823
1"
b1000 &
#11824
0"
#11825
1"
b1001 &
#11826
0"
#11827
1"
b1010 &
#11828
0"
#11829
1"
b1011 &
#11830
0"
#11831
1"
b1100 &
#11832
0"
#11833
1"
b1101 &
#11834
0"
#11835
1"
b1110 &
#11836
0"
#11837
1"
b1111 &
#11838
0"
#11839
1"
b0000 &
#11840
0"
#11841
1"
b0001 &
#11842
0"
#11843
1"
b0010 &
#11844
0"
#11845
1"
b0011 &
#11846
0"
#11847
1"
b0100 &
#11848
0"
#11849
1"
b0101 &
#11850
0"
#11851
1"
b0110 &
#11852
0"
#11853
1"
b0111 &
#11854
0"
#11855
1"
b1000 &
#11856
0"
#11857
1"
b1001 &
#11858
0"
#11859
1"
b1010 &
#11860
0"
#11861
1"
b1011 &
#11862
0"
#11863
1"
b1100 &
#11864
0"
#11865
1"
b1101 &
#11866
0"
#11867
1"
b1110 &
#11868
0"
#11869
1"
b1111 &
#11870
0"
#11871
1"
b0000 &
#11872
0"
#11873
1"
b0001 &
#11874
0"
#11875
1"
b0010 &
#11876
0"
#11877
1"
b0011 &
#11878
0"
#11879
1"
b0100 &
#11880
0"
#11881
1"
b0101 &
#11882
0"
#11883
1"
b0110 &
#11884
0"
#11885
1"
b0111 &
#11886
0"
#11887
1"
b1000 &
#11888
0"
#11889
1"
b1001 &
#11890
0"
#11891
1"
b1010 &
#11892
0"
#11893
1"
b1011 &
#11894
0"
#11895
1"
b1100 &
#11896
0"
#11897
1"
b1101 &
#11898
0"
#11899
1"
b1110 &
#11900
0"
#11901
1"
b1111 &
#11902
0"
#11903
1"
b0000 &
#11904
0"
#11905
1"
b0001 &
#11906
0"
#11907
1"
b0010 &
#11908
0"
#11909
1"
b0011 &
#11910
0"
#11911
1"
b0100 &
#11912
0"
#11913
1"
b0101 &
#11914
0"
#11915
1"
b0110 &
#11916
0"
#11917
1"
b0111 &
#11918
0"
#11919
1"
b1000 &
#11920
0"
#11921
1"
b1001 &
#11922
0"
#11923
1"
b1010 &
#11924
0"
#11925
1"
b1011 &
#11926
0"
#11927
1"
b1100 &
#11928
0"
#11929
1"
b1101 &
#11930
0"
#11931
1"
b1110 &
#11932
0"
#11933
1"
b1111 &
#11934
0"
#11935
1"
b0000 &
#11936
0"
#11937
1"
b0001 &
#11938
0"
#11939
1"
b0010 &
#11940
0"
#11941
1"
b0011 &
#11942
0"
#11943
1"
b0100 &
#11944
0"
#11945
1"
b0101 &
#11946
0"
#11947
1"
b0110 &
#11948
0"
#11949
1"
b0111 &
#11950
0"
#11951
1"
b1000 &
#11952
0"
#11953
1"
b1001 &
#11954
0"
#11955
1"
b1010 &
#11956
0"
#11957
1"
b1011 &
#11958
0"
#11959
1"
b1100 &
#11960
0"
#11961
1"
b1101 &
#11962
0"
#11963
1"
b1110 &
#11964
0"
#11965
1"
b1111 &
#11966
0"
#11967
1"
b0000 &
#11968
0"
#11969
1"
b0001 &
#11970
0"
#11971
1"
b0010 &
#11972
0"
#11973
1"
b0011 &
#11974
0"
#11975
1"
b0100 &
#11976
0"
#11977
1"
b0101 &
#11978
0"
#11979
1"
b0110 &
#11980
0"
#11981
1"
b0111 &
#11982
0"
#11983
1"
b1000 &
#11984
0"
#11985
1"
b1001 &
#11986
0"
#11987
1"
b1010 &
#11988
0"
#11989
1"
b1011 &
#11990
0"
#11991
1"
b1100 &
#11992
0"
#11993
1"
b1101 &
#11994
0"
#11995
1"
b1110 &
#11996
0"
#11997
1"
b1111 &
#11998
0"
#11999
1"
b0000 &
#12000
0"
#12001
1"
b0001 &
#12002
0"
#12003
1"
b0010 &
#12004
0"
#12005
1"
b0011 &
#12006
0"
#12007
1"
b0100 &
#12008
0"
#12009
1"
b0101 &
#12010
0"
#12011
1"
b0110 &
#12012
0"
#12013
1"
b0111 &
#12014
0"
#12015
1"
b1000 &
#12016
0"
#12017
1"
b1001 &
#12018
0"
#12019
1"
b1010 &
#12020
0"
#12021
1"
b1011 &
#12022
0"
#12023
1"
b1100 &
#12024
0"
#12025
1"
b1101 &
#12026
0"
#12027
1"
b1110 &
#12028
0"
#12029
1"
b1111 &
#12030
0"
#12031
1"
b0000 &
#12032
0"
#12033
1"
b0001 &
#12034
0"
#12035
1"
b0010 &
#12036
0"
#12037
1"
b0011 &
#12038
0"
#12039
1"
b0100 &
#12040
0"
#12041
1"
b0101 &
#12042
0"
#12043
1"
b0110 &
#12044
0"
#12045
1"
b0111 &
#12046
0"
#12047
1"
b1000 &
#12048
0"
#12049
1"
b1001 &
#12050
0"
#12051
1"
b1010 &
#12052
0"
#12053
1"
b1011 &
#12054
0"
#12055
1"
b1100 &
#12056
0"
#12057
1"
b1101 &
#12058
0"
#12059
1"
b1110 &
#12060
0"
#12061
1"
b1111 &
#12062
0"
#12063
1"
b0000 &
#12064
0"
#12065
1"
b0001 &
#12066
0"
#12067
1"
b0010 &
#12068
0"
#12069
1"
b0011 &
#12070
0"
#12071
1"
b0100 &
#12072
0"
#12073
1"
b0101 &
#12074
0"
#12075
1"
b0110 &
#12076
0"
#12077
1"
b0111 &
#12078
0"
#12079
1"
b1000 &
#12080
0"
#12081
1"
b1001 &
#12082
0"
#12083
1"
b1010 &
#12084
0"
#12085
1"
b1011 &
#12086
0"
#12087
1"
b1100 &
#12088
0"
#12089
1"
b1101 &
#12090
0"
#12091
1"
b1110 &
#12092
0"
#12093
1"
b1111 &
#12094
0"
#12095
1"
b0000 &
#12096
0"
#12097
1"
b0001 &
#12098
0"
#12099
1"
b0010 &
#12100
0"
#12101
1"
b0011 &
#12102
0"
#12103
1"
b0100 &
#12104
0"
#12105
1"
b0101 &
#12106
0"
#12107
1"
b0110 &
#12108
0"
#12109
1"
b0111 &
#12110
0"
#12111
1"
b1000 &
#12112
0"
#12113
1"
b1001 &
#12114
0"
#12115
1"
b1010 &
#12116
0"
#12117
1"
b1011 &
#12118
0"
#12119
1"
b1100 &
#12120
0"
#12121
1"
b1101 &
#12122
0"
#12123
1"
b1110 &
#12124
0"
#12125
1"
b1111 &
#12126
0"
#12127
1"
b0000 &
#12128
0"
#12129
1"
b0001 &
#12130
0"
#12131
1"
b0010 &
#12132
0"
#12133
1"
b0011 &
#12134
0"
#12135
1"
b0100 &
#12136
0"
#12137
1"
b0101 &
#12138
0"
#12139
1"
b0110 &
#12140
0"
#12141
1"
b0111 &
#12142
0"
#12143
1"
b1000 &
#12144
0"
#12145
1"
b1001 &
#12146
0"
#12147
1"
b1010 &
#12148
0"
#12149
1"
b1011 &
#12150
0"
#12151
1"
b1100 &
#12152
0"
#12153
1"
b1101 &
#12154
0"
#12155
1"
b1110 &
#12156
0"
#12157
1"
b1111 &
#12158
0"
#12159
1"
b0000 &
#12160
0"
#12161
1"
b0001 &
#12162
0"
#12163
1"
b0010 &
#12164
0"
#12165
1"
b0011 &
#12166
0"
#12167
1"
b0100 &
#12168
0"
#12169
1"
b0101 &
#12170
0"
#12171
1"
b0110 &
#12172
0"
#12173
1"
b0111 &
#12174
0"
#12175
1"
b1000 &
#12176
0"
#12177
1"
b1001 &
#12178
0"
#12179
1"
b1010 &
#12180
0"
#12181
1"
b1011 &
#12182
0"
#12183
1"
b1100 &
#12184
0"
#12185
1"
b1101 &
#12186
0"
#12187
1"
b1110 &
#12188
0"
#12189
1"
b1111 &
#12190
0"
#12191
1"
b0000 &
#12192
0"
#12193
1"
b0001 &
#12194
0"
#12195
1"
b0010 &
#12196
0"
#12197
1"
b0011 &
#12198
0"
#12199
1"
b0100 &
#12200
0"
#12201
1"
b0101 &
#12202
0"
#12203
1"
b0110 &
#12204
0"
#12205
1"
b0111 &
#12206
0"
#12207
1"
b1000 &
#12208
0"
#12209
1"
b1001 &
#12210
0"
#12211
1"
b1010 &
#12212
0"
#12213
1"
b1011 &
#12214
0"
#12215
1"
b1100 &
#12216
0"
#12217
1"
b1101 &
#12218
0"
#12219
1"
b1110 &
#12220
0"
#12221
1"
b1111 &
#12222
0"
#12223
1"
b0000 &
#12224
0"
#12225
1"
b0001 &
#12226
0"
#12227
1"
b0010 &
#12228
0"
#12229
1"
b0011 &
#12230
0"
#12231
1"
b0100 &
#12232
0"
#12233
1"
b0101 &
#12234
0"
#12235
1"
b0110 &
#12236
0"
#12237
1"
b0111 &
#12238
0"
#12239
1"
b1000 &
#12240
0"
#12241
1"
b1001 &
#12242
0"
#12243
1"
b1010 &
#12244
0"
#12245
1"
b1011 &
#12246
0"
#12247
1"
b1100 &
#12248
0"
#12249
1"
b1101 &
#12250
0"
#12251
1"
b1110 &
#12252
0"
#12253
1"
b1111 &
#12254
0"
#12255
1"
b0000 &
#12256
0"
#12257
1"
b0001 &
#12258
0"
#12259
1"
b0010 &
#12260
0"
#12261
1"
b0011 &
#12262
0"
#12263
1"
b0100 &
#12264
0"
#12265
1"
b0101 &
#12266
0"
#12267
1"
b0110 &
#12268
0"
#12269
1"
b0111 &
#12270
0"
#12271
1"
b1000 &
#12272
0"
#12273
1"
b1001 &
#12274
0"
#12275
1"
b1010 &
#12276
0"
#12277
1"
b1011 &
#12278
0"
#12279
1"
b1100 &
#12280
0"
#12281
1"
b1101 &
#12282
0"
#12283
1"
b1110 &
#12284
0"
#12285
1"
b1111 &
#12286
0"
#12287
1"
b0000 &
#12288
0"
#12289
1"
b0001 &
#12290
0"
#12291
1"
b0010 &
#12292
0"
#12293
1"
b0011 &
#12294
0"
#12295
1"
b0100 &
#12296
0"
#12297
1"
b0101 &
#12298
0"
#12299
1"
b0110 &
#12300
0"
#12301
1"
b0111 &
#12302
0"
#12303
1"
b1000 &
#12304
0"
#12305
1"
b1001 &
#12306
0"
#12307
1"
b1010 &
#12308
0"
#12309
1"
b1011 &
#12310
0"
#12311
1"
b1100 &
#12312
0"
#12313
1"
b1101 &
#12314
0"
#12315
1"
b1110 &
#12316
0"
#12317
1"
b1111 &
#12318
0"
#12319
1"
b0000 &
#12320
0"
#12321
1"
b0001 &
#12322
0"
#12323
1"
b0010 &
#12324
0"
#12325
1"
b0011 &
#12326
0"
#12327
1"
b0100 &
#12328
0"
#12329
1"
b0101 &
#12330
0"
#12331
1"
b0110 &
#12332
0"
#12333
1"
b0111 &
#12334
0"
#12335
1"
b1000 &
#12336
0"
#12337
1"
b1001 &
#12338
0"
#12339
1"
b1010 &
#12340
0"
#12341
1"
b1011 &
#12342
0"
#12343
1"
b1100 &
#12344
0"
#12345
1"
b1101 &
#12346
0"
#12347
1"
b1110 &
#12348
0"
#12349
1"
b1111 &
#12350
0"
#12351
1"
b0000 &
#12352
0"
#12353
1"
b0001 &
#12354
0"
#12355
1"
b0010 &
#12356
0"
#12357
1"
b0011 &
#12358
0"
#12359
1"
b0100 &
#12360
0"
#12361
1"
b0101 &
#12362
0"
#12363
1"
b0110 &
#12364
0"
#12365
1"
b0111 &
#12366
0"
#12367
1"
b1000 &
#12368
0"
#12369
1"
b1001 &
#12370
0"
#12371
1"
b1010 &
#12372
0"
#12373
1"
b1011 &
#12374
0"
#12375
1"
b1100 &
#12376
0"
#12377
1"
b1101 &
#12378
0"
#12379
1"
b1110 &
#12380
0"
#12381
1"
b1111 &
#12382
0"
#12383
1"
b0000 &
#12384
0"
#12385
1"
b0001 &
#12386
0"
#12387
1"
b0010 &
#12388
0"
#12389
1"
b0011 &
#12390
0"
#12391
1"
b0100 &
#12392
0"
#12393
1"
b0101 &
#12394
0"
#12395
1"
b0110 &
#12396
0"
#12397
1"
b0111 &
#12398
0"
#12399
1"
b1000 &
#12400
0"
#12401
1"
b1001 &
#12402
0"
#12403
1"
b1010 &
#12404
0"
#12405
1"
b1011 &
#12406
0"
#12407
1"
b1100 &
#12408
0"
#12409
1"
b1101 &
#12410
0"
#12411
1"
b1110 &
#12412
0"
#12413
1"
b1111 &
#12414
0"
#12415
1"
b0000 &
#12416
0"
#12417
1"
b0001 &
#12418
0"
#12419
1"
b0010 &
#12420
0"
#12421
1"
b0011 &
#12422
0"
#12423
1"
b0100 &
#12424
0"
#12425
1"
b0101 &
#12426
0"
#12427
1"
b0110 &
#12428
0"
#12429
1"
b0111 &
#12430
0"
#12431
1"
b1000 &
#12432
0"
#12433
1"
b1001 &
#12434
0"
#12435
1"
b1010 &
#12436
0"
#12437
1"
b1011 &
#12438
0"
#12439
1"
b1100 &
#12440
0"
#12441
1"
b1101 &
#12442
0"
#12443
1"
b1110 &
#12444
0"
#12445
1"
b1111 &
#12446
0"
#12447
1"
b0000 &
#12448
0"
#12449
1"
b0001 &
#12450
0"
#12451
1"
b0010 &
#12452
0"
#12453
1"
b0011 &
#12454
0"
#12455
1"
b0100 &
#12456
0"
#12457
1"
b0101 &
#12458
0"
#12459
1"
b0110 &
#12460
0"
#12461
1"
b0111 &
#12462
0"
#12463
1"
b1000 &
#12464
0"
#12465
1"
b1001 &
#12466
0"
#12467
1"
b1010 &
#12468
0"
#12469
1"
b1011 &
#12470
0"
#12471
1"
b1100 &
#12472
0"
#12473
1"
b1101 &
#12474
0"
#12475
1"
b1110 &
#12476
0"
#12477
1"
b1111 &
#12478
0"
#12479
1"
b0000 &
#12480
0"
#12481
1"
b0001 &
#12482
0"
#12483
1"
b0010 &
#12484
0"
#12485
1"
b0011 &
#12486
0"
#12487
1"
b0100 &
#12488
0"
#12489
1"
b0101 &
#12490
0"
#12491
1"
b0110 &
#12492
0"
#12493
1"
b0111 &
#12494
0"
#12495
1"
b1000 &
#12496
0"
#12497
1"
b1001 &
#12498
0"
#12499
1"
b1010 &
#12500
0"
#12501
1"
b1011 &
#12502
0"
#12503
1"
b1100 &
#12504
0"
#12505
1"
b1101 &
#12506
0"
#12507
1"
b1110 &
#12508
0"
#12509
1"
b1111 &
#12510
0"
#12511
1"
b0000 &
#12512
0"
#12513
1"
b0001 &
#12514
0"
#12515
1"
b0010 &
#12516
0"
#12517
1"
b0011 &
#12518
0"
#12519
1"
b0100 &
#12520
0"
#12521
1"
b0101 &
#12522
0"
#12523
1"
b0110 &
#12524
0"
#12525
1"
b0111 &
#12526
0"
#12527
1"
b1000 &
#12528
0"
#12529
1"
b1001 &
#12530
0"
#12531
1"
b1010 &
#12532
0"
#12533
1"
b1011 &
#12534
0"
#12535
1"
b1100 &
#12536
0"
#12537
1"
b1101 &
#12538
0"
#12539
1"
b1110 &
#12540
0"
#12541
1"
b1111 &
#12542
0"
#12543
1"
b0000 &
#12544
0"
#12545
1"
b0001 &
#12546
0"
#12547
1"
b0010 &
#12548
0"
#12549
1"
b0011 &
#12550
0"
#12551
1"
b0100 &
#12552
0"
#12553
1"
b0101 &
#12554
0"
#12555
1"
b0110 &
#12556
0"
#12557
1"
b0111 &
#12558
0"
#12559
1"
b1000 &
#12560
0"
#12561
1"
b1001 &
#12562
0"
#12563
1"
b1010 &
#12564
0"
#12565
1"
b1011 &
#12566
0"
#12567
1"
b1100 &
#12568
0"
#12569
1"
b1101 &
#12570
0"
#12571
1"
b1110 &
#12572
0"
#12573
1"
b1111 &
#12574
0"
#12575
1"
b0000 &
#12576
0"
#12577
1"
b0001 &
#12578
0"
#12579
1"
b0010 &
#12580
0"
#12581
1"
b0011 &
#12582
0"
#12583
1"
b0100 &
#12584
0"
#12585
1"
b0101 &
#12586
0"
#12587
1"
b0110 &
#12588
0"
#12589
1"
b0111 &
#12590
0"
#12591
1"
b1000 &
#12592
0"
#12593
1"
b1001 &
#12594
0"
#12595
1"
b1010 &
#12596
0"
#12597
1"
b1011 &
#12598
0"
#12599
1"
b1100 &
#12600
0"
#12601
1"
b1101 &
#12602
0"
#12603
1"
b1110 &
#12604
0"
#12605
1"
b1111 &
#12606
0"
#12607
1"
b0000 &
#12608
0"
#12609
1"
b0001 &
#12610
0"
#12611
1"
b0010 &
#12612
0"
#12613
1"
b0011 &
#12614
0"
#12615
1"
b0100 &
#12616
0"
#12617
1"
b0101 &
#12618
0"
#12619
1"
b0110 &
#12620
0"
#12621
1"
b0111 &
#12622
0"
#12623
1"
b1000 &
#12624
0"
#12625
1"
b1001 &
#12626
0"
#12627
1"
b1010 &
#12628
0"
#12629
1"
b1011 &
#12630
0"
#12631
1"
b1100 &
#12632
0"
#12633
1"
b1101 &
#12634
0"
#12635
1"
b1110 &
#12636
0"
#12637
1"
b1111 &
#12638
0"
#12639
1"
b0000 &
#12640
0"
#12641
1"
b0001 &
#12642
0"
#12643
1"
b0010 &
#12644
0"
#12645
1"
b0011 &
#12646
0"
#12647
1"
b0100 &
#12648
0"
#12649
1"
b0101 &
#12650
0"
#12651
1"
b0110 &
#12652
0"
#12653
1"
b0111 &
#12654
0"
#12655
1"
b1000 &
#12656
0"
#12657
1"
b1001 &
#12658
0"
#12659
1"
b1010 &
#12660
0"
#12661
1"
b1011 &
#12662
0"
#12663
1"
b1100 &
#12664
0"
#12665
1"
b1101 &
#12666
0"
#12667
1"
b1110 &
#12668
0"
#12669
1"
b1111 &
#12670
0"
#12671
1"
b0000 &
#12672
0"
#12673
1"
b0001 &
#12674
0"
#12675
1"
b0010 &
#12676
0"
#12677
1"
b0011 &
#12678
0"
#12679
1"
b0100 &
#12680
0"
#12681
1"
b0101 &
#12682
0"
#12683
1"
b0110 &
#12684
0"
#12685
1"
b0111 &
#12686
0"
#12687
1"
b1000 &
#12688
0"
#12689
1"
b1001 &
#12690
0"
#12691
1"
b1010 &
#12692
0"
#12693
1"
b1011 &
#12694
0"
#12695
1"
b1100 &
#12696
0"
#12697
1"
b1101 &
#12698
0"
#12699
1"
b1110 &
#12700
0"
#12701
1"
b1111 &
#12702
0"
#12703
1"
b0000 &
#12704
0"
#12705
1"
b0001 &
#12706
0"
#12707
1"
b0010 &
#12708
0"
#12709
1"
b0011 &
#12710
0"
#12711
1"
b0100 &
#12712
0"
#12713
1"
b0101 &
#12714
0"
#12715
1"
b0110 &
#12716
0"
#12717
1"
b0111 &
#12718
0"
#12719
1"
b1000 &
#12720
0"
#12721
1"
b1001 &
#12722
0"
#12723
1"
b1010 &
#12724
0"
#12725
1"
b1011 &
#12726
0"
#12727
1"
b1100 &
#12728
0"
#12729
1"
b1101 &
#12730
0"
#12731
1"
b1110 &
#12732
0"
#12733
1"
b1111 &
#12734
0"
#12735
1"
b0000 &
#12736
0"
#12737
1"
b0001 &
#12738
0"
#12739
1"
b0010 &
#12740
0"
#12741
1"
b0011 &
#12742
0"
#12743
1"
b0100 &
#12744
0"
#12745
1"
b0101 &
#12746
0"
#12747
1"
b0110 &
#12748
0"
#12749
1"
b0111 &
#12750
0"
#12751
1"
b1000 &
#12752
0"
#12753
1"
b1001 &
#12754
0"
#12755
1"
b1010 &
#12756
0"
#12757
1"
b1011 &
#12758
0"
#12759
1"
b1100 &
#12760
0"
#12761
1"
b1101 &
#12762
0"
#12763
1"
b1110 &
#12764
0"
#12765
1"
b1111 &
#12766
0"
#12767
1"
b0000 &
#12768
0"
#12769
1"
b0001 &
#12770
0"
#12771
1"
b0010 &
#12772
0"
#12773
1"
b0011 &
#12774
0"
#12775
1"
b0100 &
#12776
0"
#12777
1"
b0101 &
#12778
0"
#12779
1"
b0110 &
#12780
0"
#12781
1"
b0111 &
#12782
0"
#12783
1"
b1000 &
#12784
0"
#12785
1"
b1001 &
#12786
0"
#12787
1"
b1010 &
#12788
0"
#12789
1"
b1011 &
#12790
0"
#12791
1"
b1100 &
#12792
0"
#12793
1"
b1101 &
#12794
0"
#12795
1"
b1110 &
#12796
0"
#12797
1"
b1111 &
#12798
0"
#12799
1"
b0000 &
#12800
0"
#12801
1"
b0001 &
#12802
0"
#12803
1"
b0010 &
#12804
0"
#12805
1"
b0011 &
#12806
0"
#12807
1"
b0100 &
#12808
0"
#12809
1"
b0101 &
#12810
0"
#12811
1"
b0110 &
#12812
0"
#12813
1"
b0111 &
#12814
0"
#12815
1"
b1000 &
#12816
0"
#12817
1"
b1001 &
#12818
0"
#12819
1"
b1010 &
#12820
0"
#12821
1"
b1011 &
#12822
0"
#12823
1"
b1100 &
#12824
0"
#12825
1"
b1101 &
#12826
0"
#12827
1"
b1110 &
#12828
0"
#12829
1"
b1111 &
#12830
0"
#12831
1"
b0000 &
#12832
0"
#12833
1"
b0001 &
#12834
0"
#12835
1"
b0010 &
#12836
0"
#12837
1"
b0011 &
#12838
0"
#12839
1"
b0100 &
#12840
0"
#12841
1"
b0101 &
#12842
0"
#12843
1"
b0110 &
#12844
0"
#12845
1"
b0111 &
#12846
0"
#12847
1"
b1000 &
#12848
0"
#12849
1"
b1001 &
#12850
0"
#12851
1"
b1010 &
#12852
0"
#12853
1"
b1011 &
#12854
0"
#12855
1"
b1100 &
#12856
0"
#12857
1"
b1101 &
#12858
0"
#12859
1"
b1110 &
#12860
0"
#12861
1"
b1111 &
#12862
0"
#12863
1"
b0000 &
#12864
0"
#12865
1"
b0001 &
#12866
0"
#12867
1"
b0010 &
#12868
0"
#12869
1"
b0011 &
#12870
0"
#12871
1"
b0100 &
#12872
0"
#12873
1"
b0101 &
#12874
0"
#12875
1"
b0110 &
#12876
0"
#12877
1"
b0111 &
#12878
0"
#12879
1"
b1000 &
#12880
0"
#12881
1"
b1001 &
#12882
0"
#12883
1"
b1010 &
#12884
0"
#12885
1"
b1011 &
#12886
0"
#12887
1"
b1100 &
#12888
0"
#12889
1"
b1101 &
#12890
0"
#12891
1"
b1110 &
#12892
0"
#12893
1"
b1111 &
#12894
0"
#12895
1"
b0000 &
#12896
0"
#12897
1"
b0001 &
#12898
0"
#12899
1"
b0010 &
#12900
0"
#12901
1"
b0011 &
#12902
0"
#12903
1"
b0100 &
#12904
0"
#12905
1"
b0101 &
#12906
0"
#12907
1"
b0110 &
#12908
0"
#12909
1"
b0111 &
#12910
0"
#12911
1"
b1000 &
#12912
0"
#12913
1"
b1001 &
#12914
0"
#12915
1"
b1010 &
#12916
0"
#12917
1"
b1011 &
#12918
0"
#12919
1"
b1100 &
#12920
0"
#12921
1"
b1101 &
#12922
0"
#12923
1"
b1110 &
#12924
0"
#12925
1"
b1111 &
#12926
0"
#12927
1"
b0000 &
#12928
0"
#12929
1"
b0001 &
#12930
0"
#12931
1"
b0010 &
#12932
0"
#12933
1"
b0011 &
#12934
0"
#12935
1"
b0100 &
#12936
0"
#12937
1"
b0101 &
#12938
0"
#12939
1"
b0110 &
#12940
0"
#12941
1"
b0111 &
#12942
0"
#12943
1"
b1000 &
#12944
0"
#12945
1"
b1001 &
#12946
0"
#12947
1"
b1010 &
#12948
0"
#12949
1"
b1011 &
#12950
0"
#12951
1"
b1100 &
#12952
0"
#12953
1"
b1101 &
#12954
0"
#12955
1"
b1110 &
#12956
0"
#12957
1"
b1111 &
#12958
0"
#12959
1"
b0000 &
#12960
0"
#12961
1"
b0001 &
#12962
0"
#12963
1"
b0010 &
#12964
0"
#12965
1"
b0011 &
#12966
0"
#12967
1"
b0100 &
#12968
0"
#12969
1"
b0101 &
#12970
0"
#12971
1"
b0110 &
#12972
0"
#12973
1"
b0111 &
#12974
0"
#12975
1"
b1000 &
#12976
0"
#12977
1"
b1001 &
#12978
0"
#12979
1"
b1010 &
#12980
0"
#12981
1"
b1011 &
#12982
0"
#12983
1"
b1100 &
#12984
0"
#12985
1"
b1101 &
#12986
0"
#12987
1"
b1110 &
#12988
0"
#12989
1"
b1111 &
#12990
0"
#12991
1"
b0000 &
#12992
0"
#12993
1"
b0001 &
#12994
0"
#12995
1"
b0010 &
#12996
0"
#12997
1"
b0011 &
#12998
0"
#12999
1"
b0100 &
#13000
0"
#13001
1"
b0101 &
#13002
0"
#13003
1"
b0110 &
#13004
0"
#13005
1"
b0111 &
#13006
0"
#13007
1"
b1000 &
#13008
0"
#13009
1"
b1001 &
#13010
0"
#13011
1"
b1010 &
#13012
0"
#13013
1"
b1011 &
#13014
0"
#13015
1"
b1100 &
#13016
0"
#13017
1"
b1101 &
#13018
0"
#13019
1"
b1110 &
#13020
0"
#13021
1"
b1111 &
#13022
0"
#13023
1"
b0000 &
#13024
0"
#13025
1"
b0001 &
#13026
0"
#13027
1"
b0010 &
#13028
0"
#13029
1"
b0011 &
#13030
0"
#13031
1"
b0100 &
#13032
0"
#13033
1"
b0101 &
#13034
0"
#13035
1"
b0110 &
#13036
0"
#13037
1"
b0111 &
#13038
0"
#13039
1"
b1000 &
#13040
0"
#13041
1"
b1001 &
#13042
0"
#13043
1"
b1010 &
#13044
0"
#13045
1"
b1011 &
#13046
0"
#13047
1"
b1100 &
#13048
0"
#13049
1"
b1101 &
#13050
0"
#13051
1"
b1110 &
#13052
0"
#13053
1"
b1111 &
#13054
0"
#13055
1"
b0000 &
#13056
0"
#13057
1"
b0001 &
#13058
0"
#13059
1"
b0010 &
#13060
0"
#13061
1"
b0011 &
#13062
0"
#13063
1"
b0100 &
#13064
0"
#13065
1"
b0101 &
#13066
0"
#13067
1"
b0110 &
#13068
0"
#13069
1"
b0111 &
#13070
0"
#13071
1"
b1000 &
#13072
0"
#13073
1"
b1001 &
#13074
0"
#13075
1"
b1010 &
#13076
0"
#13077
1"
b1011 &
#13078
0"
#13079
1"
b1100 &
#13080
0"
#13081
1"
b1101 &
#13082
0"
#13083
1"
b1110 &
#13084
0"
#13085
1"
b1111 &
#13086
0"
#13087
1"
b0000 &
#13088
0"
#13089
1"
b0001 &
#13090
0"
#13091
1"
b0010 &
#13092
0"
#13093
1"
b0011 &
#13094
0"
#13095
1"
b0100 &
#13096
0"
#13097
1"
b0101 &
#13098
0"
#13099
1"
b0110 &
#13100
0"
#13101
1"
b0111 &
#13102
0"
#13103
1"
b1000 &
#13104
0"
#13105
1"
b1001 &
#13106
0"
#13107
1"
b1010 &
#13108
0"
#13109
1"
b1011 &
#13110
0"
#13111
1"
b1100 &
#13112
0"
#13113
1"
b1101 &
#13114
0"
#13115
1"
b1110 &
#13116
0"
#13117
1"
b1111 &
#13118
0"
#13119
1"
b0000 &
#13120
0"
#13121
1"
b0001 &
#13122
0"
#13123
1"
b0010 &
#13124
0"
#13125
1"
b0011 &
#13126
0"
#13127
1"
b0100 &
#13128
0"
#13129
1"
b0101 &
#13130
0"
#13131
1"
b0110 &
#13132
0"
#13133
1"
b0111 &
#13134
0"
#13135
1"
b1000 &
#13136
0"
#13137
1"
b1001 &
#13138
0"
#13139
1"
b1010 &
#13140
0"
#13141
1"
b1011 &
#13142
0"
#13143
1"
b1100 &
#13144
0"
#13145
1"
b1101 &
#13146
0"
#13147
1"
b1110 &
#13148
0"
#13149
1"
b1111 &
#13150
0"
#13151
1"
b0000 &
#13152
0"
#13153
1"
b0001 &
#13154
0"
#13155
1"
b0010 &
#13156
0"
#13157
1"
b0011 &
#13158
0"
#13159
1"
b0100 &
#13160
0"
#13161
1"
b0101 &
#13162
0"
#13163
1"
b0110 &
#13164
0"
#13165
1"
b0111 &
#13166
0"
#13167
1"
b1000 &
#13168
0"
#13169
1"
b1001 &
#13170
0"
#13171
1"
b1010 &
#13172
0"
#13173
1"
b1011 &
#13174
0"
#13175
1"
b1100 &
#13176
0"
#13177
1"
b1101 &
#13178
0"
#13179
1"
b1110 &
#13180
0"
#13181
1"
b1111 &
#13182
0"
#13183
1"
b0000 &
#13184
0"
#13185
1"
b0001 &
#13186
0"
#13187
1"
b0010 &
#13188
0"
#13189
1"
b0011 &
#13190
0"
#13191
1"
b0100 &
#13192
0"
#13193
1"
b0101 &
#13194
0"
#13195
1"
b0110 &
#13196
0"
#13197
1"
b0111 &
#13198
0"
#13199
1"
b1000 &
#13200
0"
#13201
1"
b1001 &
#13202
0"
#13203
1"
b1010 &
#13204
0"
#13205
1"
b1011 &
#13206
0"
#13207
1"
b1100 &
#13208
0"
#13209
1"
b1101 &
#13210
0"
#13211
1"
b1110 &
#13212
0"
#13213
1"
b1111 &
#13214
0"
#13215
1"
b0000 &
#13216
0"
#13217
1"
b0001 &
#13218
0"
#13219
1"
b0010 &
#13220
0"
#13221
1"
b0011 &
#13222
0"
#13223
1"
b0100 &
#13224
0"
#13225
1"
b0101 &
#13226
0"
#13227
1"
b0110 &
#13228
0"
#13229
1"
b0111 &
#13230
0"
#13231
1"
b1000 &
#13232
0"
#13233
1"
b1001 &
#13234
0"
#13235
1"
b1010 &
#13236
0"
#13237
1"
b1011 &
#13238
0"
#13239
1"
b1100 &
#13240
0"
#13241
1"
b1101 &
#13242
0"
#13243
1"
b1110 &
#13244
0"
#13245
1"
b1111 &
#13246
0"
#13247
1"
b0000 &
#13248
0"
#13249
1"
b0001 &
#13250
0"
#13251
1"
b0010 &
#13252
0"
#13253
1"
b0011 &
#13254
0"
#13255
1"
b0100 &
#13256
0"
#13257
1"
b0101 &
#13258
0"
#13259
1"
b0110 &
#13260
0"
#13261
1"
b0111 &
#13262
0"
#13263
1"
b1000 &
#13264
0"
#13265
1"
b1001 &
#13266
0"
#13267
1"
b1010 &
#13268
0"
#13269
1"
b1011 &
#13270
0"
#13271
1"
b1100 &
#13272
0"
#13273
1"
b1101 &
#13274
0"
#13275
1"
b1110 &
#13276
0"
#13277
1"
b1111 &
#13278
0"
#13279
1"
b0000 &
#13280
0"
#13281
1"
b0001 &
#13282
0"
#13283
1"
b0010 &
#13284
0"
#13285
1"
b0011 &
#13286
0"
#13287
1"
b0100 &
#13288
0"
#13289
1"
b0101 &
#13290
0"
#13291
1"
b0110 &
#13292
0"
#13293
1"
b0111 &
#13294
0"
#13295
1"
b1000 &
#13296
0"
#13297
1"
b1001 &
#13298
0"
#13299
1"
b1010 &
#13300
0"
#13301
1"
b1011 &
#13302
0"
#13303
1"
b1100 &
#13304
0"
#13305
1"
b1101 &
#13306
0"
#13307
1"
b1110 &
#13308
0"
#13309
1"
b1111 &
#13310
0"
#13311
1"
b0000 &
#13312
0"
#13313
1"
b0001 &
#13314
0"
#13315
1"
b0010 &
#13316
0"
#13317
1"
b0011 &
#13318
0"
#13319
1"
b0100 &
#13320
0"
#13321
1"
b0101 &
#13322
0"
#13323
1"
b0110 &
#13324
0"
#13325
1"
b0111 &
#13326
0"
#13327
1"
b1000 &
#13328
0"
#13329
1"
b1001 &
#13330
0"
#13331
1"
b1010 &
#13332
0"
#13333
1"
b1011 &
#13334
0"
#13335
1"
b1100 &
#13336
0"
#13337
1"
b1101 &
#13338
0"
#13339
1"
b1110 &
#13340
0"
#13341
1"
b1111 &
#13342
0"
#13343
1"
b0000 &
#13344
0"
#13345
1"
b0001 &
#13346
0"
#13347
1"
b0010 &
#13348
0"
#13349
1"
b0011 &
#13350
0"
#13351
1"
b0100 &
#13352
0"
#13353
1"
b0101 &
#13354
0"
#13355
1"
b0110 &
#13356
0"
#13357
1"
b0111 &
#13358
0"
#13359
1"
b1000 &
#13360
0"
#13361
1"
b1001 &
#13362
0"
#13363
1"
b1010 &
#13364
0"
#13365
1"
b1011 &
#13366
0"
#13367
1"
b1100 &
#13368
0"
#13369
1"
b1101 &
#13370
0"
#13371
1"
b1110 &
#13372
0"
#13373
1"
b1111 &
#13374
0"
#13375
1"
b0000 &
#13376
0"
#13377
1"
b0001 &
#13378
0"
#13379
1"
b0010 &
#13380
0"
#13381
1"
b0011 &
#13382
0"
#13383
1"
b0100 &
#13384
0"
#13385
1"
b0101 &
#13386
0"
#13387
1"
b0110 &
#13388
0"
#13389
1"
b0111 &
#13390
0"
#13391
1"
b1000 &
#13392
0"
#13393
1"
b1001 &
#13394
0"
#13395
1"
b1010 &
#13396
0"
#13397
1"
b1011 &
#13398
0"
#13399
1"
b1100 &
#13400
0"
#13401
1"
b1101 &
#13402
0"
#13403
1"
b1110 &
#13404
0"
#13405
1"
b1111 &
#13406
0"
#13407
1"
b0000 &
#13408
0"
#13409
1"
b0001 &
#13410
0"
#13411
1"
b0010 &
#13412
0"
#13413
1"
b0011 &
#13414
0"
#13415
1"
b0100 &
#13416
0"
#13417
1"
b0101 &
#13418
0"
#13419
1"
b0110 &
#13420
0"
#13421
1"
b0111 &
#13422
0"
#13423
1"
b1000 &
#13424
0"
#13425
1"
b1001 &
#13426
0"
#13427
1"
b1010 &
#13428
0"
#13429
1"
b1011 &
#13430
0"
#13431
1"
b1100 &
#13432
0"
#13433
1"
b1101 &
#13434
0"
#13435
1"
b1110 &
#13436
0"
#13437
1"
b1111 &
#13438
0"
#13439
1"
b0000 &
#13440
0"
#13441
1"
b0001 &
#13442
0"
#13443
1"
b0010 &
#13444
0"
#13445
1"
b0011 &
#13446
0"
#13447
1"
b0100 &
#13448
0"
#13449
1"
b0101 &
#13450
0"
#13451
1"
b0110 &
#13452
0"
#13453
1"
b0111 &
#13454
0"
#13455
1"
b1000 &
#13456
0"
#13457
1"
b1001 &
#13458
0"
#13459
1"
b1010 &
#13460
0"
#13461
1"
b1011 &
#13462
0"
#13463
1"
b1100 &
#13464
0"
#13465
1"
b1101 &
#13466
0"
#13467
1"
b1110 &
#13468
0"
#13469
1"
b1111 &
#13470
0"
#13471
1"
b0000 &
#13472
0"
#13473
1"
b0001 &
#13474
0"
#13475
1"
b0010 &
#13476
0"
#13477
1"
b0011 &
#13478
0"
#13479
1"
b0100 &
#13480
0"
#13481
1"
b0101 &
#13482
0"
#13483
1"
b0110 &
#13484
0"
#13485
1"
b0111 &
#13486
0"
#13487
1"
b1000 &
#13488
0"
#13489
1"
b1001 &
#13490
0"
#13491
1"
b1010 &
#13492
0"
#13493
1"
b1011 &
#13494
0"
#13495
1"
b1100 &
#13496
0"
#13497
1"
b1101 &
#13498
0"
#13499
1"
b1110 &
#13500
0"
#13501
1"
b1111 &
#13502
0"
#13503
1"
b0000 &
#13504
0"
#13505
1"
b0001 &
#13506
0"
#13507
1"
b0010 &
#13508
0"
#13509
1"
b0011 &
#13510
0"
#13511
1"
b0100 &
#13512
0"
#13513
1"
b0101 &
#13514
0"
#13515
1"
b0110 &
#13516
0"
#13517
1"
b0111 &
#13518
0"
#13519
1"
b1000 &
#13520
0"
#13521
1"
b1001 &
#13522
0"
#13523
1"
b1010 &
#13524
0"
#13525
1"
b1011 &
#13526
0"
#13527
1"
b1100 &
#13528
0"
#13529
1"
b1101 &
#13530
0"
#13531
1"
b1110 &
#13532
0"
#13533
1"
b1111 &
#13534
0"
#13535
1"
b0000 &
#13536
0"
#13537
1"
b0001 &
#13538
0"
#13539
1"
b0010 &
#13540
0"
#13541
1"
b0011 &
#13542
0"
#13543
1"
b0100 &
#13544
0"
#13545
1"
b0101 &
#13546
0"
#13547
1"
b0110 &
#13548
0"
#13549
1"
b0111 &
#13550
0"
#13551
1"
b1000 &
#13552
0"
#13553
1"
b1001 &
#13554
0"
#13555
1"
b1010 &
#13556
0"
#13557
1"
b1011 &
#13558
0"
#13559
1"
b1100 &
#13560
0"
#13561
1"
b1101 &
#13562
0"
#13563
1"
b1110 &
#13564
0"
#13565
1"
b1111 &
#13566
0"
#13567
1"
b0000 &
#13568
0"
#13569
1"
b0001 &
#13570
0"
#13571
1"
b0010 &
#13572
0"
#13573
1"
b0011 &
#13574
0"
#13575
1"
b0100 &
#13576
0"
#13577
1"
b0101 &
#13578
0"
#13579
1"
b0110 &
#13580
0"
#13581
1"
b0111 &
#13582
0"
#13583
1"
b1000 &
#13584
0"
#13585
1"
b1001 &
#13586
0"
#13587
1"
b1010 &
#13588
0"
#13589
1"
b1011 &
#13590
0"
#13591
1"
b1100 &
#13592
0"
#13593
1"
b1101 &
#13594
0"
#13595
1"
b1110 &
#13596
0"
#13597
1"
b1111 &
#13598
0"
#13599
1"
b0000 &
#13600
0"
#13601
1"
b0001 &
#13602
0"
#13603
1"
b0010 &
#13604
0"
#13605
1"
b0011 &
#13606
0"
#13607
1"
b0100 &
#13608
0"
#13609
1"
b0101 &
#13610
0"
#13611
1"
b0110 &
#13612
0"
#13613
1"
b0111 &
#13614
0"
#13615
1"
b1000 &
#13616
0"
#13617
1"
b1001 &
#13618
0"
#13619
1"
b1010 &
#13620
0"
#13621
1"
b1011 &
#13622
0"
#13623
1"
b1100 &
#13624
0"
#13625
1"
b1101 &
#13626
0"
#13627
1"
b1110 &
#13628
0"
#13629
1"
b1111 &
#13630
0"
#13631
1"
b0000 &
#13632
0"
#13633
1"
b0001 &
#13634
0"
#13635
1"
b0010 &
#13636
0"
#13637
1"
b0011 &
#13638
0"
#13639
1"
b0100 &
#13640
0"
#13641
1"
b0101 &
#13642
0"
#13643
1"
b0110 &
#13644
0"
#13645
1"
b0111 &
#13646
0"
#13647
1"
b1000 &
#13648
0"
#13649
1"
b1001 &
#13650
0"
#13651
1"
b1010 &
#13652
0"
#13653
1"
b1011 &
#13654
0"
#13655
1"
b1100 &
#13656
0"
#13657
1"
b1101 &
#13658
0"
#13659
1"
b1110 &
#13660
0"
#13661
1"
b1111 &
#13662
0"
#13663
1"
b0000 &
#13664
0"
#13665
1"
b0001 &
#13666
0"
#13667
1"
b0010 &
#13668
0"
#13669
1"
b0011 &
#13670
0"
#13671
1"
b0100 &
#13672
0"
#13673
1"
b0101 &
#13674
0"
#13675
1"
b0110 &
#13676
0"
#13677
1"
b0111 &
#13678
0"
#13679
1"
b1000 &
#13680
0"
#13681
1"
b1001 &
#13682
0"
#13683
1"
b1010 &
#13684
0"
#13685
1"
b1011 &
#13686
0"
#13687
1"
b1100 &
#13688
0"
#13689
1"
b1101 &
#13690
0"
#13691
1"
b1110 &
#13692
0"
#13693
1"
b1111 &
#13694
0"
#13695
1"
b0000 &
#13696
0"
#13697
1"
b0001 &
#13698
0"
#13699
1"
b0010 &
#13700
0"
#13701
1"
b0011 &
#13702
0"
#13703
1"
b0100 &
#13704
0"
#13705
1"
b0101 &
#13706
0"
#13707
1"
b0110 &
#13708
0"
#13709
1"
b0111 &
#13710
0"
#13711
1"
b1000 &
#13712
0"
#13713
1"
b1001 &
#13714
0"
#13715
1"
b1010 &
#13716
0"
#13717
1"
b1011 &
#13718
0"
#13719
1"
b1100 &
#13720
0"
#13721
1"
b1101 &
#13722
0"
#13723
1"
b1110 &
#13724
0"
#13725
1"
b1111 &
#13726
0"
#13727
1"
b0000 &
#13728
0"
#13729
1"
b0001 &
#13730
0"
#13731
1"
b0010 &
#13732
0"
#13733
1"
b0011 &
#13734
0"
#13735
1"
b0100 &
#13736
0"
#13737
1"
b0101 &
#13738
0"
#13739
1"
b0110 &
#13740
0"
#13741
1"
b0111 &
#13742
0"
#13743
1"
b1000 &
#13744
0"
#13745
1"
b1001 &
#13746
0"
#13747
1"
b1010 &
#13748
0"
#13749
1"
b1011 &
#13750
0"
#13751
1"
b1100 &
#13752
0"
#13753
1"
b1101 &
#13754
0"
#13755
1"
b1110 &
#13756
0"
#13757
1"
b1111 &
#13758
0"
#13759
1"
b0000 &
#13760
0"
#13761
1"
b0001 &
#13762
0"
#13763
1"
b0010 &
#13764
0"
#13765
1"
b0011 &
#13766
0"
#13767
1"
b0100 &
#13768
0"
#13769
1"
b0101 &
#13770
0"
#13771
1"
b0110 &
#13772
0"
#13773
1"
b0111 &
#13774
0"
#13775
1"
b1000 &
#13776
0"
#13777
1"
b1001 &
#13778
0"
#13779
1"
b1010 &
#13780
0"
#13781
1"
b1011 &
#13782
0"
#13783
1"
b1100 &
#13784
0"
#13785
1"
b1101 &
#13786
0"
#13787
1"
b1110 &
#13788
0"
#13789
1"
b1111 &
#13790
0"
#13791
1"
b0000 &
#13792
0"
#13793
1"
b0001 &
#13794
0"
#13795
1"
b0010 &
#13796
0"
#13797
1"
b0011 &
#13798
0"
#13799
1"
b0100 &
#13800
0"
#13801
1"
b0101 &
#13802
0"
#13803
1"
b0110 &
#13804
0"
#13805
1"
b0111 &
#13806
0"
#13807
1"
b1000 &
#13808
0"
#13809
1"
b1001 &
#13810
0"
#13811
1"
b1010 &
#13812
0"
#13813
1"
b1011 &
#13814
0"
#13815
1"
b1100 &
#13816
0"
#13817
1"
b1101 &
#13818
0"
#13819
1"
b1110 &
#13820
0"
#13821
1"
b1111 &
#13822
0"
#13823
1"
b0000 &
#13824
0"
#13825
1"
b0001 &
#13826
0"
#13827
1"
b0010 &
#13828
0"
#13829
1"
b0011 &
#13830
0"
#13831
1"
b0100 &
#13832
0"
#13833
1"
b0101 &
#13834
0"
#13835
1"
b0110 &
#13836
0"
#13837
1"
b0111 &
#13838
0"
#13839
1"
b1000 &
#13840
0"
#13841
1"
b1001 &
#13842
0"
#13843
1"
b1010 &
#13844
0"
#13845
1"
b1011 &
#13846
0"
#13847
1"
b1100 &
#13848
0"
#13849
1"
b1101 &
#13850
0"
#13851
1"
b1110 &
#13852
0"
#13853
1"
b1111 &
#13854
0"
#13855
1"
b0000 &
#13856
0"
#13857
1"
b0001 &
#13858
0"
#13859
1"
b0010 &
#13860
0"
#13861
1"
b0011 &
#13862
0"
#13863
1"
b0100 &
#13864
0"
#13865
1"
b0101 &
#13866
0"
#13867
1"
b0110 &
#13868
0"
#13869
1"
b0111 &
#13870
0"
#13871
1"
b1000 &
#13872
0"
#13873
1"
b1001 &
#13874
0"
#13875
1"
b1010 &
#13876
0"
#13877
1"
b1011 &
#13878
0"
#13879
1"
b1100 &
#13880
0"
#13881
1"
b1101 &
#13882
0"
#13883
1"
b1110 &
#13884
0"
#13885
1"
b1111 &
#13886
0"
#13887
1"
b0000 &
#13888
0"
#13889
1"
b0001 &
#13890
0"
#13891
1"
b0010 &
#13892
0"
#13893
1"
b0011 &
#13894
0"
#13895
1"
b0100 &
#13896
0"
#13897
1"
b0101 &
#13898
0"
#13899
1"
b0110 &
#13900
0"
#13901
1"
b0111 &
#13902
0"
#13903
1"
b1000 &
#13904
0"
#13905
1"
b1001 &
#13906
0"
#13907
1"
b1010 &
#13908
0"
#13909
1"
b1011 &
#13910
0"
#13911
1"
b1100 &
#13912
0"
#13913
1"
b1101 &
#13914
0"
#13915
1"
b1110 &
#13916
0"
#13917
1"
b1111 &
#13918
0"
#13919
1"
b0000 &
#13920
0"
#13921
1"
b0001 &
#13922
0"
#13923
1"
b0010 &
#13924
0"
#13925
1"
b0011 &
#13926
0"
#13927
1"
b0100 &
#13928
0"
#13929
1"
b0101 &
#13930
0"
#13931
1"
b0110 &
#13932
0"
#13933
1"
b0111 &
#13934
0"
#13935
1"
b1000 &
#13936
0"
#13937
1"
b1001 &
#13938
0"
#13939
1"
b1010 &
#13940
0"
#13941
1"
b1011 &
#13942
0"
#13943
1"
b1100 &
#13944
0"
#13945
1"
b1101 &
#13946
0"
#13947
1"
b1110 &
#13948
0"
#13949
1"
b1111 &
#13950
0"
#13951
1"
b0000 &
#13952
0"
#13953
1"
b0001 &
#13954
0"
#13955
1"
b0010 &
#13956
0"
#13957
1"
b0011 &
#13958
0"
#13959
1"
b0100 &
#13960
0"
#13961
1"
b0101 &
#13962
0"
#13963
1"
b0110 &
#13964
0"
#13965
1"
b0111 &
#13966
0"
#13967
1"
b1000 &
#13968
0"
#13969
1"
b1001 &
#13970
0"
#13971
1"
b1010 &
#13972
0"
#13973
1"
b1011 &
#13974
0"
#13975
1"
b1100 &
#13976
0"
#13977
1"
b1101 &
#13978
0"
#13979
1"
b1110 &
#13980
0"
#13981
1"
b1111 &
#13982
0"
#13983
1"
b0000 &
#13984
0"
#13985
1"
b0001 &
#13986
0"
#13987
1"
b0010 &
#13988
0"
#13989
1"
b0011 &
#13990
0"
#13991
1"
b0100 &
#13992
0"
#13993
1"
b0101 &
#13994
0"
#13995
1"
b0110 &
#13996
0"
#13997
1"
b0111 &
#13998
0"
#13999
1"
b1000 &
#14000
0"
#14001
1"
b1001 &
#14002
0"
#14003
1"
b1010 &
#14004
0"
#14005
1"
b1011 &
#14006
0"
#14007
1"
b1100 &
#14008
0"
#14009
1"
b1101 &
#14010
0"
#14011
1"
b1110 &
#14012
0"
#14013
1"
b1111 &
#14014
0"
#14015
1"
b0000 &
#14016
0"
#14017
1"
b0001 &
#14018
0"
#14019
1"
b0010 &
#14020
0"
#14021
1"
b0011 &
#14022
0"
#14023
1"
b0100 &
#14024
0"
#14025
1"
b0101 &
#14026
0"
#14027
1"
b0110 &
#14028
0"
#14029
1"
b0111 &
#14030
0"
#14031
1"
b1000 &
#14032
0"
#14033
1"
b1001 &
#14034
0"
#14035
1"
b1010 &
#14036
0"
#14037
1"
b1011 &
#14038
0"
#14039
1"
b1100 &
#14040
0"
#14041
1"
b1101 &
#14042
0"
#14043
1"
b1110 &
#14044
0"
#14045
1"
b1111 &
#14046
0"
#14047
1"
b0000 &
#14048
0"
#14049
1"
b0001 &
#14050
0"
#14051
1"
b0010 &
#14052
0"
#14053
1"
b0011 &
#14054
0"
#14055
1"
b0100 &
#14056
0"
#14057
1"
b0101 &
#14058
0"
#14059
1"
b0110 &
#14060
0"
#14061
1"
b0111 &
#14062
0"
#14063
1"
b1000 &
#14064
0"
#14065
1"
b1001 &
#14066
0"
#14067
1"
b1010 &
#14068
0"
#14069
1"
b1011 &
#14070
0"
#14071
1"
b1100 &
#14072
0"
#14073
1"
b1101 &
#14074
0"
#14075
1"
b1110 &
#14076
0"
#14077
1"
b1111 &
#14078
0"
#14079
1"
b0000 &
#14080
0"
#14081
1"
b0001 &
#14082
0"
#14083
1"
b0010 &
#14084
0"
#14085
1"
b0011 &
#14086
0"
#14087
1"
b0100 &
#14088
0"
#14089
1"
b0101 &
#14090
0"
#14091
1"
b0110 &
#14092
0"
#14093
1"
b0111 &
#14094
0"
#14095
1"
b1000 &
#14096
0"
#14097
1"
b1001 &
#14098
0"
#14099
1"
b1010 &
#14100
0"
#14101
1"
b1011 &
#14102
0"
#14103
1"
b1100 &
#14104
0"
#14105
1"
b1101 &
#14106
0"
#14107
1"
b1110 &
#14108
0"
#14109
1"
b1111 &
#14110
0"
#14111
1"
b0000 &
#14112
0"
#14113
1"
b0001 &
#14114
0"
#14115
1"
b0010 &
#14116
0"
#14117
1"
b0011 &
#14118
0"
#14119
1"
b0100 &
#14120
0"
#14121
1"
b0101 &
#14122
0"
#14123
1"
b0110 &
#14124
0"
#14125
1"
b0111 &
#14126
0"
#14127
1"
b1000 &
#14128
0"
#14129
1"
b1001 &
#14130
0"
#14131
1"
b1010 &
#14132
0"
#14133
1"
b1011 &
#14134
0"
#14135
1"
b1100 &
#14136
0"
#14137
1"
b1101 &
#14138
0"
#14139
1"
b1110 &
#14140
0"
#14141
1"
b1111 &
#14142
0"
#14143
1"
b0000 &
#14144
0"
#14145
1"
b0001 &
#14146
0"
#14147
1"
b0010 &
#14148
0"
#14149
1"
b0011 &
#14150
0"
#14151
1"
b0100 &
#14152
0"
#14153
1"
b0101 &
#14154
0"
#14155
1"
b0110 &
#14156
0"
#14157
1"
b0111 &
#14158
0"
#14159
1"
b1000 &
#14160
0"
#14161
1"
b1001 &
#14162
0"
#14163
1"
b1010 &
#14164
0"
#14165
1"
b1011 &
#14166
0"
#14167
1"
b1100 &
#14168
0"
#14169
1"
b1101 &
#14170
0"
#14171
1"
b1110 &
#14172
0"
#14173
1"
b1111 &
#14174
0"
#14175
1"
b0000 &
#14176
0"
#14177
1"
b0001 &
#14178
0"
#14179
1"
b0010 &
#14180
0"
#14181
1"
b0011 &
#14182
0"
#14183
1"
b0100 &
#14184
0"
#14185
1"
b0101 &
#14186
0"
#14187
1"
b0110 &
#14188
0"
#14189
1"
b0111 &
#14190
0"
#14191
1"
b1000 &
#14192
0"
#14193
1"
b1001 &
#14194
0"
#14195
1"
b1010 &
#14196
0"
#14197
1"
b1011 &
#14198
0"
#14199
1"
b1100 &
#14200
0"
#14201
1"
b1101 &
#14202
0"
#14203
1"
b1110 &
#14204
0"
#14205
1"
b1111 &
#14206
0"
#14207
1"
b0000 &
#14208
0"
#14209
1"
b0001 &
#14210
0"
#14211
1"
b0010 &
#14212
0"
#14213
1"
b0011 &
#14214
0"
#14215
1"
b0100 &
#14216
0"
#14217
1"
b0101 &
#14218
0"
#14219
1"
b0110 &
#14220
0"
#14221
1"
b0111 &
#14222
0"
#14223
1"
b1000 &
#14224
0"
#14225
1"
b1001 &
#14226
0"
#14227
1"
b1010 &
#14228
0"
#14229
1"
b1011 &
#14230
0"
#14231
1"
b1100 &
#14232
0"
#14233
1"
b1101 &
#14234
0"
#14235
1"
b1110 &
#14236
0"
#14237
1"
b1111 &
#14238
0"
#14239
1"
b0000 &
#14240
0"
#14241
1"
b0001 &
#14242
0"
#14243
1"
b0010 &
#14244
0"
#14245
1"
b0011 &
#14246
0"
#14247
1"
b0100 &
#14248
0"
#14249
1"
b0101 &
#14250
0"
#14251
1"
b0110 &
#14252
0"
#14253
1"
b0111 &
#14254
0"
#14255
1"
b1000 &
#14256
0"
#14257
1"
b1001 &
#14258
0"
#14259
1"
b1010 &
#14260
0"
#14261
1"
b1011 &
#14262
0"
#14263
1"
b1100 &
#14264
0"
#14265
1"
b1101 &
#14266
0"
#14267
1"
b1110 &
#14268
0"
#14269
1"
b1111 &
#14270
0"
#14271
1"
b0000 &
#14272
0"
#14273
1"
b0001 &
#14274
0"
#14275
1"
b0010 &
#14276
0"
#14277
1"
b0011 &
#14278
0"
#14279
1"
b0100 &
#14280
0"
#14281
1"
b0101 &
#14282
0"
#14283
1"
b0110 &
#14284
0"
#14285
1"
b0111 &
#14286
0"
#14287
1"
b1000 &
#14288
0"
#14289
1"
b1001 &
#14290
0"
#14291
1"
b1010 &
#14292
0"
#14293
1"
b1011 &
#14294
0"
#14295
1"
b1100 &
#14296
0"
#14297
1"
b1101 &
#14298
0"
#14299
1"
b1110 &
#14300
0"
#14301
1"
b1111 &
#14302
0"
#14303
1"
b0000 &
#14304
0"
#14305
1"
b0001 &
#14306
0"
#14307
1"
b0010 &
#14308
0"
#14309
1"
b0011 &
#14310
0"
#14311
1"
b0100 &
#14312
0"
#14313
1"
b0101 &
#14314
0"
#14315
1"
b0110 &
#14316
0"
#14317
1"
b0111 &
#14318
0"
#14319
1"
b1000 &
#14320
0"
#14321
1"
b1001 &
#14322
0"
#14323
1"
b1010 &
#14324
0"
#14325
1"
b1011 &
#14326
0"
#14327
1"
b1100 &
#14328
0"
#14329
1"
b1101 &
#14330
0"
#14331
1"
b1110 &
#14332
0"
#14333
1"
b1111 &
#14334
0"
#14335
1"
b0000 &
#14336
0"
#14337
1"
b0001 &
#14338
0"
#14339
1"
b0010 &
#14340
0"
#14341
1"
b0011 &
#14342
0"
#14343
1"
b0100 &
#14344
0"
#14345
1"
b0101 &
#14346
0"
#14347
1"
b0110 &
#14348
0"
#14349
1"
b0111 &
#14350
0"
#14351
1"
b1000 &
#14352
0"
#14353
1"
b1001 &
#14354
0"
#14355
1"
b1010 &
#14356
0"
#14357
1"
b1011 &
#14358
0"
#14359
1"
b1100 &
#14360
0"
#14361
1"
b1101 &
#14362
0"
#14363
1"
b1110 &
#14364
0"
#14365
1"
b1111 &
#14366
0"
#14367
1"
b0000 &
#14368
0"
#14369
1"
b0001 &
#14370
0"
#14371
1"
b0010 &
#14372
0"
#14373
1"
b0011 &
#14374
0"
#14375
1"
b0100 &
#14376
0"
#14377
1"
b0101 &
#14378
0"
#14379
1"
b0110 &
#14380
0"
#14381
1"
b0111 &
#14382
0"
#14383
1"
b1000 &
#14384
0"
#14385
1"
b1001 &
#14386
0"
#14387
1"
b1010 &
#14388
0"
#14389
1"
b1011 &
#14390
0"
#14391
1"
b1100 &
#14392
0"
#14393
1"
b1101 &
#14394
0"
#14395
1"
b1110 &
#14396
0"
#14397
1"
b1111 &
#14398
0"
#14399
1"
b0000 &
#14400
0"
#14401
1"
b0001 &
#14402
0"
#14403
1"
b0010 &
#14404
0"
#14405
1"
b0011 &
#14406
0"
#14407
1"
b0100 &
#14408
0"
#14409
1"
b0101 &
#14410
0"
#14411
1"
b0110 &
#14412
0"
#14413
1"
b0111 &
#14414
0"
#14415
1"
b1000 &
#14416
0"
#14417
1"
b1001 &
#14418
0"
#14419
1"
b1010 &
#14420
0"
#14421
1"
b1011 &
#14422
0"
#14423
1"
b1100 &
#14424
0"
#14425
1"
b1101 &
#14426
0"
#14427
1"
b1110 &
#14428
0"
#14429
1"
b1111 &
#14430
0"
#14431
1"
b0000 &
#14432
0"
#14433
1"
b0001 &
#14434
0"
#14435
1"
b0010 &
#14436
0"
#14437
1"
b0011 &
#14438
0"
#14439
1"
b0100 &
#14440
0"
#14441
1"
b0101 &
#14442
0"
#14443
1"
b0110 &
#14444
0"
#14445
1"
b0111 &
#14446
0"
#14447
1"
b1000 &
#14448
0"
#14449
1"
b1001 &
#14450
0"
#14451
1"
b1010 &
#14452
0"
#14453
1"
b1011 &
#14454
0"
#14455
1"
b1100 &
#14456
0"
#14457
1"
b1101 &
#14458
0"
#14459
1"
b1110 &
#14460
0"
#14461
1"
b1111 &
#14462
0"
#14463
1"
b0000 &
#14464
0"
#14465
1"
b0001 &
#14466
0"
#14467
1"
b0010 &
#14468
0"
#14469
1"
b0011 &
#14470
0"
#14471
1"
b0100 &
#14472
0"
#14473
1"
b0101 &
#14474
0"
#14475
1"
b0110 &
#14476
0"
#14477
1"
b0111 &
#14478
0"
#14479
1"
b1000 &
#14480
0"
#14481
1"
b1001 &
#14482
0"
#14483
1"
b1010 &
#14484
0"
#14485
1"
b1011 &
#14486
0"
#14487
1"
b1100 &
#14488
0"
#14489
1"
b1101 &
#14490
0"
#14491
1"
b1110 &
#14492
0"
#14493
1"
b1111 &
#14494
0"
#14495
1"
b0000 &
#14496
0"
#14497
1"
b0001 &
#14498
0"
#14499
1"
b0010 &
#14500
0"
#14501
1"
b0011 &
#14502
0"
#14503
1"
b0100 &
#14504
0"
#14505
1"
b0101 &
#14506
0"
#14507
1"
b0110 &
#14508
0"
#14509
1"
b0111 &
#14510
0"
#14511
1"
b1000 &
#14512
0"
#14513
1"
b1001 &
#14514
0"
#14515
1"
b1010 &
#14516
0"
#14517
1"
b1011 &
#14518
0"
#14519
1"
b1100 &
#14520
0"
#14521
1"
b1101 &
#14522
0"
#14523
1"
b1110 &
#14524
0"
#14525
1"
b1111 &
#14526
0"
#14527
1"
b0000 &
#14528
0"
#14529
1"
b0001 &
#14530
0"
#14531
1"
b0010 &
#14532
0"
#14533
1"
b0011 &
#14534
0"
#14535
1"
b0100 &
#14536
0"
#14537
1"
b0101 &
#14538
0"
#14539
1"
b0110 &
#14540
0"
#14541
1"
b0111 &
#14542
0"
#14543
1"
b1000 &
#14544
0"
#14545
1"
b1001 &
#14546
0"
#14547
1"
b1010 &
#14548
0"
#14549
1"
b1011 &
#14550
0"
#14551
1"
b1100 &
#14552
0"
#14553
1"
b1101 &
#14554
0"
#14555
1"
b1110 &
#14556
0"
#14557
1"
b1111 &
#14558
0"
#14559
1"
b0000 &
#14560
0"
#14561
1"
b0001 &
#14562
0"
#14563
1"
b0010 &
#14564
0"
#14565
1"
b0011 &
#14566
0"
#14567
1"
b0100 &
#14568
0"
#14569
1"
b0101 &
#14570
0"
#14571
1"
b0110 &
#14572
0"
#14573
1"
b0111 &
#14574
0"
#14575
1"
b1000 &
#14576
0"
#14577
1"
b1001 &
#14578
0"
#14579
1"
b1010 &
#14580
0"
#14581
1"
b1011 &
#14582
0"
#14583
1"
b1100 &
#14584
0"
#14585
1"
b1101 &
#14586
0"
#14587
1"
b1110 &
#14588
0"
#14589
1"
b1111 &
#14590
0"
#14591
1"
b0000 &
#14592
0"
#14593
1"
b0001 &
#14594
0"
#14595
1"
b0010 &
#14596
0"
#14597
1"
b0011 &
#14598
0"
#14599
1"
b0100 &
#14600
0"
#14601
1"
b0101 &
#14602
0"
#14603
1"
b0110 &
#14604
0"
#14605
1"
b0111 &
#14606
0"
#14607
1"
b1000 &
#14608
0"
#14609
1"
b1001 &
#14610
0"
#14611
1"
b1010 &
#14612
0"
#14613
1"
b1011 &
#14614
0"
#14615
1"
b1100 &
#14616
0"
#14617
1"
b1101 &
#14618
0"
#14619
1"
b1110 &
#14620
0"
#14621
1"
b1111 &
#14622
0"
#14623
1"
b0000 &
#14624
0"
#14625
1"
b0001 &
#14626
0"
#14627
1"
b0010 &
#14628
0"
#14629
1"
b0011 &
#14630
0"
#14631
1"
b0100 &
#14632
0"
#14633
1"
b0101 &
#14634
0"
#14635
1"
b0110 &
#14636
0"
#14637
1"
b0111 &
#14638
0"
#14639
1"
b1000 &
#14640
0"
#14641
1"
b1001 &
#14642
0"
#14643
1"
b1010 &
#14644
0"
#14645
1"
b1011 &
#14646
0"
#14647
1"
b1100 &
#14648
0"
#14649
1"
b1101 &
#14650
0"
#14651
1"
b1110 &
#14652
0"
#14653
1"
b1111 &
#14654
0"
#14655
1"
b0000 &
#14656
0"
#14657
1"
b0001 &
#14658
0"
#14659
1"
b0010 &
#14660
0"
#14661
1"
b0011 &
#14662
0"
#14663
1"
b0100 &
#14664
0"
#14665
1"
b0101 &
#14666
0"
#14667
1"
b0110 &
#14668
0"
#14669
1"
b0111 &
#14670
0"
#14671
1"
b1000 &
#14672
0"
#14673
1"
b1001 &
#14674
0"
#14675
1"
b1010 &
#14676
0"
#14677
1"
b1011 &
#14678
0"
#14679
1"
b1100 &
#14680
0"
#14681
1"
b1101 &
#14682
0"
#14683
1"
b1110 &
#14684
0"
#14685
1"
b1111 &
#14686
0"
#14687
1"
b0000 &
#14688
0"
#14689
1"
b0001 &
#14690
0"
#14691
1"
b0010 &
#14692
0"
#14693
1"
b0011 &
#14694
0"
#14695
1"
b0100 &
#14696
0"
#14697
1"
b0101 &
#14698
0"
#14699
1"
b0110 &
#14700
0"
#14701
1"
b0111 &
#14702
0"
#14703
1"
b1000 &
#14704
0"
#14705
1"
b1001 &
#14706
0"
#14707
1"
b1010 &
#14708
0"
#14709
1"
b1011 &
#14710
0"
#14711
1"
b1100 &
#14712
0"
#14713
1"
b1101 &
#14714
0"
#14715
1"
b1110 &
#14716
0"
#14717
1"
b1111 &
#14718
0"
#14719
1"
b0000 &
#14720
0"
#14721
1"
b0001 &
#14722
0"
#14723
1"
b0010 &
#14724
0"
#14725
1"
b0011 &
#14726
0"
#14727
1"
b0100 &
#14728
0"
#14729
1"
b0101 &
#14730
0"
#14731
1"
b0110 &
#14732
0"
#14733
1"
b0111 &
#14734
0"
#14735
1"
b1000 &
#14736
0"
#14737
1"
b1001 &
#14738
0"
#14739
1"
b1010 &
#14740
0"
#14741
1"
b1011 &
#14742
0"
#14743
1"
b1100 &
#14744
0"
#14745
1"
b1101 &
#14746
0"
#14747
1"
b1110 &
#14748
0"
#14749
1"
b1111 &
#14750
0"
#14751
1"
b0000 &
#14752
0"
#14753
1"
b0001 &
#14754
0"
#14755
1"
b0010 &
#14756
0"
#14757
1"
b0011 &
#14758
0"
#14759
1"
b0100 &
#14760
0"
#14761
1"
b0101 &
#14762
0"
#14763
1"
b0110 &
#14764
0"
#14765
1"
b0111 &
#14766
0"
#14767
1"
b1000 &
#14768
0"
#14769
1"
b1001 &
#14770
0"
#14771
1"
b1010 &
#14772
0"
#14773
1"
b1011 &
#14774
0"
#14775
1"
b1100 &
#14776
0"
#14777
1"
b1101 &
#14778
0"
#14779
1"
b1110 &
#14780
0"
#14781
1"
b1111 &
#14782
0"
#14783
1"
b0000 &
#14784
0"
#14785
1"
b0001 &
#14786
0"
#14787
1"
b0010 &
#14788
0"
#14789
1"
b0011 &
#14790
0"
#14791
1"
b0100 &
#14792
0"
#14793
1"
b0101 &
#14794
0"
#14795
1"
b0110 &
#14796
0"
#14797
1"
b0111 &
#14798
0"
#14799
1"
b1000 &
#14800
0"
#14801
1"
b1001 &
#14802
0"
#14803
1"
b1010 &
#14804
0"
#14805
1"
b1011 &
#14806
0"
#14807
1"
b1100 &
#14808
0"
#14809
1"
b1101 &
#14810
0"
#14811
1"
b1110 &
#14812
0"
#14813
1"
b1111 &
#14814
0"
#14815
1"
b0000 &
#14816
0"
#14817
1"
b0001 &
#14818
0"
#14819
1"
b0010 &
#14820
0"
#14821
1"
b0011 &
#14822
0"
#14823
1"
b0100 &
#14824
0"
#14825
1"
b0101 &
#14826
0"
#14827
1"
b0110 &
#14828
0"
#14829
1"
b0111 &
#14830
0"
#14831
1"
b1000 &
#14832
0"
#14833
1"
b1001 &
#14834
0"
#14835
1"
b1010 &
#14836
0"
#14837
1"
b1011 &
#14838
0"
#14839
1"
b1100 &
#14840
0"
#14841
1"
b1101 &
#14842
0"
#14843
1"
b1110 &
#14844
0"
#14845
1"
b1111 &
#14846
0"
#14847
1"
b0000 &
#14848
0"
#14849
1"
b0001 &
#14850
0"
#14851
1"
b0010 &
#14852
0"
#14853
1"
b0011 &
#14854
0"
#14855
1"
b0100 &
#14856
0"
#14857
1"
b0101 &
#14858
0"
#14859
1"
b0110 &
#14860
0"
#14861
1"
b0111 &
#14862
0"
#14863
1"
b1000 &
#14864
0"
#14865
1"
b1001 &
#14866
0"
#14867
1"
b1010 &
#14868
0"
#14869
1"
b1011 &
#14870
0"
#14871
1"
b1100 &
#14872
0"
#14873
1"
b1101 &
#14874
0"
#14875
1"
b1110 &
#14876
0"
#14877
1"
b1111 &
#14878
0"
#14879
1"
b0000 &
#14880
0"
#14881
1"
b0001 &
#14882
0"
#14883
1"
b0010 &
#14884
0"
#14885
1"
b0011 &
#14886
0"
#14887
1"
b0100 &
#14888
0"
#14889
1"
b0101 &
#14890
0"
#14891
1"
b0110 &
#14892
0"
#14893
1"
b0111 &
#14894
0"
#14895
1"
b1000 &
#14896
0"
#14897
1"
b1001 &
#14898
0"
#14899
1"
b1010 &
#14900
0"
#14901
1"
b1011 &
#14902
0"
#14903
1"
b1100 &
#14904
0"
#14905
1"
b1101 &
#14906
0"
#14907
1"
b1110 &
#14908
0"
#14909
1"
b1111 &
#14910
0"
#14911
1"
b0000 &
#14912
0"
#14913
1"
b0001 &
#14914
0"
#14915
1"
b0010 &
#14916
0"
#14917
1"
b0011 &
#14918
0"
#14919
1"
b0100 &
#14920
0"
#14921
1"
b0101 &
#14922
0"
#14923
1"
b0110 &
#14924
0"
#14925
1"
b0111 &
#14926
0"
#14927
1"
b1000 &
#14928
0"
#14929
1"
b1001 &
#14930
0"
#14931
1"
b1010 &
#14932
0"
#14933
1"
b1011 &
#14934
0"
#14935
1"
b1100 &
#14936
0"
#14937
1"
b1101 &
#14938
0"
#14939
1"
b1110 &
#14940
0"
#14941
1"
b1111 &
#14942
0"
#14943
1"
b0000 &
#14944
0"
#14945
1"
b0001 &
#14946
0"
#14947
1"
b0010 &
#14948
0"
#14949
1"
b0011 &
#14950
0"
#14951
1"
b0100 &
#14952
0"
#14953
1"
b0101 &
#14954
0"
#14955
1"
b0110 &
#14956
0"
#14957
1"
b0111 &
#14958
0"
#14959
1"
b1000 &
#14960
0"
#14961
1"
b1001 &
#14962
0"
#14963
1"
b1010 &
#14964
0"
#14965
1"
b1011 &
#14966
0"
#14967
1"
b1100 &
#14968
0"
#14969
1"
b1101 &
#14970
0"
#14971
1"
b1110 &
#14972
0"
#14973
1"
b1111 &
#14974
0"
#14975
1"
b0000 &
#14976
0"
#14977
1"
b0001 &
#14978
0"
#14979
1"
b0010 &
#14980
0"
#14981
1"
b0011 &
#14982
0"
#14983
1"
b0100 &
#14984
0"
#14985
1"
b0101 &
#14986
0"
#14987
1"
b0110 &
#14988
0"
#14989
1"
b0111 &
#14990
0"
#14991
1"
b1000 &
#14992
0"
#14993
1"
b1001 &
#14994
0"
#14995
1"
b1010 &
#14996
0"
#14997
1"
b1011 &
#14998
0"
#14999
1"
b1100 &
#15000
0"
#15001
1"
b1101 &
#15002
0"
#15003
1"
b1110 &
#15004
0"
#15005
1"
b1111 &
#15006
0"
#15007
1"
b0000 &
#15008
0"
#15009
1"
b0001 &
#15010
0"
#15011
1"
b0010 &
#15012
0"
#15013
1"
b0011 &
#15014
0"
#15015
1"
b0100 &
#15016
0"
#15017
1"
b0101 &
#15018
0"
#15019
1"
b0110 &
#15020
0"
#15021
1"
b0111 &
#15022
0"
#15023
1"
b1000 &
#15024
0"
#15025
1"
b1001 &
#15026
0"
#15027
1"
b1010 &
#15028
0"
#15029
1"
b1011 &
#15030
0"
#15031
1"
b1100 &
#15032
0"
#15033
1"
b1101 &
#15034
0"
#15035
1"
b1110 &
#15036
0"
#15037
1"
b1111 &
#15038
0"
#15039
1"
b0000 &
#15040
0"
#15041
1"
b0001 &
#15042
0"
#15043
1"
b0010 &
#15044
0"
#15045
1"
b0011 &
#15046
0"
#15047
1"
b0100 &
#15048
0"
#15049
1"
b0101 &
#15050
0"
#15051
1"
b0110 &
#15052
0"
#15053
1"
b0111 &
#15054
0"
#15055
1"
b1000 &
#15056
0"
#15057
1"
b1001 &
#15058
0"
#15059
1"
b1010 &
#15060
0"
#15061
1"
b1011 &
#15062
0"
#15063
1"
b1100 &
#15064
0"
#15065
1"
b1101 &
#15066
0"
#15067
1"
b1110 &
#15068
0"
#15069
1"
b1111 &
#15070
0"
#15071
1"
b0000 &
#15072
0"
#15073
1"
b0001 &
#15074
0"
#15075
1"
b0010 &
#15076
0"
#15077
1"
b0011 &
#15078
0"
#15079
1"
b0100 &
#15080
0"
#15081
1"
b0101 &
#15082
0"
#15083
1"
b0110 &
#15084
0"
#15085
1"
b0111 &
#15086
0"
#15087
1"
b1000 &
#15088
0"
#15089
1"
b1001 &
#15090
0"
#15091
1"
b1010 &
#15092
0"
#15093
1"
b1011 &
#15094
0"
#15095
1"
b1100 &
#15096
0"
#15097
1"
b1101 &
#15098
0"
#15099
1"
b1110 &
#15100
0"
#15101
1"
b1111 &
#15102
0"
#15103
1"
b0000 &
#15104
0"
#15105
1"
b0001 &
#15106
0"
#15107
1"
b0010 &
#15108
0"
#15109
1"
b0011 &
#15110
0"
#15111
1"
b0100 &
#15112
0"
#15113
1"
b0101 &
#15114
0"
#15115
1"
b0110 &
#15116
0"
#15117
1"
b0111 &
#15118
0"
#15119
1"
b1000 &
#15120
0"
#15121
1"
b1001 &
#15122
0"
#15123
1"
b1010 &
#15124
0"
#15125
1"
b1011 &
#15126
0"
#15127
1"
b1100 &
#15128
0"
#15129
1"
b1101 &
#15130
0"
#15131
1"
b1110 &
#15132
0"
#15133
1"
b1111 &
#15134
0"
#15135
1"
b0000 &
#15136
0"
#15137
1"
b0001 &
#15138
0"
#15139
1"
b0010 &
#15140
0"
#15141
1"
b0011 &
#15142
0"
#15143
1"
b0100 &
#15144
0"
#15145
1"
b0101 &
#15146
0"
#15147
1"
b0110 &
#15148
0"
#15149
1"
b0111 &
#15150
0"
#15151
1"
b1000 &
#15152
0"
#15153
1"
b1001 &
#15154
0"
#15155
1"
b1010 &
#15156
0"
#15157
1"
b1011 &
#15158
0"
#15159
1"
b1100 &
#15160
0"
#15161
1"
b1101 &
#15162
0"
#15163
1"
b1110 &
#15164
0"
#15165
1"
b1111 &
#15166
0"
#15167
1"
b0000 &
#15168
0"
#15169
1"
b0001 &
#15170
0"
#15171
1"
b0010 &
#15172
0"
#15173
1"
b0011 &
#15174
0"
#15175
1"
b0100 &
#15176
0"
#15177
1"
b0101 &
#15178
0"
#15179
1"
b0110 &
#15180
0"
#15181
1"
b0111 &
#15182
0"
#15183
1"
b1000 &
#15184
0"
#15185
1"
b1001 &
#15186
0"
#15187
1"
b1010 &
#15188
0"
#15189
1"
b1011 &
#15190
0"
#15191
1"
b1100 &
#15192
0"
#15193
1"
b1101 &
#15194
0"
#15195
1"
b1110 &
#15196
0"
#15197
1"
b1111 &
#15198
0"
#15199
1"
b0000 &
#15200
0"
#15201
1"
b0001 &
#15202
0"
#15203
1"
b0010 &
#15204
0"
#15205
1"
b0011 &
#15206
0"
#15207
1"
b0100 &
#15208
0"
#15209
1"
b0101 &
#15210
0"
#15211
1"
b0110 &
#15212
0"
#15213
1"
b0111 &
#15214
0"
#15215
1"
b1000 &
#15216
0"
#15217
1"
b1001 &
#15218
0"
#15219
1"
b1010 &
#15220
0"
#15221
1"
b1011 &
#15222
0"
#15223
1"
b1100 &
#15224
0"
#15225
1"
b1101 &
#15226
0"
#15227
1"
b1110 &
#15228
0"
#15229
1"
b1111 &
#15230
0"
#15231
1"
b0000 &
#15232
0"
#15233
1"
b0001 &
#15234
0"
#15235
1"
b0010 &
#15236
0"
#15237
1"
b0011 &
#15238
0"
#15239
1"
b0100 &
#15240
0"
#15241
1"
b0101 &
#15242
0"
#15243
1"
b0110 &
#15244
0"
#15245
1"
b0111 &
#15246
0"
#15247
1"
b1000 &
#15248
0"
#15249
1"
b1001 &
#15250
0"
#15251
1"
b1010 &
#15252
0"
#15253
1"
b1011 &
#15254
0"
#15255
1"
b1100 &
#15256
0"
#15257
1"
b1101 &
#15258
0"
#15259
1"
b1110 &
#15260
0"
#15261
1"
b1111 &
#15262
0"
#15263
1"
b0000 &
#15264
0"
#15265
1"
b0001 &
#15266
0"
#15267
1"
b0010 &
#15268
0"
#15269
1"
b0011 &
#15270
0"
#15271
1"
b0100 &
#15272
0"
#15273
1"
b0101 &
#15274
0"
#15275
1"
b0110 &
#15276
0"
#15277
1"
b0111 &
#15278
0"
#15279
1"
b1000 &
#15280
0"
#15281
1"
b1001 &
#15282
0"
#15283
1"
b1010 &
#15284
0"
#15285
1"
b1011 &
#15286
0"
#15287
1"
b1100 &
#15288
0"
#15289
1"
b1101 &
#15290
0"
#15291
1"
b1110 &
#15292
0"
#15293
1"
b1111 &
#15294
0"
#15295
1"
b0000 &
#15296
0"
#15297
1"
b0001 &
#15298
0"
#15299
1"
b0010 &
#15300
0"
#15301
1"
b0011 &
#15302
0"
#15303
1"
b0100 &
#15304
0"
#15305
1"
b0101 &
#15306
0"
#15307
1"
b0110 &
#15308
0"
#15309
1"
b0111 &
#15310
0"
#15311
1"
b1000 &
#15312
0"
#15313
1"
b1001 &
#15314
0"
#15315
1"
b1010 &
#15316
0"
#15317
1"
b1011 &
#15318
0"
#15319
1"
b1100 &
#15320
0"
#15321
1"
b1101 &
#15322
0"
#15323
1"
b1110 &
#15324
0"
#15325
1"
b1111 &
#15326
0"
#15327
1"
b0000 &
#15328
0"
#15329
1"
b0001 &
#15330
0"
#15331
1"
b0010 &
#15332
0"
#15333
1"
b0011 &
#15334
0"
#15335
1"
b0100 &
#15336
0"
#15337
1"
b0101 &
#15338
0"
#15339
1"
b0110 &
#15340
0"
#15341
1"
b0111 &
#15342
0"
#15343
1"
b1000 &
#15344
0"
#15345
1"
b1001 &
#15346
0"
#15347
1"
b1010 &
#15348
0"
#15349
1"
b1011 &
#15350
0"
#15351
1"
b1100 &
#15352
0"
#15353
1"
b1101 &
#15354
0"
#15355
1"
b1110 &
#15356
0"
#15357
1"
b1111 &
#15358
0"
#15359
1"
b0000 &
#15360
0"
#15361
1"
b0001 &
#15362
0"
#15363
1"
b0010 &
#15364
0"
#15365
1"
b0011 &
#15366
0"
#15367
1"
b0100 &
#15368
0"
#15369
1"
b0101 &
#15370
0"
#15371
1"
b0110 &
#15372
0"
#15373
1"
b0111 &
#15374
0"
#15375
1"
b1000 &
#15376
0"
#15377
1"
b1001 &
#15378
0"
#15379
1"
b1010 &
#15380
0"
#15381
1"
b1011 &
#15382
0"
#15383
1"
b1100 &
#15384
0"
#15385
1"
b1101 &
#15386
0"
#15387
1"
b1110 &
#15388
0"
#15389
1"
b1111 &
#15390
0"
#15391
1"
b0000 &
#15392
0"
#15393
1"
b0001 &
#15394
0"
#15395
1"
b0010 &
#15396
0"
#15397
1"
b0011 &
#15398
0"
#15399
1"
b0100 &
#15400
0"
#15401
1"
b0101 &
#15402
0"
#15403
1"
b0110 &
#15404
0"
#15405
1"
b0111 &
#15406
0"
#15407
1"
b1000 &
#15408
0"
#15409
1"
b1001 &
#15410
0"
#15411
1"
b1010 &
#15412
0"
#15413
1"
b1011 &
#15414
0"
#15415
1"
b1100 &
#15416
0"
#15417
1"
b1101 &
#15418
0"
#15419
1"
b1110 &
#15420
0"
#15421
1"
b1111 &
#15422
0"
#15423
1"
b0000 &
#15424
0"
#15425
1"
b0001 &
#15426
0"
#15427
1"
b0010 &
#15428
0"
#15429
1"
b0011 &
#15430
0"
#15431
1"
b0100 &
#15432
0"
#15433
1"
b0101 &
#15434
0"
#15435
1"
b0110 &
#15436
0"
#15437
1"
b0111 &
#15438
0"
#15439
1"
b1000 &
#15440
0"
#15441
1"
b1001 &
#15442
0"
#15443
1"
b1010 &
#15444
0"
#15445
1"
b1011 &
#15446
0"
#15447
1"
b1100 &
#15448
0"
#15449
1"
b1101 &
#15450
0"
#15451
1"
b1110 &
#15452
0"
#15453
1"
b1111 &
#15454
0"
#15455
1"
b0000 &
#15456
0"
#15457
1"
b0001 &
#15458
0"
#15459
1"
b0010 &
#15460
0"
#15461
1"
b0011 &
#15462
0"
#15463
1"
b0100 &
#15464
0"
#15465
1"
b0101 &
#15466
0"
#15467
1"
b0110 &
#15468
0"
#15469
1"
b0111 &
#15470
0"
#15471
1"
b1000 &
#15472
0"
#15473
1"
b1001 &
#15474
0"
#15475
1"
b1010 &
#15476
0"
#15477
1"
b1011 &
#15478
0"
#15479
1"
b1100 &
#15480
0"
#15481
1"
b1101 &
#15482
0"
#15483
1"
b1110 &
#15484
0"
#15485
1"
b1111 &
#15486
0"
#15487
1"
b0000 &
#15488
0"
#15489
1"
b0001 &
#15490
0"
#15491
1"
b0010 &
#15492
0"
#15493
1"
b0011 &
#15494
0"
#15495
1"
b0100 &
#15496
0"
#15497
1"
b0101 &
#15498
0"
#15499
1"
b0110 &
#15500
0"
#15501
1"
b0111 &
#15502
0"
#15503
1"
b1000 &
#15504
0"
#15505
1"
b1001 &
#15506
0"
#15507
1"
b1010 &
#15508
0"
#15509
1"
b1011 &
#15510
0"
#15511
1"
b1100 &
#15512
0"
#15513
1"
b1101 &
#15514
0"
#15515
1"
b1110 &
#15516
0"
#15517
1"
b1111 &
#15518
0"
#15519
1"
b0000 &
#15520
0"
#15521
1"
b0001 &
#15522
0"
#15523
1"
b0010 &
#15524
0"
#15525
1"
b0011 &
#15526
0"
#15527
1"
b0100 &
#15528
0"
#15529
1"
b0101 &
#15530
0"
#15531
1"
b0110 &
#15532
0"
#15533
1"
b0111 &
#15534
0"
#15535
1"
b1000 &
#15536
0"
#15537
1"
b1001 &
#15538
0"
#15539
1"
b1010 &
#15540
0"
#15541
1"
b1011 &
#15542
0"
#15543
1"
b1100 &
#15544
0"
#15545
1"
b1101 &
#15546
0"
#15547
1"
b1110 &
#15548
0"
#15549
1"
b1111 &
#15550
0"
#15551
1"
b0000 &
#15552
0"
#15553
1"
b0001 &
#15554
0"
#15555
1"
b0010 &
#15556
0"
#15557
1"
b0011 &
#15558
0"
#15559
1"
b0100 &
#15560
0"
#15561
1"
b0101 &
#15562
0"
#15563
1"
b0110 &
#15564
0"
#15565
1"
b0111 &
#15566
0"
#15567
1"
b1000 &
#15568
0"
#15569
1"
b1001 &
#15570
0"
#15571
1"
b1010 &
#15572
0"
#15573
1"
b1011 &
#15574
0"
#15575
1"
b1100 &
#15576
0"
#15577
1"
b1101 &
#15578
0"
#15579
1"
b1110 &
#15580
0"
#15581
1"
b1111 &
#15582
0"
#15583
1"
b0000 &
#15584
0"
#15585
1"
b0001 &
#15586
0"
#15587
1"
b0010 &
#15588
0"
#15589
1"
b0011 &
#15590
0"
#15591
1"
b0100 &
#15592
0"
#15593
1"
b0101 &
#15594
0"
#15595
1"
b0110 &
#15596
0"
#15597
1"
b0111 &
#15598
0"
#15599
1"
b1000 &
#15600
0"
#15601
1"
b1001 &
#15602
0"
#15603
1"
b1010 &
#15604
0"
#15605
1"
b1011 &
#15606
0"
#15607
1"
b1100 &
#15608
0"
#15609
1"
b1101 &
#15610
0"
#15611
1"
b1110 &
#15612
0"
#15613
1"
b1111 &
#15614
0"
#15615
1"
b0000 &
#15616
0"
#15617
1"
b0001 &
#15618
0"
#15619
1"
b0010 &
#15620
0"
#15621
1"
b0011 &
#15622
0"
#15623
1"
b0100 &
#15624
0"
#15625
1"
b0101 &
#15626
0"
#15627
1"
b0110 &
#15628
0"
#15629
1"
b0111 &
#15630
0"
#15631
1"
b1000 &
#15632
0"
#15633
1"
b1001 &
#15634
0"
#15635
1"
b1010 &
#15636
0"
#15637
1"
b1011 &
#15638
0"
#15639
1"
b1100 &
#15640
0"
#15641
1"
b1101 &
#15642
0"
#15643
1"
b1110 &
#15644
0"
#15645
1"
b1111 &
#15646
0"
#15647
1"
b0000 &
#15648
0"
#15649
1"
b0001 &
#15650
0"
#15651
1"
b0010 &
#15652
0"
#15653
1"
b0011 &
#15654
0"
#15655
1"
b0100 &
#15656
0"
#15657
1"
b0101 &
#15658
0"
#15659
1"
b0110 &
#15660
0"
#15661
1"
b0111 &
#15662
0"
#15663
1"
b1000 &
#15664
0"
#15665
1"
b1001 &
#15666
0"
#15667
1"
b1010 &
#15668
0"
#15669
1"
b1011 &
#15670
0"
#15671
1"
b1100 &
#15672
0"
#15673
1"
b1101 &
#15674
0"
#15675
1"
b1110 &
#15676
0"
#15677
1"
b1111 &
#15678
0"
#15679
1"
b0000 &
#15680
0"
#15681
1"
b0001 &
#15682
0"
#15683
1"
b0010 &
#15684
0"
#15685
1"
b0011 &
#15686
0"
#15687
1"
b0100 &
#15688
0"
#15689
1"
b0101 &
#15690
0"
#15691
1"
b0110 &
#15692
0"
#15693
1"
b0111 &
#15694
0"
#15695
1"
b1000 &
#15696
0"
#15697
1"
b1001 &
#15698
0"
#15699
1"
b1010 &
#15700
0"
#15701
1"
b1011 &
#15702
0"
#15703
1"
b1100 &
#15704
0"
#15705
1"
b1101 &
#15706
0"
#15707
1"
b1110 &
#15708
0"
#15709
1"
b1111 &
#15710
0"
#15711
1"
b0000 &
#15712
0"
#15713
1"
b0001 &
#15714
0"
#15715
1"
b0010 &
#15716
0"
#15717
1"
b0011 &
#15718
0"
#15719
1"
b0100 &
#15720
0"
#15721
1"
b0101 &
#15722
0"
#15723
1"
b0110 &
#15724
0"
#15725
1"
b0111 &
#15726
0"
#15727
1"
b1000 &
#15728
0"
#15729
1"
b1001 &
#15730
0"
#15731
1"
b1010 &
#15732
0"
#15733
1"
b1011 &
#15734
0"
#15735
1"
b1100 &
#15736
0"
#15737
1"
b1101 &
#15738
0"
#15739
1"
b1110 &
#15740
0"
#15741
1"
b1111 &
#15742
0"
#15743
1"
b0000 &
#15744
0"
#15745
1"
b0001 &
#15746
0"
#15747
1"
b0010 &
#15748
0"
#15749
1"
b0011 &
#15750
0"
#15751
1"
b0100 &
#15752
0"
#15753
1"
b0101 &
#15754
0"
#15755
1"
b0110 &
#15756
0"
#15757
1"
b0111 &
#15758
0"
#15759
1"
b1000 &
#15760
0"
#15761
1"
b1001 &
#15762
0"
#15763
1"
b1010 &
#15764
0"
#15765
1"
b1011 &
#15766
0"
#15767
1"
b1100 &
#15768
0"
#15769
1"
b1101 &
#15770
0"
#15771
1"
b1110 &
#15772
0"
#15773
1"
b1111 &
#15774
0"
#15775
1"
b0000 &
#15776
0"
#15777
1"
b0001 &
#15778
0"
#15779
1"
b0010 &
#15780
0"
#15781
1"
b0011 &
#15782
0"
#15783
1"
b0100 &
#15784
0"
#15785
1"
b0101 &
#15786
0"
#15787
1"
b0110 &
#15788
0"
#15789
1"
b0111 &
#15790
0"
#15791
1"
b1000 &
#15792
0"
#15793
1"
b1001 &
#15794
0"
#15795
1"
b1010 &
#15796
0"
#15797
1"
b1011 &
#15798
0"
#15799
1"
b1100 &
#15800
0"
#15801
1"
b1101 &
#15802
0"
#15803
1"
b1110 &
#15804
0"
#15805
1"
b1111 &
#15806
0"
#15807
1"
b0000 &
#15808
0"
#15809
1"
b0001 &
#15810
0"
#15811
1"
b0010 &
#15812
0"
#15813
1"
b0011 &
#15814
0"
#15815
1"
b0100 &
#15816
0"
#15817
1"
b0101 &
#15818
0"
#15819
1"
b0110 &
#15820
0"
#15821
1"
b0111 &
#15822
0"
#15823
1"
b1000 &
#15824
0"
#15825
1"
b1001 &
#15826
0"
#15827
1"
b1010 &
#15828
0"
#15829
1"
b1011 &
#15830
0"
#15831
1"
b1100 &
#15832
0"
#15833
1"
b1101 &
#15834
0"
#15835
1"
b1110 &
#15836
0"
#15837
1"
b1111 &
#15838
0"
#15839
1"
b0000 &
#15840
0"
#15841
1"
b0001 &
#15842
0"
#15843
1"
b0010 &
#15844
0"
#15845
1"
b0011 &
#15846
0"
#15847
1"
b0100 &
#15848
0"
#15849
1"
b0101 &
#15850
0"
#15851
1"
b0110 &
#15852
0"
#15853
1"
b0111 &
#15854
0"
#15855
1"
b1000 &
#15856
0"
#15857
1"
b1001 &
#15858
0"
#15859
1"
b1010 &
#15860
0"
#15861
1"
b1011 &
#15862
0"
#15863
1"
b1100 &
#15864
0"
#15865
1"
b1101 &
#15866
0"
#15867
1"
b1110 &
#15868
0"
#15869
1"
b1111 &
#15870
0"
#15871
1"
b0000 &
#15872
0"
#15873
1"
b0001 &
#15874
0"
#15875
1"
b0010 &
#15876
0"
#15877
1"
b0011 &
#15878
0"
#15879
1"
b0100 &
#15880
0"
#15881
1"
b0101 &
#15882
0"
#15883
1"
b0110 &
#15884
0"
#15885
1"
b0111 &
#15886
0"
#15887
1"
b1000 &
#15888
0"
#15889
1"
b1001 &
#15890
0"
#15891
1"
b1010 &
#15892
0"
#15893
1"
b1011 &
#15894
0"
#15895
1"
b1100 &
#15896
0"
#15897
1"
b1101 &
#15898
0"
#15899
1"
b1110 &
#15900
0"
#15901
1"
b1111 &
#15902
0"
#15903
1"
b0000 &
#15904
0"
#15905
1"
b0001 &
#15906
0"
#15907
1"
b0010 &
#15908
0"
#15909
1"
b0011 &
#15910
0"
#15911
1"
b0100 &
#15912
0"
#15913
1"
b0101 &
#15914
0"
#15915
1"
b0110 &
#15916
0"
#15917
1"
b0111 &
#15918
0"
#15919
1"
b1000 &
#15920
0"
#15921
1"
b1001 &
#15922
0"
#15923
1"
b1010 &
#15924
0"
#15925
1"
b1011 &
#15926
0"
#15927
1"
b1100 &
#15928
0"
#15929
1"
b1101 &
#15930
0"
#15931
1"
b1110 &
#15932
0"
#15933
1"
b1111 &
#15934
0"
#15935
1"
b0000 &
#15936
0"
#15937
1"
b0001 &
#15938
0"
#15939
1"
b0010 &
#15940
0"
#15941
1"
b0011 &
#15942
0"
#15943
1"
b0100 &
#15944
0"
#15945
1"
b0101 &
#15946
0"
#15947
1"
b0110 &
#15948
0"
#15949
1"
b0111 &
#15950
0"
#15951
1"
b1000 &
#15952
0"
#15953
1"
b1001 &
#15954
0"
#15955
1"
b1010 &
#15956
0"
#15957
1"
b1011 &
#15958
0"
#15959
1"
b1100 &
#15960
0"
#15961
1"
b1101 &
#15962
0"
#15963
1"
b1110 &
#15964
0"
#15965
1"
b1111 &
#15966
0"
#15967
1"
b0000 &
#15968
0"
#15969
1"
b0001 &
#15970
0"
#15971
1"
b0010 &
#15972
0"
#15973
1"
b0011 &
#15974
0"
#15975
1"
b0100 &
#15976
0"
#15977
1"
b0101 &
#15978
0"
#15979
1"
b0110 &
#15980
0"
#15981
1"
b0111 &
#15982
0"
#15983
1"
b1000 &
#15984
0"
#15985
1"
b1001 &
#15986
0"
#15987
1"
b1010 &
#15988
0"
#15989
1"
b1011 &
#15990
0"
#15991
1"
b1100 &
#15992
0"
#15993
1"
b1101 &
#15994
0"
#15995
1"
b1110 &
#15996
0"
#15997
1"
b1111 &
#15998
0"
#15999
1"
b0000 &
#16000
0"
#16001
1"
b0001 &
#16002
0"
#16003
1"
b0010 &
#16004
0"
#16005
1"
b0011 &
#16006
0"
#16007
1"
b0100 &
#16008
0"
#16009
1"
b0101 &
#16010
0"
#16011
1"
b0110 &
#16012
0"
#16013
1"
b0111 &
#16014
0"
#16015
1"
b1000 &
#16016
0"
#16017
1"
b1001 &
#16018
0"
#16019
1"
b1010 &
#16020
0"
#16021
1"
b1011 &
#16022
0"
#16023
1"
b1100 &
#16024
0"
#16025
1"
b1101 &
#16026
0"
#16027
1"
b1110 &
#16028
0"
#16029
1"
b1111 &
#16030
0"
#16031
1"
b0000 &
#16032
0"
#16033
1"
b0001 &
#16034
0"
#16035
1"
b0010 &
#16036
0"
#16037
1"
b0011 &
#16038
0"
#16039
1"
b0100 &
#16040
0"
#16041
1"
b0101 &
#16042
0"
#16043
1"
b0110 &
#16044
0"
#16045
1"
b0111 &
#16046
0"
#16047
1"
b1000 &
#16048
0"
#16049
1"
b1001 &
#16050
0"
#16051
1"
b1010 &
#16052
0"
#16053
1"
b1011 &
#16054
0"
#16055
1"
b1100 &
#16056
0"
#16057
1"
b1101 &
#16058
0"
#16059
1"
b1110 &
#16060
0"
#16061
1"
b1111 &
#16062
0"
#16063
1"
b0000 &
#16064
0"
#16065
1"
b0001 &
#16066
0"
#16067
1"
b0010 &
#16068
0"
#16069
1"
b0011 &
#16070
0"
#16071
1"
b0100 &
#16072
0"
#16073
1"
b0101 &
#16074
0"
#16075
1"
b0110 &
#16076
0"
#16077
1"
b0111 &
#16078
0"
#16079
1"
b1000 &
#16080
0"
#16081
1"
b1001 &
#16082
0"
#16083
1"
b1010 &
#16084
0"
#16085
1"
b1011 &
#16086
0"
#16087
1"
b1100 &
#16088
0"
#16089
1"
b1101 &
#16090
0"
#16091
1"
b1110 &
#16092
0"
#16093
1"
b1111 &
#16094
0"
#16095
1"
b0000 &
#16096
0"
#16097
1"
b0001 &
#16098
0"
#16099
1"
b0010 &
#16100
0"
#16101
1"
b0011 &
#16102
0"
#16103
1"
b0100 &
#16104
0"
#16105
1"
b0101 &
#16106
0"
#16107
1"
b0110 &
#16108
0"
#16109
1"
b0111 &
#16110
0"
#16111
1"
b1000 &
#16112
0"
#16113
1"
b1001 &
#16114
0"
#16115
1"
b1010 &
#16116
0"
#16117
1"
b1011 &
#16118
0"
#16119
1"
b1100 &
#16120
0"
#16121
1"
b1101 &
#16122
0"
#16123
1"
b1110 &
#16124
0"
#16125
1"
b1111 &
#16126
0"
#16127
1"
b0000 &
#16128
0"
#16129
1"
b0001 &
#16130
0"
#16131
1"
b0010 &
#16132
0"
#16133
1"
b0011 &
#16134
0"
#16135
1"
b0100 &
#16136
0"
#16137
1"
b0101 &
#16138
0"
#16139
1"
b0110 &
#16140
0"
#16141
1"
b0111 &
#16142
0"
#16143
1"
b1000 &
#16144
0"
#16145
1"
b1001 &
#16146
0"
#16147
1"
b1010 &
#16148
0"
#16149
1"
b1011 &
#16150
0"
#16151
1"
b1100 &
#16152
0"
#16153
1"
b1101 &
#16154
0"
#16155
1"
b1110 &
#16156
0"
#16157
1"
b1111 &
#16158
0"
#16159
1"
b0000 &
#16160
0"
#16161
1"
b0001 &
#16162
0"
#16163
1"
b0010 &
#16164
0"
#16165
1"
b0011 &
#16166
0"
#16167
1"
b0100 &
#16168
0"
#16169
1"
b0101 &
#16170
0"
#16171
1"
b0110 &
#16172
0"
#16173
1"
b0111 &
#16174
0"
#16175
1"
b1000 &
#16176
0"
#16177
1"
b1001 &
#16178
0"
#16179
1"
b1010 &
#16180
0"
#16181
1"
b1011 &
#16182
0"
#16183
1"
b1100 &
#16184
0"
#16185
1"
b1101 &
#16186
0"
#16187
1"
b1110 &
#16188
0"
#16189
1"
b1111 &
#16190
0"
#16191
1"
b0000 &
#16192
0"
#16193
1"
b0001 &
#16194
0"
#16195
1"
b0010 &
#16196
0"
#16197
1"
b0011 &
#16198
0"
#16199
1"
b0100 &
#16200
0"
#16201
1"
b0101 &
#16202
0"
#16203
1"
b0110 &
#16204
0"
#16205
1"
b0111 &
#16206
0"
#16207
1"
b1000 &
#16208
0"
#16209
1"
b1001 &
#16210
0"
#16211
1"
b1010 &
#16212
0"
#16213
1"
b1011 &
#16214
0"
#16215
1"
b1100 &
#16216
0"
#16217
1"
b1101 &
#16218
0"
#16219
1"
b1110 &
#16220
0"
#16221
1"
b1111 &
#16222
0"
#16223
1"
b0000 &
#16224
0"
#16225
1"
b0001 &
#16226
0"
#16227
1"
b0010 &
#16228
0"
#16229
1"
b0011 &
#16230
0"
#16231
1"
b0100 &
#16232
0"
#16233
1"
b0101 &
#16234
0"
#16235
1"
b0110 &
#16236
0"
#16237
1"
b0111 &
#16238
0"
#16239
1"
b1000 &
#16240
0"
#16241
1"
b1001 &
#16242
0"
#16243
1"
b1010 &
#16244
0"
#16245
1"
b1011 &
#16246
0"
#16247
1"
b1100 &
#16248
0"
#16249
1"
b1101 &
#16250
0"
#16251
1"
b1110 &
#16252
0"
#16253
1"
b1111 &
#16254
0"
#16255
1"
b0000 &
#16256
0"
#16257
1"
b0001 &
#16258
0"
#16259
1"
b0010 &
#16260
0"
#16261
1"
b0011 &
#16262
0"
#16263
1"
b0100 &
#16264
0"
#16265
1"
b0101 &
#16266
0"
#16267
1"
b0110 &
#16268
0"
#16269
1"
b0111 &
#16270
0"
#16271
1"
b1000 &
#16272
0"
#16273
1"
b1001 &
#16274
0"
#16275
1"
b1010 &
#16276
0"
#16277
1"
b1011 &
#16278
0"
#16279
1"
b1100 &
#16280
0"
#16281
1"
b1101 &
#16282
0"
#16283
1"
b1110 &
#16284
0"
#16285
1"
b1111 &
#16286
0"
#16287
1"
b0000 &
#16288
0"
#16289
1"
b0001 &
#16290
0"
#16291
1"
b0010 &
#16292
0"
#16293
1"
b0011 &
#16294
0"
#16295
1"
b0100 &
#16296
0"
#16297
1"
b0101 &
#16298
0"
#16299
1"
b0110 &
#16300
0"
#16301
1"
b0111 &
#16302
0"
#16303
1"
b1000 &
#16304
0"
#16305
1"
b1001 &
#16306
0"
#16307
1"
b1010 &
#16308
0"
#16309
1"
b1011 &
#16310
0"
#16311
1"
b1100 &
#16312
0"
#16313
1"
b1101 &
#16314
0"
#16315
1"
b1110 &
#16316
0"
#16317
1"
b1111 &
#16318
0"
#16319
1"
b0000 &
#16320
0"
#16321
1"
b0001 &
#16322
0"
#16323
1"
b0010 &
#16324
0"
#16325
1"
b0011 &
#16326
0"
#16327
1"
b0100 &
#16328
0"
#16329
1"
b0101 &
#16330
0"
#16331
1"
b0110 &
#16332
0"
#16333
1"
b0111 &
#16334
0"
#16335
1"
b1000 &
#16336
0"
#16337
1"
b1001 &
#16338
0"
#16339
1"
b1010 &
#16340
0"
#16341
1"
b1011 &
#16342
0"
#16343
1"
b1100 &
#16344
0"
#16345
1"
b1101 &
#16346
0"
#16347
1"
b1110 &
#16348
0"
#16349
1"
b1111 &
#16350
0"
#16351
1"
b0000 &
#16352
0"
#16353
1"
b0001 &
#16354
0"
#16355
1"
b0010 &
#16356
0"
#16357
1"
b0011 &
#16358
0"
#16359
1"
b0100 &
#16360
0"
#16361
1"
b0101 &
#16362
0"
#16363
1"
b0110 &
#16364
0"
#16365
1"
b0111 &
#16366
0"
#16367
1"
b1000 &
#16368
0"
#16369
1"
b1001 &
#16370
0"
#16371
1"
b1010 &
#16372
0"
#16373
1"
b1011 &
#16374
0"
#16375
1"
b1100 &
#16376
0"
#16377
1"
b1101 &
#16378
0"
#16379
1"
b1110 &
#16380
0"
#16381
1"
b1111 &
#16382
0"
#16383
1"
b0000 &
#16384
0"
#16385
1"
b0001 &
#16386
0"
#16387
1"
b0010 &
#16388
0"
#16389
1"
b0011 &
#16390
0"
#16391
1"
b0100 &
#16392
0"
#16393
1"
b0101 &
#16394
0"
#16395
1"
b0110 &
#16396
0"
#16397
1"
b0111 &
#16398
0"
#16399
1"
b1000 &
#16400
0"
#16401
1"
b1001 &
#16402
0"
#16403
1"
b1010 &
#16404
0"
#16405
1"
b1011 &
#16406
0"
#16407
1"
b1100 &
#16408
0"
#16409
1"
b1101 &
#16410
0"
#16411
1"
b1110 &
#16412
0"
#16413
1"
b1111 &
#16414
0"
#16415
1"
b0000 &
#16416
0"
#16417
1"
b0001 &
#16418
0"
#16419
1"
b0010 &
#16420
0"
#16421
1"
b0011 &
#16422
0"
#16423
1"
b0100 &
#16424
0"
#16425
1"
b0101 &
#16426
0"
#16427
1"
b0110 &
#16428
0"
#16429
1"
b0111 &
#16430
0"
#16431
1"
b1000 &
#16432
0"
#16433
1"
b1001 &
#16434
0"
#16435
1"
b1010 &
#16436
0"
#16437
1"
b1011 &
#16438
0"
#16439
1"
b1100 &
#16440
0"
#16441
1"
b1101 &
#16442
0"
#16443
1"
b1110 &
#16444
0"
#16445
1"
b1111 &
#16446
0"
#16447
1"
b0000 &
#16448
0"
#16449
1"
b0001 &
#16450
0"
#16451
1"
b0010 &
#16452
0"
#16453
1"
b0011 &
#16454
0"
#16455
1"
b0100 &
#16456
0"
#16457
1"
b0101 &
#16458
0"
#16459
1"
b0110 &
#16460
0"
#16461
1"
b0111 &
#16462
0"
#16463
1"
b1000 &
#16464
0"
#16465
1"
b1001 &
#16466
0"
#16467
1"
b1010 &
#16468
0"
#16469
1"
b1011 &
#16470
0"
#16471
1"
b1100 &
#16472
0"
#16473
1"
b1101 &
#16474
0"
#16475
1"
b1110 &
#16476
0"
#16477
1"
b1111 &
#16478
0"
#16479
1"
b0000 &
#16480
0"
#16481
1"
b0001 &
#16482
0"
#16483
1"
b0010 &
#16484
0"
#16485
1"
b0011 &
#16486
0"
#16487
1"
b0100 &
#16488
0"
#16489
1"
b0101 &
#16490
0"
#16491
1"
b0110 &
#16492
0"
#16493
1"
b0111 &
#16494
0"
#16495
1"
b1000 &
#16496
0"
#16497
1"
b1001 &
#16498
0"
#16499
1"
b1010 &
#16500
0"
#16501
1"
b1011 &
#16502
0"
#16503
1"
b1100 &
#16504
0"
#16505
1"
b1101 &
#16506
0"
#16507
1"
b1110 &
#16508
0"
#16509
1"
b1111 &
#16510
0"
#16511
1"
b0000 &
#16512
0"
#16513
1"
b0001 &
#16514
0"
#16515
1"
b0010 &
#16516
0"
#16517
1"
b0011 &
#16518
0"
#16519
1"
b0100 &
#16520
0"
#16521
1"
b0101 &
#16522
0"
#16523
1"
b0110 &
#16524
0"
#16525
1"
b0111 &
#16526
0"
#16527
1"
b1000 &
#16528
0"
#16529
1"
b1001 &
#16530
0"
#16531
1"
b1010 &
#16532
0"
#16533
1"
b1011 &
#16534
0"
#16535
1"
b1100 &
#16536
0"
#16537
1"
b1101 &
#16538
0"
#16539
1"
b1110 &
#16540
0"
#16541
1"
b1111 &
#16542
0"
#16543
1"
b0000 &
#16544
0"
#16545
1"
b0001 &
#16546
0"
#16547
1"
b0010 &
#16548
0"
#16549
1"
b0011 &
#16550
0"
#16551
1"
b0100 &
#16552
0"
#16553
1"
b0101 &
#16554
0"
#16555
1"
b0110 &
#16556
0"
#16557
1"
b0111 &
#16558
0"
#16559
1"
b1000 &
#16560
0"
#16561
1"
b1001 &
#16562
0"
#16563
1"
b1010 &
#16564
0"
#16565
1"
b1011 &
#16566
0"
#16567
1"
b1100 &
#16568
0"
#16569
1"
b1101 &
#16570
0"
#16571
1"
b1110 &
#16572
0"
#16573
1"
b1111 &
#16574
0"
#16575
1"
b0000 &
#16576
0"
#16577
1"
b0001 &
#16578
0"
#16579
1"
b0010 &
#16580
0"
#16581
1"
b0011 &
#16582
0"
#16583
1"
b0100 &
#16584
0"
#16585
1"
b0101 &
#16586
0"
#16587
1"
b0110 &
#16588
0"
#16589
1"
b0111 &
#16590
0"
#16591
1"
b1000 &
#16592
0"
#16593
1"
b1001 &
#16594
0"
#16595
1"
b1010 &
#16596
0"
#16597
1"
b1011 &
#16598
0"
#16599
1"
b1100 &
#16600
0"
#16601
1"
b1101 &
#16602
0"
#16603
1"
b1110 &
#16604
0"
#16605
1"
b1111 &
#16606
0"
#16607
1"
b0000 &
#16608
0"
#16609
1"
b0001 &
#16610
0"
#16611
1"
b0010 &
#16612
0"
#16613
1"
b0011 &
#16614
0"
#16615
1"
b0100 &
#16616
0"
#16617
1"
b0101 &
#16618
0"
#16619
1"
b0110 &
#16620
0"
#16621
1"
b0111 &
#16622
0"
#16623
1"
b1000 &
#16624
0"
#16625
1"
b1001 &
#16626
0"
#16627
1"
b1010 &
#16628
0"
#16629
1"
b1011 &
#16630
0"
#16631
1"
b1100 &
#16632
0"
#16633
1"
b1101 &
#16634
0"
#16635
1"
b1110 &
#16636
0"
#16637
1"
b1111 &
#16638
0"
#16639
1"
b0000 &
#16640
0"
#16641
1"
b0001 &
#16642
0"
#16643
1"
b0010 &
#16644
0"
#16645
1"
b0011 &
#16646
0"
#16647
1"
b0100 &
#16648
0"
#16649
1"
b0101 &
#16650
0"
#16651
1"
b0110 &
#16652
0"
#16653
1"
b0111 &
#16654
0"
#16655
1"
b1000 &
#16656
0"
#16657
1"
b1001 &
#16658
0"
#16659
1"
b1010 &
#16660
0"
#16661
1"
b1011 &
#16662
0"
#16663
1"
b1100 &
#16664
0"
#16665
1"
b1101 &
#16666
0"
#16667
1"
b1110 &
#16668
0"
#16669
1"
b1111 &
#16670
0"
#16671
1"
b0000 &
#16672
0"
#16673
1"
b0001 &
#16674
0"
#16675
1"
b0010 &
#16676
0"
#16677
1"
b0011 &
#16678
0"
#16679
1"
b0100 &
#16680
0"
#16681
1"
b0101 &
#16682
0"
#16683
1"
b0110 &
#16684
0"
#16685
1"
b0111 &
#16686
0"
#16687
1"
b1000 &
#16688
0"
#16689
1"
b1001 &
#16690
0"
#16691
1"
b1010 &
#16692
0"
#16693
1"
b1011 &
#16694
0"
#16695
1"
b1100 &
#16696
0"
#16697
1"
b1101 &
#16698
0"
#16699
1"
b1110 &
#16700
0"
#16701
1"
b1111 &
#16702
0"
#16703
1"
b0000 &
#16704
0"
#16705
1"
b0001 &
#16706
0"
#16707
1"
b0010 &
#16708
0"
#16709
1"
b0011 &
#16710
0"
#16711
1"
b0100 &
#16712
0"
#16713
1"
b0101 &
#16714
0"
#16715
1"
b0110 &
#16716
0"
#16717
1"
b0111 &
#16718
0"
#16719
1"
b1000 &
#16720
0"
#16721
1"
b1001 &
#16722
0"
#16723
1"
b1010 &
#16724
0"
#16725
1"
b1011 &
#16726
0"
#16727
1"
b1100 &
#16728
0"
#16729
1"
b1101 &
#16730
0"
#16731
1"
b1110 &
#16732
0"
#16733
1"
b1111 &
#16734
0"
#16735
1"
b0000 &
#16736
0"
#16737
1"
b0001 &
#16738
0"
#16739
1"
b0010 &
#16740
0"
#16741
1"
b0011 &
#16742
0"
#16743
1"
b0100 &
#16744
0"
#16745
1"
b0101 &
#16746
0"
#16747
1"
b0110 &
#16748
0"
#16749
1"
b0111 &
#16750
0"
#16751
1"
b1000 &
#16752
0"
#16753
1"
b1001 &
#16754
0"
#16755
1"
b1010 &
#16756
0"
#16757
1"
b1011 &
#16758
0"
#16759
1"
b1100 &
#16760
0"
#16761
1"
b1101 &
#16762
0"
#16763
1"
b1110 &
#16764
0"
#16765
1"
b1111 &
#16766
0"
#16767
1"
b0000 &
#16768
0"
#16769
1"
b0001 &
#16770
0"
#16771
1"
b0010 &
#16772
0"
#16773
1"
b0011 &
#16774
0"
#16775
1"
b0100 &
#16776
0"
#16777
1"
b0101 &
#16778
0"
#16779
1"
b0110 &
#16780
0"
#16781
1"
b0111 &
#16782
0"
#16783
1"
b1000 &
#16784
0"
#16785
1"
b1001 &
#16786
0"
#16787
1"
b1010 &
#16788
0"
#16789
1"
b1011 &
#16790
0"
#16791
1"
b1100 &
#16792
0"
#16793
1"
b1101 &
#16794
0"
#16795
1"
b1110 &
#16796
0"
#16797
1"
b1111 &
#16798
0"
#16799
1"
b0000 &
#16800
0"
#16801
1"
b0001 &
#16802
0"
#16803
1"
b0010 &
#16804
0"
#16805
1"
b0011 &
#16806
0"
#16807
1"
b0100 &
#16808
0"
#16809
1"
b0101 &
#16810
0"
#16811
1"
b0110 &
#16812
0"
#16813
1"
b0111 &
#16814
0"
#16815
1"
b1000 &
#16816
0"
#16817
1"
b1001 &
#16818
0"
#16819
1"
b1010 &
#16820
0"
#16821
1"
b1011 &
#16822
0"
#16823
1"
b1100 &
#16824
0"
#16825
1"
b1101 &
#16826
0"
#16827
1"
b1110 &
#16828
0"
#16829
1"
b1111 &
#16830
0"
#16831
1"
b0000 &
#16832
0"
#16833
1"
b0001 &
#16834
0"
#16835
1"
b0010 &
#16836
0"
#16837
1"
b0011 &
#16838
0"
#16839
1"
b0100 &
#16840
0"
#16841
1"
b0101 &
#16842
0"
#16843
1"
b0110 &
#16844
0"
#16845
1"
b0111 &
#16846
0"
#16847
1"
b1000 &
#16848
0"
#16849
1"
b1001 &
#16850
0"
#16851
1"
b1010 &
#16852
0"
#16853
1"
b1011 &
#16854
0"
#16855
1"
b1100 &
#16856
0"
#16857
1"
b1101 &
#16858
0"
#16859
1"
b1110 &
#16860
0"
#16861
1"
b1111 &
#16862
0"
#16863
1"
b0000 &
#16864
0"
#16865
1"
b0001 &
#16866
0"
#16867
1"
b0010 &
#16868
0"
#16869
1"
b0011 &
#16870
0"
#16871
1"
b0100 &
#16872
0"
#16873
1"
b0101 &
#16874
0"
#16875
1"
b0110 &
#16876
0"
#16877
1"
b0111 &
#16878
0"
#16879
1"
b1000 &
#16880
0"
#16881
1"
b1001 &
#16882
0"
#16883
1"
b1010 &
#16884
0"
#16885
1"
b1011 &
#16886
0"
#16887
1"
b1100 &
#16888
0"
#16889
1"
b1101 &
#16890
0"
#16891
1"
b1110 &
#16892
0"
#16893
1"
b1111 &
#16894
0"
#16895
1"
b0000 &
#16896
0"
#16897
1"
b0001 &
#16898
0"
#16899
1"
b0010 &
#16900
0"
#16901
1"
b0011 &
#16902
0"
#16903
1"
b0100 &
#16904
0"
#16905
1"
b0101 &
#16906
0"
#16907
1"
b0110 &
#16908
0"
#16909
1"
b0111 &
#16910
0"
#16911
1"
b1000 &
#16912
0"
#16913
1"
b1001 &
#16914
0"
#16915
1"
b1010 &
#16916
0"
#16917
1"
b1011 &
#16918
0"
#16919
1"
b1100 &
#16920
0"
#16921
1"
b1101 &
#16922
0"
#16923
1"
b1110 &
#16924
0"
#16925
1"
b1111 &
#16926
0"
#16927
1"
b0000 &
#16928
0"
#16929
1"
b0001 &
#16930
0"
#16931
1"
b0010 &
#16932
0"
#16933
1"
b0011 &
#16934
0"
#16935
1"
b0100 &
#16936
0"
#16937
1"
b0101 &
#16938
0"
#16939
1"
b0110 &
#16940
0"
#16941
1"
b0111 &
#16942
0"
#16943
1"
b1000 &
#16944
0"
#16945
1"
b1001 &
#16946
0"
#16947
1"
b1010 &
#16948
0"
#16949
1"
b1011 &
#16950
0"
#16951
1"
b1100 &
#16952
0"
#16953
1"
b1101 &
#16954
0"
#16955
1"
b1110 &
#16956
0"
#16957
1"
b1111 &
#16958
0"
#16959
1"
b0000 &
#16960
0"
#16961
1"
b0001 &
#16962
0"
#16963
1"
b0010 &
#16964
0"
#16965
1"
b0011 &
#16966
0"
#16967
1"
b0100 &
#16968
0"
#16969
1"
b0101 &
#16970
0"
#16971
1"
b0110 &
#16972
0"
#16973
1"
b0111 &
#16974
0"
#16975
1"
b1000 &
#16976
0"
#16977
1"
b1001 &
#16978
0"
#16979
1"
b1010 &
#16980
0"
#16981
1"
b1011 &
#16982
0"
#16983
1"
b1100 &
#16984
0"
#16985
1"
b1101 &
#16986
0"
#16987
1"
b1110 &
#16988
0"
#16989
1"
b1111 &
#16990
0"
#16991
1"
b0000 &
#16992
0"
#16993
1"
b0001 &
#16994
0"
#16995
1"
b0010 &
#16996
0"
#16997
1"
b0011 &
#16998
0"
#16999
1"
b0100 &
#17000
0"
#17001
1"
b0101 &
#17002
0"
#17003
1"
b0110 &
#17004
0"
#17005
1"
b0111 &
#17006
0"
#17007
1"
b1000 &
#17008
0"
#17009
1"
b1001 &
#17010
0"
#17011
1"
b1010 &
#17012
0"
#17013
1"
b1011 &
#17014
0"
#17015
1"
b1100 &
#17016
0"
#17017
1"
b1101 &
#17018
0"
#17019
1"
b1110 &
#17020
0"
#17021
1"
b1111 &
#17022
0"
#17023
1"
b0000 &
#17024
0"
#17025
1"
b0001 &
#17026
0"
#17027
1"
b0010 &
#17028
0"
#17029
1"
b0011 &
#17030
0"
#17031
1"
b0100 &
#17032
0"
#17033
1"
b0101 &
#17034
0"
#17035
1"
b0110 &
#17036
0"
#17037
1"
b0111 &
#17038
0"
#17039
1"
b1000 &
#17040
0"
#17041
1"
b1001 &
#17042
0"
#17043
1"
b1010 &
#17044
0"
#17045
1"
b1011 &
#17046
0"
#17047
1"
b1100 &
#17048
0"
#17049
1"
b1101 &
#17050
0"
#17051
1"
b1110 &
#17052
0"
#17053
1"
b1111 &
#17054
0"
#17055
1"
b0000 &
#17056
0"
#17057
1"
b0001 &
#17058
0"
#17059
1"
b0010 &
#17060
0"
#17061
1"
b0011 &
#17062
0"
#17063
1"
b0100 &
#17064
0"
#17065
1"
b0101 &
#17066
0"
#17067
1"
b0110 &
#17068
0"
#17069
1"
b0111 &
#17070
0"
#17071
1"
b1000 &
#17072
0"
#17073
1"
b1001 &
#17074
0"
#17075
1"
b1010 &
#17076
0"
#17077
1"
b1011 &
#17078
0"
#17079
1"
b1100 &
#17080
0"
#17081
1"
b1101 &
#17082
0"
#17083
1"
b1110 &
#17084
0"
#17085
1"
b1111 &
#17086
0"
#17087
1"
b0000 &
#17088
0"
#17089
1"
b0001 &
#17090
0"
#17091
1"
b0010 &
#17092
0"
#17093
1"
b0011 &
#17094
0"
#17095
1"
b0100 &
#17096
0"
#17097
1"
b0101 &
#17098
0"
#17099
1"
b0110 &
#17100
0"
#17101
1"
b0111 &
#17102
0"
#17103
1"
b1000 &
#17104
0"
#17105
1"
b1001 &
#17106
0"
#17107
1"
b1010 &
#17108
0"
#17109
1"
b1011 &
#17110
0"
#17111
1"
b1100 &
#17112
0"
#17113
1"
b1101 &
#17114
0"
#17115
1"
b1110 &
#17116
0"
#17117
1"
b1111 &
#17118
0"
#17119
1"
b0000 &
#17120
0"
#17121
1"
b0001 &
#17122
0"
#17123
1"
b0010 &
#17124
0"
#17125
1"
b0011 &
#17126
0"
#17127
1"
b0100 &
#17128
0"
#17129
1"
b0101 &
#17130
0"
#17131
1"
b0110 &
#17132
0"
#17133
1"
b0111 &
#17134
0"
#17135
1"
b1000 &
#17136
0"
#17137
1"
b1001 &
#17138
0"
#17139
1"
b1010 &
#17140
0"
#17141
1"
b1011 &
#17142
0"
#17143
1"
b1100 &
#17144
0"
#17145
1"
b1101 &
#17146
0"
#17147
1"
b1110 &
#17148
0"
#17149
1"
b1111 &
#17150
0"
#17151
1"
b0000 &
#17152
0"
#17153
1"
b0001 &
#17154
0"
#17155
1"
b0010 &
#17156
0"
#17157
1"
b0011 &
#17158
0"
#17159
1"
b0100 &
#17160
0"
#17161
1"
b0101 &
#17162
0"
#17163
1"
b0110 &
#17164
0"
#17165
1"
b0111 &
#17166
0"
#17167
1"
b1000 &
#17168
0"
#17169
1"
b1001 &
#17170
0"
#17171
1"
b1010 &
#17172
0"
#17173
1"
b1011 &
#17174
0"
#17175
1"
b1100 &
#17176
0"
#17177
1"
b1101 &
#17178
0"
#17179
1"
b1110 &
#17180
0"
#17181
1"
b1111 &
#17182
0"
#17183
1"
b0000 &
#17184
0"
#17185
1"
b0001 &
#17186
0"
#17187
1"
b0010 &
#17188
0"
#17189
1"
b0011 &
#17190
0"
#17191
1"
b0100 &
#17192
0"
#17193
1"
b0101 &
#17194
0"
#17195
1"
b0110 &
#17196
0"
#17197
1"
b0111 &
#17198
0"
#17199
1"
b1000 &
#17200
0"
#17201
1"
b1001 &
#17202
0"
#17203
1"
b1010 &
#17204
0"
#17205
1"
b1011 &
#17206
0"
#17207
1"
b1100 &
#17208
0"
#17209
1"
b1101 &
#17210
0"
#17211
1"
b1110 &
#17212
0"
#17213
1"
b1111 &
#17214
0"
#17215
1"
b0000 &
#17216
0"
#17217
1"
b0001 &
#17218
0"
#17219
1"
b0010 &
#17220
0"
#17221
1"
b0011 &
#17222
0"
#17223
1"
b0100 &
#17224
0"
#17225
1"
b0101 &
#17226
0"
#17227
1"
b0110 &
#17228
0"
#17229
1"
b0111 &
#17230
0"
#17231
1"
b1000 &
#17232
0"
#17233
1"
b1001 &
#17234
0"
#17235
1"
b1010 &
#17236
0"
#17237
1"
b1011 &
#17238
0"
#17239
1"
b1100 &
#17240
0"
#17241
1"
b1101 &
#17242
0"
#17243
1"
b1110 &
#17244
0"
#17245
1"
b1111 &
#17246
0"
#17247
1"
b0000 &
#17248
0"
#17249
1"
b0001 &
#17250
0"
#17251
1"
b0010 &
#17252
0"
#17253
1"
b0011 &
#17254
0"
#17255
1"
b0100 &
#17256
0"
#17257
1"
b0101 &
#17258
0"
#17259
1"
b0110 &
#17260
0"
#17261
1"
b0111 &
#17262
0"
#17263
1"
b1000 &
#17264
0"
#17265
1"
b1001 &
#17266
0"
#17267
1"
b1010 &
#17268
0"
#17269
1"
b1011 &
#17270
0"
#17271
1"
b1100 &
#17272
0"
#17273
1"
b1101 &
#17274
0"
#17275
1"
b1110 &
#17276
0"
#17277
1"
b1111 &
#17278
0"
#17279
1"
b0000 &
#17280
0"
#17281
1"
b0001 &
#17282
0"
#17283
1"
b0010 &
#17284
0"
#17285
1"
b0011 &
#17286
0"
#17287
1"
b0100 &
#17288
0"
#17289
1"
b0101 &
#17290
0"
#17291
1"
b0110 &
#17292
0"
#17293
1"
b0111 &
#17294
0"
#17295
1"
b1000 &
#17296
0"
#17297
1"
b1001 &
#17298
0"
#17299
1"
b1010 &
#17300
0"
#17301
1"
b1011 &
#17302
0"
#17303
1"
b1100 &
#17304
0"
#17305
1"
b1101 &
#17306
0"
#17307
1"
b1110 &
#17308
0"
#17309
1"
b1111 &
#17310
0"
#17311
1"
b0000 &
#17312
0"
#17313
1"
b0001 &
#17314
0"
#17315
1"
b0010 &
#17316
0"
#17317
1"
b0011 &
#17318
0"
#17319
1"
b0100 &
#17320
0"
#17321
1"
b0101 &
#17322
0"
#17323
1"
b0110 &
#17324
0"
#17325
1"
b0111 &
#17326
0"
#17327
1"
b1000 &
#17328
0"
#17329
1"
b1001 &
#17330
0"
#17331
1"
b1010 &
#17332
0"
#17333
1"
b1011 &
#17334
0"
#17335
1"
b1100 &
#17336
0"
#17337
1"
b1101 &
#17338
0"
#17339
1"
b1110 &
#17340
0"
#17341
1"
b1111 &
#17342
0"
#17343
1"
b0000 &
#17344
0"
#17345
1"
b0001 &
#17346
0"
#17347
1"
b0010 &
#17348
0"
#17349
1"
b0011 &
#17350
0"
#17351
1"
b0100 &
#17352
0"
#17353
1"
b0101 &
#17354
0"
#17355
1"
b0110 &
#17356
0"
#17357
1"
b0111 &
#17358
0"
#17359
1"
b1000 &
#17360
0"
#17361
1"
b1001 &
#17362
0"
#17363
1"
b1010 &
#17364
0"
#17365
1"
b1011 &
#17366
0"
#17367
1"
b1100 &
#17368
0"
#17369
1"
b1101 &
#17370
0"
#17371
1"
b1110 &
#17372
0"
#17373
1"
b1111 &
#17374
0"
#17375
1"
b0000 &
#17376
0"
#17377
1"
b0001 &
#17378
0"
#17379
1"
b0010 &
#17380
0"
#17381
1"
b0011 &
#17382
0"
#17383
1"
b0100 &
#17384
0"
#17385
1"
b0101 &
#17386
0"
#17387
1"
b0110 &
#17388
0"
#17389
1"
b0111 &
#17390
0"
#17391
1"
b1000 &
#17392
0"
#17393
1"
b1001 &
#17394
0"
#17395
1"
b1010 &
#17396
0"
#17397
1"
b1011 &
#17398
0"
#17399
1"
b1100 &
#17400
0"
#17401
1"
b1101 &
#17402
0"
#17403
1"
b1110 &
#17404
0"
#17405
1"
b1111 &
#17406
0"
#17407
1"
b0000 &
#17408
0"
#17409
1"
b0001 &
#17410
0"
#17411
1"
b0010 &
#17412
0"
#17413
1"
b0011 &
#17414
0"
#17415
1"
b0100 &
#17416
0"
#17417
1"
b0101 &
#17418
0"
#17419
1"
b0110 &
#17420
0"
#17421
1"
b0111 &
#17422
0"
#17423
1"
b1000 &
#17424
0"
#17425
1"
b1001 &
#17426
0"
#17427
1"
b1010 &
#17428
0"
#17429
1"
b1011 &
#17430
0"
#17431
1"
b1100 &
#17432
0"
#17433
1"
b1101 &
#17434
0"
#17435
1"
b1110 &
#17436
0"
#17437
1"
b1111 &
#17438
0"
#17439
1"
b0000 &
#17440
0"
#17441
1"
b0001 &
#17442
0"
#17443
1"
b0010 &
#17444
0"
#17445
1"
b0011 &
#17446
0"
#17447
1"
b0100 &
#17448
0"
#17449
1"
b0101 &
#17450
0"
#17451
1"
b0110 &
#17452
0"
#17453
1"
b0111 &
#17454
0"
#17455
1"
b1000 &
#17456
0"
#17457
1"
b1001 &
#17458
0"
#17459
1"
b1010 &
#17460
0"
#17461
1"
b1011 &
#17462
0"
#17463
1"
b1100 &
#17464
0"
#17465
1"
b1101 &
#17466
0"
#17467
1"
b1110 &
#17468
0"
#17469
1"
b1111 &
#17470
0"
#17471
1"
b0000 &
#17472
0"
#17473
1"
b0001 &
#17474
0"
#17475
1"
b0010 &
#17476
0"
#17477
1"
b0011 &
#17478
0"
#17479
1"
b0100 &
#17480
0"
#17481
1"
b0101 &
#17482
0"
#17483
1"
b0110 &
#17484
0"
#17485
1"
b0111 &
#17486
0"
#17487
1"
b1000 &
#17488
0"
#17489
1"
b1001 &
#17490
0"
#17491
1"
b1010 &
#17492
0"
#17493
1"
b1011 &
#17494
0"
#17495
1"
b1100 &
#17496
0"
#17497
1"
b1101 &
#17498
0"
#17499
1"
b1110 &
#17500
0"
#17501
1"
b1111 &
#17502
0"
#17503
1"
b0000 &
#17504
0"
#17505
1"
b0001 &
#17506
0"
#17507
1"
b0010 &
#17508
0"
#17509
1"
b0011 &
#17510
0"
#17511
1"
b0100 &
#17512
0"
#17513
1"
b0101 &
#17514
0"
#17515
1"
b0110 &
#17516
0"
#17517
1"
b0111 &
#17518
0"
#17519
1"
b1000 &
#17520
0"
#17521
1"
b1001 &
#17522
0"
#17523
1"
b1010 &
#17524
0"
#17525
1"
b1011 &
#17526
0"
#17527
1"
b1100 &
#17528
0"
#17529
1"
b1101 &
#17530
0"
#17531
1"
b1110 &
#17532
0"
#17533
1"
b1111 &
#17534
0"
#17535
1"
b0000 &
#17536
0"
#17537
1"
b0001 &
#17538
0"
#17539
1"
b0010 &
#17540
0"
#17541
1"
b0011 &
#17542
0"
#17543
1"
b0100 &
#17544
0"
#17545
1"
b0101 &
#17546
0"
#17547
1"
b0110 &
#17548
0"
#17549
1"
b0111 &
#17550
0"
#17551
1"
b1000 &
#17552
0"
#17553
1"
b1001 &
#17554
0"
#17555
1"
b1010 &
#17556
0"
#17557
1"
b1011 &
#17558
0"
#17559
1"
b1100 &
#17560
0"
#17561
1"
b1101 &
#17562
0"
#17563
1"
b1110 &
#17564
0"
#17565
1"
b1111 &
#17566
0"
#17567
1"
b0000 &
#17568
0"
#17569
1"
b0001 &
#17570
0"
#17571
1"
b0010 &
#17572
0"
#17573
1"
b0011 &
#17574
0"
#17575
1"
b0100 &
#17576
0"
#17577
1"
b0101 &
#17578
0"
#17579
1"
b0110 &
#17580
0"
#17581
1"
b0111 &
#17582
0"
#17583
1"
b1000 &
#17584
0"
#17585
1"
b1001 &
#17586
0"
#17587
1"
b1010 &
#17588
0"
#17589
1"
b1011 &
#17590
0"
#17591
1"
b1100 &
#17592
0"
#17593
1"
b1101 &
#17594
0"
#17595
1"
b1110 &
#17596
0"
#17597
1"
b1111 &
#17598
0"
#17599
1"
b0000 &
#17600
0"
#17601
1"
b0001 &
#17602
0"
#17603
1"
b0010 &
#17604
0"
#17605
1"
b0011 &
#17606
0"
#17607
1"
b0100 &
#17608
0"
#17609
1"
b0101 &
#17610
0"
#17611
1"
b0110 &
#17612
0"
#17613
1"
b0111 &
#17614
0"
#17615
1"
b1000 &
#17616
0"
#17617
1"
b1001 &
#17618
0"
#17619
1"
b1010 &
#17620
0"
#17621
1"
b1011 &
#17622
0"
#17623
1"
b1100 &
#17624
0"
#17625
1"
b1101 &
#17626
0"
#17627
1"
b1110 &
#17628
0"
#17629
1"
b1111 &
#17630
0"
#17631
1"
b0000 &
#17632
0"
#17633
1"
b0001 &
#17634
0"
#17635
1"
b0010 &
#17636
0"
#17637
1"
b0011 &
#17638
0"
#17639
1"
b0100 &
#17640
0"
#17641
1"
b0101 &
#17642
0"
#17643
1"
b0110 &
#17644
0"
#17645
1"
b0111 &
#17646
0"
#17647
1"
b1000 &
#17648
0"
#17649
1"
b1001 &
#17650
0"
#17651
1"
b1010 &
#17652
0"
#17653
1"
b1011 &
#17654
0"
#17655
1"
b1100 &
#17656
0"
#17657
1"
b1101 &
#17658
0"
#17659
1"
b1110 &
#17660
0"
#17661
1"
b1111 &
#17662
0"
#17663
1"
b0000 &
#17664
0"
#17665
1"
b0001 &
#17666
0"
#17667
1"
b0010 &
#17668
0"
#17669
1"
b0011 &
#17670
0"
#17671
1"
b0100 &
#17672
0"
#17673
1"
b0101 &
#17674
0"
#17675
1"
b0110 &
#17676
0"
#17677
1"
b0111 &
#17678
0"
#17679
1"
b1000 &
#17680
0"
#17681
1"
b1001 &
#17682
0"
#17683
1"
b1010 &
#17684
0"
#17685
1"
b1011 &
#17686
0"
#17687
1"
b1100 &
#17688
0"
#17689
1"
b1101 &
#17690
0"
#17691
1"
b1110 &
#17692
0"
#17693
1"
b1111 &
#17694
0"
#17695
1"
b0000 &
#17696
0"
#17697
1"
b0001 &
#17698
0"
#17699
1"
b0010 &
#17700
0"
#17701
1"
b0011 &
#17702
0"
#17703
1"
b0100 &
#17704
0"
#17705
1"
b0101 &
#17706
0"
#17707
1"
b0110 &
#17708
0"
#17709
1"
b0111 &
#17710
0"
#17711
1"
b1000 &
#17712
0"
#17713
1"
b1001 &
#17714
0"
#17715
1"
b1010 &
#17716
0"
#17717
1"
b1011 &
#17718
0"
#17719
1"
b1100 &
#17720
0"
#17721
1"
b1101 &
#17722
0"
#17723
1"
b1110 &
#17724
0"
#17725
1"
b1111 &
#17726
0"
#17727
1"
b0000 &
#17728
0"
#17729
1"
b0001 &
#17730
0"
#17731
1"
b0010 &
#17732
0"
#17733
1"
b0011 &
#17734
0"
#17735
1"
b0100 &
#17736
0"
#17737
1"
b0101 &
#17738
0"
#17739
1"
b0110 &
#17740
0"
#17741
1"
b0111 &
#17742
0"
#17743
1"
b1000 &
#17744
0"
#17745
1"
b1001 &
#17746
0"
#17747
1"
b1010 &
#17748
0"
#17749
1"
b1011 &
#17750
0"
#17751
1"
b1100 &
#17752
0"
#17753
1"
b1101 &
#17754
0"
#17755
1"
b1110 &
#17756
0"
#17757
1"
b1111 &
#17758
0"
#17759
1"
b0000 &
#17760
0"
#17761
1"
b0001 &
#17762
0"
#17763
1"
b0010 &
#17764
0"
#17765
1"
b0011 &
#17766
0"
#17767
1"
b0100 &
#17768
0"
#17769
1"
b0101 &
#17770
0"
#17771
1"
b0110 &
#17772
0"
#17773
1"
b0111 &
#17774
0"
#17775
1"
b1000 &
#17776
0"
#17777
1"
b1001 &
#17778
0"
#17779
1"
b1010 &
#17780
0"
#17781
1"
b1011 &
#17782
0"
#17783
1"
b1100 &
#17784
0"
#17785
1"
b1101 &
#17786
0"
#17787
1"
b1110 &
#17788
0"
#17789
1"
b1111 &
#17790
0"
#17791
1"
b0000 &
#17792
0"
#17793
1"
b0001 &
#17794
0"
#17795
1"
b0010 &
#17796
0"
#17797
1"
b0011 &
#17798
0"
#17799
1"
b0100 &
#17800
0"
#17801
1"
b0101 &
#17802
0"
#17803
1"
b0110 &
#17804
0"
#17805
1"
b0111 &
#17806
0"
#17807
1"
b1000 &
#17808
0"
#17809
1"
b1001 &
#17810
0"
#17811
1"
b1010 &
#17812
0"
#17813
1"
b1011 &
#17814
0"
#17815
1"
b1100 &
#17816
0"
#17817
1"
b1101 &
#17818
0"
#17819
1"
b1110 &
#17820
0"
#17821
1"
b1111 &
#17822
0"
#17823
1"
b0000 &
#17824
0"
#17825
1"
b0001 &
#17826
0"
#17827
1"
b0010 &
#17828
0"
#17829
1"
b0011 &
#17830
0"
#17831
1"
b0100 &
#17832
0"
#17833
1"
b0101 &
#17834
0"
#17835
1"
b0110 &
#17836
0"
#17837
1"
b0111 &
#17838
0"
#17839
1"
b1000 &
#17840
0"
#17841
1"
b1001 &
#17842
0"
#17843
1"
b1010 &
#17844
0"
#17845
1"
b1011 &
#17846
0"
#17847
1"
b1100 &
#17848
0"
#17849
1"
b1101 &
#17850
0"
#17851
1"
b1110 &
#17852
0"
#17853
1"
b1111 &
#17854
0"
#17855
1"
b0000 &
#17856
0"
#17857
1"
b0001 &
#17858
0"
#17859
1"
b0010 &
#17860
0"
#17861
1"
b0011 &
#17862
0"
#17863
1"
b0100 &
#17864
0"
#17865
1"
b0101 &
#17866
0"
#17867
1"
b0110 &
#17868
0"
#17869
1"
b0111 &
#17870
0"
#17871
1"
b1000 &
#17872
0"
#17873
1"
b1001 &
#17874
0"
#17875
1"
b1010 &
#17876
0"
#17877
1"
b1011 &
#17878
0"
#17879
1"
b1100 &
#17880
0"
#17881
1"
b1101 &
#17882
0"
#17883
1"
b1110 &
#17884
0"
#17885
1"
b1111 &
#17886
0"
#17887
1"
b0000 &
#17888
0"
#17889
1"
b0001 &
#17890
0"
#17891
1"
b0010 &
#17892
0"
#17893
1"
b0011 &
#17894
0"
#17895
1"
b0100 &
#17896
0"
#17897
1"
b0101 &
#17898
0"
#17899
1"
b0110 &
#17900
0"
#17901
1"
b0111 &
#17902
0"
#17903
1"
b1000 &
#17904
0"
#17905
1"
b1001 &
#17906
0"
#17907
1"
b1010 &
#17908
0"
#17909
1"
b1011 &
#17910
0"
#17911
1"
b1100 &
#17912
0"
#17913
1"
b1101 &
#17914
0"
#17915
1"
b1110 &
#17916
0"
#17917
1"
b1111 &
#17918
0"
#17919
1"
b0000 &
#17920
0"
#17921
1"
b0001 &
#17922
0"
#17923
1"
b0010 &
#17924
0"
#17925
1"
b0011 &
#17926
0"
#17927
1"
b0100 &
#17928
0"
#17929
1"
b0101 &
#17930
0"
#17931
1"
b0110 &
#17932
0"
#17933
1"
b0111 &
#17934
0"
#17935
1"
b1000 &
#17936
0"
#17937
1"
b1001 &
#17938
0"
#17939
1"
b1010 &
#17940
0"
#17941
1"
b1011 &
#17942
0"
#17943
1"
b1100 &
#17944
0"
#17945
1"
b1101 &
#17946
0"
#17947
1"
b1110 &
#17948
0"
#17949
1"
b1111 &
#17950
0"
#17951
1"
b0000 &
#17952
0"
#17953
1"
b0001 &
#17954
0"
#17955
1"
b0010 &
#17956
0"
#17957
1"
b0011 &
#17958
0"
#17959
1"
b0100 &
#17960
0"
#17961
1"
b0101 &
#17962
0"
#17963
1"
b0110 &
#17964
0"
#17965
1"
b0111 &
#17966
0"
#17967
1"
b1000 &
#17968
0"
#17969
1"
b1001 &
#17970
0"
#17971
1"
b1010 &
#17972
0"
#17973
1"
b1011 &
#17974
0"
#17975
1"
b1100 &
#17976
0"
#17977
1"
b1101 &
#17978
0"
#17979
1"
b1110 &
#17980
0"
#17981
1"
b1111 &
#17982
0"
#17983
1"
b0000 &
#17984
0"
#17985
1"
b0001 &
#17986
0"
#17987
1"
b0010 &
#17988
0"
#17989
1"
b0011 &
#17990
0"
#17991
1"
b0100 &
#17992
0"
#17993
1"
b0101 &
#17994
0"
#17995
1"
b0110 &
#17996
0"
#17997
1"
b0111 &
#17998
0"
#17999
1"
b1000 &
#18000
0"
#18001
1"
b1001 &
#18002
0"
#18003
1"
b1010 &
#18004
0"
#18005
1"
b1011 &
#18006
0"
#18007
1"
b1100 &
#18008
0"
#18009
1"
b1101 &
#18010
0"
#18011
1"
b1110 &
#18012
0"
#18013
1"
b1111 &
#18014
0"
#18015
1"
b0000 &
#18016
0"
#18017
1"
b0001 &
#18018
0"
#18019
1"
b0010 &
#18020
0"
#18021
1"
b0011 &
#18022
0"
#18023
1"
b0100 &
#18024
0"
#18025
1"
b0101 &
#18026
0"
#18027
1"
b0110 &
#18028
0"
#18029
1"
b0111 &
#18030
0"
#18031
1"
b1000 &
#18032
0"
#18033
1"
b1001 &
#18034
0"
#18035
1"
b1010 &
#18036
0"
#18037
1"
b1011 &
#18038
0"
#18039
1"
b1100 &
#18040
0"
#18041
1"
b1101 &
#18042
0"
#18043
1"
b1110 &
#18044
0"
#18045
1"
b1111 &
#18046
0"
#18047
1"
b0000 &
#18048
0"
#18049
1"
b0001 &
#18050
0"
#18051
1"
b0010 &
#18052
0"
#18053
1"
b0011 &
#18054
0"
#18055
1"
b0100 &
#18056
0"
#18057
1"
b0101 &
#18058
0"
#18059
1"
b0110 &
#18060
0"
#18061
1"
b0111 &
#18062
0"
#18063
1"
b1000 &
#18064
0"
#18065
1"
b1001 &
#18066
0"
#18067
1"
b1010 &
#18068
0"
#18069
1"
b1011 &
#18070
0"
#18071
1"
b1100 &
#18072
0"
#18073
1"
b1101 &
#18074
0"
#18075
1"
b1110 &
#18076
0"
#18077
1"
b1111 &
#18078
0"
#18079
1"
b0000 &
#18080
0"
#18081
1"
b0001 &
#18082
0"
#18083
1"
b0010 &
#18084
0"
#18085
1"
b0011 &
#18086
0"
#18087
1"
b0100 &
#18088
0"
#18089
1"
b0101 &
#18090
0"
#18091
1"
b0110 &
#18092
0"
#18093
1"
b0111 &
#18094
0"
#18095
1"
b1000 &
#18096
0"
#18097
1"
b1001 &
#18098
0"
#18099
1"
b1010 &
#18100
0"
#18101
1"
b1011 &
#18102
0"
#18103
1"
b1100 &
#18104
0"
#18105
1"
b1101 &
#18106
0"
#18107
1"
b1110 &
#18108
0"
#18109
1"
b1111 &
#18110
0"
#18111
1"
b0000 &
#18112
0"
#18113
1"
b0001 &
#18114
0"
#18115
1"
b0010 &
#18116
0"
#18117
1"
b0011 &
#18118
0"
#18119
1"
b0100 &
#18120
0"
#18121
1"
b0101 &
#18122
0"
#18123
1"
b0110 &
#18124
0"
#18125
1"
b0111 &
#18126
0"
#18127
1"
b1000 &
#18128
0"
#18129
1"
b1001 &
#18130
0"
#18131
1"
b1010 &
#18132
0"
#18133
1"
b1011 &
#18134
0"
#18135
1"
b1100 &
#18136
0"
#18137
1"
b1101 &
#18138
0"
#18139
1"
b1110 &
#18140
0"
#18141
1"
b1111 &
#18142
0"
#18143
1"
b0000 &
#18144
0"
#18145
1"
b0001 &
#18146
0"
#18147
1"
b0010 &
#18148
0"
#18149
1"
b0011 &
#18150
0"
#18151
1"
b0100 &
#18152
0"
#18153
1"
b0101 &
#18154
0"
#18155
1"
b0110 &
#18156
0"
#18157
1"
b0111 &
#18158
0"
#18159
1"
b1000 &
#18160
0"
#18161
1"
b1001 &
#18162
0"
#18163
1"
b1010 &
#18164
0"
#18165
1"
b1011 &
#18166
0"
#18167
1"
b1100 &
#18168
0"
#18169
1"
b1101 &
#18170
0"
#18171
1"
b1110 &
#18172
0"
#18173
1"
b1111 &
#18174
0"
#18175
1"
b0000 &
#18176
0"
#18177
1"
b0001 &
#18178
0"
#18179
1"
b0010 &
#18180
0"
#18181
1"
b0011 &
#18182
0"
#18183
1"
b0100 &
#18184
0"
#18185
1"
b0101 &
#18186
0"
#18187
1"
b0110 &
#18188
0"
#18189
1"
b0111 &
#18190
0"
#18191
1"
b1000 &
#18192
0"
#18193
1"
b1001 &
#18194
0"
#18195
1"
b1010 &
#18196
0"
#18197
1"
b1011 &
#18198
0"
#18199
1"
b1100 &
#18200
0"
#18201
1"
b1101 &
#18202
0"
#18203
1"
b1110 &
#18204
0"
#18205
1"
b1111 &
#18206
0"
#18207
1"
b0000 &
#18208
0"
#18209
1"
b0001 &
#18210
0"
#18211
1"
b0010 &
#18212
0"
#18213
1"
b0011 &
#18214
0"
#18215
1"
b0100 &
#18216
0"
#18217
1"
b0101 &
#18218
0"
#18219
1"
b0110 &
#18220
0"
#18221
1"
b0111 &
#18222
0"
#18223
1"
b1000 &
#18224
0"
#18225
1"
b1001 &
#18226
0"
#18227
1"
b1010 &
#18228
0"
#18229
1"
b1011 &
#18230
0"
#18231
1"
b1100 &
#18232
0"
#18233
1"
b1101 &
#18234
0"
#18235
1"
b1110 &
#18236
0"
#18237
1"
b1111 &
#18238
0"
#18239
1"
b0000 &
#18240
0"
#18241
1"
b0001 &
#18242
0"
#18243
1"
b0010 &
#18244
0"
#18245
1"
b0011 &
#18246
0"
#18247
1"
b0100 &
#18248
0"
#18249
1"
b0101 &
#18250
0"
#18251
1"
b0110 &
#18252
0"
#18253
1"
b0111 &
#18254
0"
#18255
1"
b1000 &
#18256
0"
#18257
1"
b1001 &
#18258
0"
#18259
1"
b1010 &
#18260
0"
#18261
1"
b1011 &
#18262
0"
#18263
1"
b1100 &
#18264
0"
#18265
1"
b1101 &
#18266
0"
#18267
1"
b1110 &
#18268
0"
#18269
1"
b1111 &
#18270
0"
#18271
1"
b0000 &
#18272
0"
#18273
1"
b0001 &
#18274
0"
#18275
1"
b0010 &
#18276
0"
#18277
1"
b0011 &
#18278
0"
#18279
1"
b0100 &
#18280
0"
#18281
1"
b0101 &
#18282
0"
#18283
1"
b0110 &
#18284
0"
#18285
1"
b0111 &
#18286
0"
#18287
1"
b1000 &
#18288
0"
#18289
1"
b1001 &
#18290
0"
#18291
1"
b1010 &
#18292
0"
#18293
1"
b1011 &
#18294
0"
#18295
1"
b1100 &
#18296
0"
#18297
1"
b1101 &
#18298
0"
#18299
1"
b1110 &
#18300
0"
#18301
1"
b1111 &
#18302
0"
#18303
1"
b0000 &
#18304
0"
#18305
1"
b0001 &
#18306
0"
#18307
1"
b0010 &
#18308
0"
#18309
1"
b0011 &
#18310
0"
#18311
1"
b0100 &
#18312
0"
#18313
1"
b0101 &
#18314
0"
#18315
1"
b0110 &
#18316
0"
#18317
1"
b0111 &
#18318
0"
#18319
1"
b1000 &
#18320
0"
#18321
1"
b1001 &
#18322
0"
#18323
1"
b1010 &
#18324
0"
#18325
1"
b1011 &
#18326
0"
#18327
1"
b1100 &
#18328
0"
#18329
1"
b1101 &
#18330
0"
#18331
1"
b1110 &
#18332
0"
#18333
1"
b1111 &
#18334
0"
#18335
1"
b0000 &
#18336
0"
#18337
1"
b0001 &
#18338
0"
#18339
1"
b0010 &
#18340
0"
#18341
1"
b0011 &
#18342
0"
#18343
1"
b0100 &
#18344
0"
#18345
1"
b0101 &
#18346
0"
#18347
1"
b0110 &
#18348
0"
#18349
1"
b0111 &
#18350
0"
#18351
1"
b1000 &
#18352
0"
#18353
1"
b1001 &
#18354
0"
#18355
1"
b1010 &
#18356
0"
#18357
1"
b1011 &
#18358
0"
#18359
1"
b1100 &
#18360
0"
#18361
1"
b1101 &
#18362
0"
#18363
1"
b1110 &
#18364
0"
#18365
1"
b1111 &
#18366
0"
#18367
1"
b0000 &
#18368
0"
#18369
1"
b0001 &
#18370
0"
#18371
1"
b0010 &
#18372
0"
#18373
1"
b0011 &
#18374
0"
#18375
1"
b0100 &
#18376
0"
#18377
1"
b0101 &
#18378
0"
#18379
1"
b0110 &
#18380
0"
#18381
1"
b0111 &
#18382
0"
#18383
1"
b1000 &
#18384
0"
#18385
1"
b1001 &
#18386
0"
#18387
1"
b1010 &
#18388
0"
#18389
1"
b1011 &
#18390
0"
#18391
1"
b1100 &
#18392
0"
#18393
1"
b1101 &
#18394
0"
#18395
1"
b1110 &
#18396
0"
#18397
1"
b1111 &
#18398
0"
#18399
1"
b0000 &
#18400
0"
#18401
1"
b0001 &
#18402
0"
#18403
1"
b0010 &
#18404
0"
#18405
1"
b0011 &
#18406
0"
#18407
1"
b0100 &
#18408
0"
#18409
1"
b0101 &
#18410
0"
#18411
1"
b0110 &
#18412
0"
#18413
1"
b0111 &
#18414
0"
#18415
1"
b1000 &
#18416
0"
#18417
1"
b1001 &
#18418
0"
#18419
1"
b1010 &
#18420
0"
#18421
1"
b1011 &
#18422
0"
#18423
1"
b1100 &
#18424
0"
#18425
1"
b1101 &
#18426
0"
#18427
1"
b1110 &
#18428
0"
#18429
1"
b1111 &
#18430
0"
#18431
1"
b0000 &
#18432
0"
#18433
1"
b0001 &
#18434
0"
#18435
1"
b0010 &
#18436
0"
#18437
1"
b0011 &
#18438
0"
#18439
1"
b0100 &
#18440
0"
#18441
1"
b0101 &
#18442
0"
#18443
1"
b0110 &
#18444
0"
#18445
1"
b0111 &
#18446
0"
#18447
1"
b1000 &
#18448
0"
#18449
1"
b1001 &
#18450
0"
#18451
1"
b1010 &
#18452
0"
#18453
1"
b1011 &
#18454
0"
#18455
1"
b1100 &
#18456
0"
#18457
1"
b1101 &
#18458
0"
#18459
1"
b1110 &
#18460
0"
#18461
1"
b1111 &
#18462
0"
#18463
1"
b0000 &
#18464
0"
#18465
1"
b0001 &
#18466
0"
#18467
1"
b0010 &
#18468
0"
#18469
1"
b0011 &
#18470
0"
#18471
1"
b0100 &
#18472
0"
#18473
1"
b0101 &
#18474
0"
#18475
1"
b0110 &
#18476
0"
#18477
1"
b0111 &
#18478
0"
#18479
1"
b1000 &
#18480
0"
#18481
1"
b1001 &
#18482
0"
#18483
1"
b1010 &
#18484
0"
#18485
1"
b1011 &
#18486
0"
#18487
1"
b1100 &
#18488
0"
#18489
1"
b1101 &
#18490
0"
#18491
1"
b1110 &
#18492
0"
#18493
1"
b1111 &
#18494
0"
#18495
1"
b0000 &
#18496
0"
#18497
1"
b0001 &
#18498
0"
#18499
1"
b0010 &
#18500
0"
#18501
1"
b0011 &
#18502
0"
#18503
1"
b0100 &
#18504
0"
#18505
1"
b0101 &
#18506
0"
#18507
1"
b0110 &
#18508
0"
#18509
1"
b0111 &
#18510
0"
#18511
1"
b1000 &
#18512
0"
#18513
1"
b1001 &
#18514
0"
#18515
1"
b1010 &
#18516
0"
#18517
1"
b1011 &
#18518
0"
#18519
1"
b1100 &
#18520
0"
#18521
1"
b1101 &
#18522
0"
#18523
1"
b1110 &
#18524
0"
#18525
1"
b1111 &
#18526
0"
#18527
1"
b0000 &
#18528
0"
#18529
1"
b0001 &
#18530
0"
#18531
1"
b0010 &
#18532
0"
#18533
1"
b0011 &
#18534
0"
#18535
1"
b0100 &
#18536
0"
#18537
1"
b0101 &
#18538
0"
#18539
1"
b0110 &
#18540
0"
#18541
1"
b0111 &
#18542
0"
#18543
1"
b1000 &
#18544
0"
#18545
1"
b1001 &
#18546
0"
#18547
1"
b1010 &
#18548
0"
#18549
1"
b1011 &
#18550
0"
#18551
1"
b1100 &
#18552
0"
#18553
1"
b1101 &
#18554
0"
#18555
1"
b1110 &
#18556
0"
#18557
1"
b1111 &
#18558
0"
#18559
1"
b0000 &
#18560
0"
#18561
1"
b0001 &
#18562
0"
#18563
1"
b0010 &
#18564
0"
#18565
1"
b0011 &
#18566
0"
#18567
1"
b0100 &
#18568
0"
#18569
1"
b0101 &
#18570
0"
#18571
1"
b0110 &
#18572
0"
#18573
1"
b0111 &
#18574
0"
#18575
1"
b1000 &
#18576
0"
#18577
1"
b1001 &
#18578
0"
#18579
1"
b1010 &
#18580
0"
#18581
1"
b1011 &
#18582
0"
#18583
1"
b1100 &
#18584
0"
#18585
1"
b1101 &
#18586
0"
#18587
1"
b1110 &
#18588
0"
#18589
1"
b1111 &
#18590
0"
#18591
1"
b0000 &
#18592
0"
#18593
1"
b0001 &
#18594
0"
#18595
1"
b0010 &
#18596
0"
#18597
1"
b0011 &
#18598
0"
#18599
1"
b0100 &
#18600
0"
#18601
1"
b0101 &
#18602
0"
#18603
1"
b0110 &
#18604
0"
#18605
1"
b0111 &
#18606
0"
#18607
1"
b1000 &
#18608
0"
#18609
1"
b1001 &
#18610
0"
#18611
1"
b1010 &
#18612
0"
#18613
1"
b1011 &
#18614
0"
#18615
1"
b1100 &
#18616
0"
#18617
1"
b1101 &
#18618
0"
#18619
1"
b1110 &
#18620
0"
#18621
1"
b1111 &
#18622
0"
#18623
1"
b0000 &
#18624
0"
#18625
1"
b0001 &
#18626
0"
#18627
1"
b0010 &
#18628
0"
#18629
1"
b0011 &
#18630
0"
#18631
1"
b0100 &
#18632
0"
#18633
1"
b0101 &
#18634
0"
#18635
1"
b0110 &
#18636
0"
#18637
1"
b0111 &
#18638
0"
#18639
1"
b1000 &
#18640
0"
#18641
1"
b1001 &
#18642
0"
#18643
1"
b1010 &
#18644
0"
#18645
1"
b1011 &
#18646
0"
#18647
1"
b1100 &
#18648
0"
#18649
1"
b1101 &
#18650
0"
#18651
1"
b1110 &
#18652
0"
#18653
1"
b1111 &
#18654
0"
#18655
1"
b0000 &
#18656
0"
#18657
1"
b0001 &
#18658
0"
#18659
1"
b0010 &
#18660
0"
#18661
1"
b0011 &
#18662
0"
#18663
1"
b0100 &
#18664
0"
#18665
1"
b0101 &
#18666
0"
#18667
1"
b0110 &
#18668
0"
#18669
1"
b0111 &
#18670
0"
#18671
1"
b1000 &
#18672
0"
#18673
1"
b1001 &
#18674
0"
#18675
1"
b1010 &
#18676
0"
#18677
1"
b1011 &
#18678
0"
#18679
1"
b1100 &
#18680
0"
#18681
1"
b1101 &
#18682
0"
#18683
1"
b1110 &
#18684
0"
#18685
1"
b1111 &
#18686
0"
#18687
1"
b0000 &
#18688
0"
#18689
1"
b0001 &
#18690
0"
#18691
1"
b0010 &
#18692
0"
#18693
1"
b0011 &
#18694
0"
#18695
1"
b0100 &
#18696
0"
#18697
1"
b0101 &
#18698
0"
#18699
1"
b0110 &
#18700
0"
#18701
1"
b0111 &
#18702
0"
#18703
1"
b1000 &
#18704
0"
#18705
1"
b1001 &
#18706
0"
#18707
1"
b1010 &
#18708
0"
#18709
1"
b1011 &
#18710
0"
#18711
1"
b1100 &
#18712
0"
#18713
1"
b1101 &
#18714
0"
#18715
1"
b1110 &
#18716
0"
#18717
1"
b1111 &
#18718
0"
#18719
1"
b0000 &
#18720
0"
#18721
1"
b0001 &
#18722
0"
#18723
1"
b0010 &
#18724
0"
#18725
1"
b0011 &
#18726
0"
#18727
1"
b0100 &
#18728
0"
#18729
1"
b0101 &
#18730
0"
#18731
1"
b0110 &
#18732
0"
#18733
1"
b0111 &
#18734
0"
#18735
1"
b1000 &
#18736
0"
#18737
1"
b1001 &
#18738
0"
#18739
1"
b1010 &
#18740
0"
#18741
1"
b1011 &
#18742
0"
#18743
1"
b1100 &
#18744
0"
#18745
1"
b1101 &
#18746
0"
#18747
1"
b1110 &
#18748
0"
#18749
1"
b1111 &
#18750
0"
#18751
1"
b0000 &
#18752
0"
#18753
1"
b0001 &
#18754
0"
#18755
1"
b0010 &
#18756
0"
#18757
1"
b0011 &
#18758
0"
#18759
1"
b0100 &
#18760
0"
#18761
1"
b0101 &
#18762
0"
#18763
1"
b0110 &
#18764
0"
#18765
1"
b0111 &
#18766
0"
#18767
1"
b1000 &
#18768
0"
#18769
1"
b1001 &
#18770
0"
#18771
1"
b1010 &
#18772
0"
#18773
1"
b1011 &
#18774
0"
#18775
1"
b1100 &
#18776
0"
#18777
1"
b1101 &
#18778
0"
#18779
1"
b1110 &
#18780
0"
#18781
1"
b1111 &
#18782
0"
#18783
1"
b0000 &
#18784
0"
#18785
1"
b0001 &
#18786
0"
#18787
1"
b0010 &
#18788
0"
#18789
1"
b0011 &
#18790
0"
#18791
1"
b0100 &
#18792
0"
#18793
1"
b0101 &
#18794
0"
#18795
1"
b0110 &
#18796
0"
#18797
1"
b0111 &
#18798
0"
#18799
1"
b1000 &
#18800
0"
#18801
1"
b1001 &
#18802
0"
#18803
1"
b1010 &
#18804
0"
#18805
1"
b1011 &
#18806
0"
#18807
1"
b1100 &
#18808
0"
#18809
1"
b1101 &
#18810
0"
#18811
1"
b1110 &
#18812
0"
#18813
1"
b1111 &
#18814
0"
#18815
1"
b0000 &
#18816
0"
#18817
1"
b0001 &
#18818
0"
#18819
1"
b0010 &
#18820
0"
#18821
1"
b0011 &
#18822
0"
#18823
1"
b0100 &
#18824
0"
#18825
1"
b0101 &
#18826
0"
#18827
1"
b0110 &
#18828
0"
#18829
1"
b0111 &
#18830
0"
#18831
1"
b1000 &
#18832
0"
#18833
1"
b1001 &
#18834
0"
#18835
1"
b1010 &
#18836
0"
#18837
1"
b1011 &
#18838
0"
#18839
1"
b1100 &
#18840
0"
#18841
1"
b1101 &
#18842
0"
#18843
1"
b1110 &
#18844
0"
#18845
1"
b1111 &
#18846
0"
#18847
1"
b0000 &
#18848
0"
#18849
1"
b0001 &
#18850
0"
#18851
1"
b0010 &
#18852
0"
#18853
1"
b0011 &
#18854
0"
#18855
1"
b0100 &
#18856
0"
#18857
1"
b0101 &
#18858
0"
#18859
1"
b0110 &
#18860
0"
#18861
1"
b0111 &
#18862
0"
#18863
1"
b1000 &
#18864
0"
#18865
1"
b1001 &
#18866
0"
#18867
1"
b1010 &
#18868
0"
#18869
1"
b1011 &
#18870
0"
#18871
1"
b1100 &
#18872
0"
#18873
1"
b1101 &
#18874
0"
#18875
1"
b1110 &
#18876
0"
#18877
1"
b1111 &
#18878
0"
#18879
1"
b0000 &
#18880
0"
#18881
1"
b0001 &
#18882
0"
#18883
1"
b0010 &
#18884
0"
#18885
1"
b0011 &
#18886
0"
#18887
1"
b0100 &
#18888
0"
#18889
1"
b0101 &
#18890
0"
#18891
1"
b0110 &
#18892
0"
#18893
1"
b0111 &
#18894
0"
#18895
1"
b1000 &
#18896
0"
#18897
1"
b1001 &
#18898
0"
#18899
1"
b1010 &
#18900
0"
#18901
1"
b1011 &
#18902
0"
#18903
1"
b1100 &
#18904
0"
#18905
1"
b1101 &
#18906
0"
#18907
1"
b1110 &
#18908
0"
#18909
1"
b1111 &
#18910
0"
#18911
1"
b0000 &
#18912
0"
#18913
1"
b0001 &
#18914
0"
#18915
1"
b0010 &
#18916
0"
#18917
1"
b0011 &
#18918
0"
#18919
1"
b0100 &
#18920
0"
#18921
1"
b0101 &
#18922
0"
#18923
1"
b0110 &
#18924
0"
#18925
1"
b0111 &
#18926
0"
#18927
1"
b1000 &
#18928
0"
#18929
1"
b1001 &
#18930
0"
#18931
1"
b1010 &
#18932
0"
#18933
1"
b1011 &
#18934
0"
#18935
1"
b1100 &
#18936
0"
#18937
1"
b1101 &
#18938
0"
#18939
1"
b1110 &
#18940
0"
#18941
1"
b1111 &
#18942
0"
#18943
1"
b0000 &
#18944
0"
#18945
1"
b0001 &
#18946
0"
#18947
1"
b0010 &
#18948
0"
#18949
1"
b0011 &
#18950
0"
#18951
1"
b0100 &
#18952
0"
#18953
1"
b0101 &
#18954
0"
#18955
1"
b0110 &
#18956
0"
#18957
1"
b0111 &
#18958
0"
#18959
1"
b1000 &
#18960
0"
#18961
1"
b1001 &
#18962
0"
#18963
1"
b1010 &
#18964
0"
#18965
1"
b1011 &
#18966
0"
#18967
1"
b1100 &
#18968
0"
#18969
1"
b1101 &
#18970
0"
#18971
1"
b1110 &
#18972
0"
#18973
1"
b1111 &
#18974
0"
#18975
1"
b0000 &
#18976
0"
#18977
1"
b0001 &
#18978
0"
#18979
1"
b0010 &
#18980
0"
#18981
1"
b0011 &
#18982
0"
#18983
1"
b0100 &
#18984
0"
#18985
1"
b0101 &
#18986
0"
#18987
1"
b0110 &
#18988
0"
#18989
1"
b0111 &
#18990
0"
#18991
1"
b1000 &
#18992
0"
#18993
1"
b1001 &
#18994
0"
#18995
1"
b1010 &
#18996
0"
#18997
1"
b1011 &
#18998
0"
#18999
1"
b1100 &
#19000
0"
#19001
1"
b1101 &
#19002
0"
#19003
1"
b1110 &
#19004
0"
#19005
1"
b1111 &
#19006
0"
#19007
1"
b0000 &
#19008
0"
#19009
1"
b0001 &
#19010
0"
#19011
1"
b0010 &
#19012
0"
#19013
1"
b0011 &
#19014
0"
#19015
1"
b0100 &
#19016
0"
#19017
1"
b0101 &
#19018
0"
#19019
1"
b0110 &
#19020
0"
#19021
1"
b0111 &
#19022
0"
#19023
1"
b1000 &
#19024
0"
#19025
1"
b1001 &
#19026
0"
#19027
1"
b1010 &
#19028
0"
#19029
1"
b1011 &
#19030
0"
#19031
1"
b1100 &
#19032
0"
#19033
1"
b1101 &
#19034
0"
#19035
1"
b1110 &
#19036
0"
#19037
1"
b1111 &
#19038
0"
#19039
1"
b0000 &
#19040
0"
#19041
1"
b0001 &
#19042
0"
#19043
1"
b0010 &
#19044
0"
#19045
1"
b0011 &
#19046
0"
#19047
1"
b0100 &
#19048
0"
#19049
1"
b0101 &
#19050
0"
#19051
1"
b0110 &
#19052
0"
#19053
1"
b0111 &
#19054
0"
#19055
1"
b1000 &
#19056
0"
#19057
1"
b1001 &
#19058
0"
#19059
1"
b1010 &
#19060
0"
#19061
1"
b1011 &
#19062
0"
#19063
1"
b1100 &
#19064
0"
#19065
1"
b1101 &
#19066
0"
#19067
1"
b1110 &
#19068
0"
#19069
1"
b1111 &
#19070
0"
#19071
1"
b0000 &
#19072
0"
#19073
1"
b0001 &
#19074
0"
#19075
1"
b0010 &
#19076
0"
#19077
1"
b0011 &
#19078
0"
#19079
1"
b0100 &
#19080
0"
#19081
1"
b0101 &
#19082
0"
#19083
1"
b0110 &
#19084
0"
#19085
1"
b0111 &
#19086
0"
#19087
1"
b1000 &
#19088
0"
#19089
1"
b1001 &
#19090
0"
#19091
1"
b1010 &
#19092
0"
#19093
1"
b1011 &
#19094
0"
#19095
1"
b1100 &
#19096
0"
#19097
1"
b1101 &
#19098
0"
#19099
1"
b1110 &
#19100
0"
#19101
1"
b1111 &
#19102
0"
#19103
1"
b0000 &
#19104
0"
#19105
1"
b0001 &
#19106
0"
#19107
1"
b0010 &
#19108
0"
#19109
1"
b0011 &
#19110
0"
#19111
1"
b0100 &
#19112
0"
#19113
1"
b0101 &
#19114
0"
#19115
1"
b0110 &
#19116
0"
#19117
1"
b0111 &
#19118
0"
#19119
1"
b1000 &
#19120
0"
#19121
1"
b1001 &
#19122
0"
#19123
1"
b1010 &
#19124
0"
#19125
1"
b1011 &
#19126
0"
#19127
1"
b1100 &
#19128
0"
#19129
1"
b1101 &
#19130
0"
#19131
1"
b1110 &
#19132
0"
#19133
1"
b1111 &
#19134
0"
#19135
1"
b0000 &
#19136
0"
#19137
1"
b0001 &
#19138
0"
#19139
1"
b0010 &
#19140
0"
#19141
1"
b0011 &
#19142
0"
#19143
1"
b0100 &
#19144
0"
#19145
1"
b0101 &
#19146
0"
#19147
1"
b0110 &
#19148
0"
#19149
1"
b0111 &
#19150
0"
#19151
1"
b1000 &
#19152
0"
#19153
1"
b1001 &
#19154
0"
#19155
1"
b1010 &
#19156
0"
#19157
1"
b1011 &
#19158
0"
#19159
1"
b1100 &
#19160
0"
#19161
1"
b1101 &
#19162
0"
#19163
1"
b1110 &
#19164
0"
#19165
1"
b1111 &
#19166
0"
#19167
1"
b0000 &
#19168
0"
#19169
1"
b0001 &
#19170
0"
#19171
1"
b0010 &
#19172
0"
#19173
1"
b0011 &
#19174
0"
#19175
1"
b0100 &
#19176
0"
#19177
1"
b0101 &
#19178
0"
#19179
1"
b0110 &
#19180
0"
#19181
1"
b0111 &
#19182
0"
#19183
1"
b1000 &
#19184
0"
#19185
1"
b1001 &
#19186
0"
#19187
1"
b1010 &
#19188
0"
#19189
1"
b1011 &
#19190
0"
#19191
1"
b1100 &
#19192
0"
#19193
1"
b1101 &
#19194
0"
#19195
1"
b1110 &
#19196
0"
#19197
1"
b1111 &
#19198
0"
#19199
1"
b0000 &
#19200
0"
#19201
1"
b0001 &
#19202
0"
#19203
1"
b0010 &
#19204
0"
#19205
1"
b0011 &
#19206
0"
#19207
1"
b0100 &
#19208
0"
#19209
1"
b0101 &
#19210
0"
#19211
1"
b0110 &
#19212
0"
#19213
1"
b0111 &
#19214
0"
#19215
1"
b1000 &
#19216
0"
#19217
1"
b1001 &
#19218
0"
#19219
1"
b1010 &
#19220
0"
#19221
1"
b1011 &
#19222
0"
#19223
1"
b1100 &
#19224
0"
#19225
1"
b1101 &
#19226
0"
#19227
1"
b1110 &
#19228
0"
#19229
1"
b1111 &
#19230
0"
#19231
1"
b0000 &
#19232
0"
#19233
1"
b0001 &
#19234
0"
#19235
1"
b0010 &
#19236
0"
#19237
1"
b0011 &
#19238
0"
#19239
1"
b0100 &
#19240
0"
#19241
1"
b0101 &
#19242
0"
#19243
1"
b0110 &
#19244
0"
#19245
1"
b0111 &
#19246
0"
#19247
1"
b1000 &
#19248
0"
#19249
1"
b1001 &
#19250
0"
#19251
1"
b1010 &
#19252
0"
#19253
1"
b1011 &
#19254
0"
#19255
1"
b1100 &
#19256
0"
#19257
1"
b1101 &
#19258
0"
#19259
1"
b1110 &
#19260
0"
#19261
1"
b1111 &
#19262
0"
#19263
1"
b0000 &
#19264
0"
#19265
1"
b0001 &
#19266
0"
#19267
1"
b0010 &
#19268
0"
#19269
1"
b0011 &
#19270
0"
#19271
1"
b0100 &
#19272
0"
#19273
1"
b0101 &
#19274
0"
#19275
1"
b0110 &
#19276
0"
#19277
1"
b0111 &
#19278
0"
#19279
1"
b1000 &
#19280
0"
#19281
1"
b1001 &
#19282
0"
#19283
1"
b1010 &
#19284
0"
#19285
1"
b1011 &
#19286
0"
#19287
1"
b1100 &
#19288
0"
#19289
1"
b1101 &
#19290
0"
#19291
1"
b1110 &
#19292
0"
#19293
1"
b1111 &
#19294
0"
#19295
1"
b0000 &
#19296
0"
#19297
1"
b0001 &
#19298
0"
#19299
1"
b0010 &
#19300
0"
#19301
1"
b0011 &
#19302
0"
#19303
1"
b0100 &
#19304
0"
#19305
1"
b0101 &
#19306
0"
#19307
1"
b0110 &
#19308
0"
#19309
1"
b0111 &
#19310
0"
#19311
1"
b1000 &
#19312
0"
#19313
1"
b1001 &
#19314
0"
#19315
1"
b1010 &
#19316
0"
#19317
1"
b1011 &
#19318
0"
#19319
1"
b1100 &
#19320
0"
#19321
1"
b1101 &
#19322
0"
#19323
1"
b1110 &
#19324
0"
#19325
1"
b1111 &
#19326
0"
#19327
1"
b0000 &
#19328
0"
#19329
1"
b0001 &
#19330
0"
#19331
1"
b0010 &
#19332
0"
#19333
1"
b0011 &
#19334
0"
#19335
1"
b0100 &
#19336
0"
#19337
1"
b0101 &
#19338
0"
#19339
1"
b0110 &
#19340
0"
#19341
1"
b0111 &
#19342
0"
#19343
1"
b1000 &
#19344
0"
#19345
1"
b1001 &
#19346
0"
#19347
1"
b1010 &
#19348
0"
#19349
1"
b1011 &
#19350
0"
#19351
1"
b1100 &
#19352
0"
#19353
1"
b1101 &
#19354
0"
#19355
1"
b1110 &
#19356
0"
#19357
1"
b1111 &
#19358
0"
#19359
1"
b0000 &
#19360
0"
#19361
1"
b0001 &
#19362
0"
#19363
1"
b0010 &
#19364
0"
#19365
1"
b0011 &
#19366
0"
#19367
1"
b0100 &
#19368
0"
#19369
1"
b0101 &
#19370
0"
#19371
1"
b0110 &
#19372
0"
#19373
1"
b0111 &
#19374
0"
#19375
1"
b1000 &
#19376
0"
#19377
1"
b1001 &
#19378
0"
#19379
1"
b1010 &
#19380
0"
#19381
1"
b1011 &
#19382
0"
#19383
1"
b1100 &
#19384
0"
#19385
1"
b1101 &
#19386
0"
#19387
1"
b1110 &
#19388
0"
#19389
1"
b1111 &
#19390
0"
#19391
1"
b0000 &
#19392
0"
#19393
1"
b0001 &
#19394
0"
#19395
1"
b0010 &
#19396
0"
#19397
1"
b0011 &
#19398
0"
#19399
1"
b0100 &
#19400
0"
#19401
1"
b0101 &
#19402
0"
#19403
1"
b0110 &
#19404
0"
#19405
1"
b0111 &
#19406
0"
#19407
1"
b1000 &
#19408
0"
#19409
1"
b1001 &
#19410
0"
#19411
1"
b1010 &
#19412
0"
#19413
1"
b1011 &
#19414
0"
#19415
1"
b1100 &
#19416
0"
#19417
1"
b1101 &
#19418
0"
#19419
1"
b1110 &
#19420
0"
#19421
1"
b1111 &
#19422
0"
#19423
1"
b0000 &
#19424
0"
#19425
1"
b0001 &
#19426
0"
#19427
1"
b0010 &
#19428
0"
#19429
1"
b0011 &
#19430
0"
#19431
1"
b0100 &
#19432
0"
#19433
1"
b0101 &
#19434
0"
#19435
1"
b0110 &
#19436
0"
#19437
1"
b0111 &
#19438
0"
#19439
1"
b1000 &
#19440
0"
#19441
1"
b1001 &
#19442
0"
#19443
1"
b1010 &
#19444
0"
#19445
1"
b1011 &
#19446
0"
#19447
1"
b1100 &
#19448
0"
#19449
1"
b1101 &
#19450
0"
#19451
1"
b1110 &
#19452
0"
#19453
1"
b1111 &
#19454
0"
#19455
1"
b0000 &
#19456
0"
#19457
1"
b0001 &
#19458
0"
#19459
1"
b0010 &
#19460
0"
#19461
1"
b0011 &
#19462
0"
#19463
1"
b0100 &
#19464
0"
#19465
1"
b0101 &
#19466
0"
#19467
1"
b0110 &
#19468
0"
#19469
1"
b0111 &
#19470
0"
#19471
1"
b1000 &
#19472
0"
#19473
1"
b1001 &
#19474
0"
#19475
1"
b1010 &
#19476
0"
#19477
1"
b1011 &
#19478
0"
#19479
1"
b1100 &
#19480
0"
#19481
1"
b1101 &
#19482
0"
#19483
1"
b1110 &
#19484
0"
#19485
1"
b1111 &
#19486
0"
#19487
1"
b0000 &
#19488
0"
#19489
1"
b0001 &
#19490
0"
#19491
1"
b0010 &
#19492
0"
#19493
1"
b0011 &
#19494
0"
#19495
1"
b0100 &
#19496
0"
#19497
1"
b0101 &
#19498
0"
#19499
1"
b0110 &
#19500
0"
#19501
1"
b0111 &
#19502
0"
#19503
1"
b1000 &
#19504
0"
#19505
1"
b1001 &
#19506
0"
#19507
1"
b1010 &
#19508
0"
#19509
1"
b1011 &
#19510
0"
#19511
1"
b1100 &
#19512
0"
#19513
1"
b1101 &
#19514
0"
#19515
1"
b1110 &
#19516
0"
#19517
1"
b1111 &
#19518
0"
#19519
1"
b0000 &
#19520
0"
#19521
1"
b0001 &
#19522
0"
#19523
1"
b0010 &
#19524
0"
#19525
1"
b0011 &
#19526
0"
#19527
1"
b0100 &
#19528
0"
#19529
1"
b0101 &
#19530
0"
#19531
1"
b0110 &
#19532
0"
#19533
1"
b0111 &
#19534
0"
#19535
1"
b1000 &
#19536
0"
#19537
1"
b1001 &
#19538
0"
#19539
1"
b1010 &
#19540
0"
#19541
1"
b1011 &
#19542
0"
#19543
1"
b1100 &
#19544
0"
#19545
1"
b1101 &
#19546
0"
#19547
1"
b1110 &
#19548
0"
#19549
1"
b1111 &
#19550
0"
#19551
1"
b0000 &
#19552
0"
#19553
1"
b0001 &
#19554
0"
#19555
1"
b0010 &
#19556
0"
#19557
1"
b0011 &
#19558
0"
#19559
1"
b0100 &
#19560
0"
#19561
1"
b0101 &
#19562
0"
#19563
1"
b0110 &
#19564
0"
#19565
1"
b0111 &
#19566
0"
#19567
1"
b1000 &
#19568
0"
#19569
1"
b1001 &
#19570
0"
#19571
1"
b1010 &
#19572
0"
#19573
1"
b1011 &
#19574
0"
#19575
1"
b1100 &
#19576
0"
#19577
1"
b1101 &
#19578
0"
#19579
1"
b1110 &
#19580
0"
#19581
1"
b1111 &
#19582
0"
#19583
1"
b0000 &
#19584
0"
#19585
1"
b0001 &
#19586
0"
#19587
1"
b0010 &
#19588
0"
#19589
1"
b0011 &
#19590
0"
#19591
1"
b0100 &
#19592
0"
#19593
1"
b0101 &
#19594
0"
#19595
1"
b0110 &
#19596
0"
#19597
1"
b0111 &
#19598
0"
#19599
1"
b1000 &
#19600
0"
#19601
1"
b1001 &
#19602
0"
#19603
1"
b1010 &
#19604
0"
#19605
1"
b1011 &
#19606
0"
#19607
1"
b1100 &
#19608
0"
#19609
1"
b1101 &
#19610
0"
#19611
1"
b1110 &
#19612
0"
#19613
1"
b1111 &
#19614
0"
#19615
1"
b0000 &
#19616
0"
#19617
1"
b0001 &
#19618
0"
#19619
1"
b0010 &
#19620
0"
#19621
1"
b0011 &
#19622
0"
#19623
1"
b0100 &
#19624
0"
#19625
1"
b0101 &
#19626
0"
#19627
1"
b0110 &
#19628
0"
#19629
1"
b0111 &
#19630
0"
#19631
1"
b1000 &
#19632
0"
#19633
1"
b1001 &
#19634
0"
#19635
1"
b1010 &
#19636
0"
#19637
1"
b1011 &
#19638
0"
#19639
1"
b1100 &
#19640
0"
#19641
1"
b1101 &
#19642
0"
#19643
1"
b1110 &
#19644
0"
#19645
1"
b1111 &
#19646
0"
#19647
1"
b0000 &
#19648
0"
#19649
1"
b0001 &
#19650
0"
#19651
1"
b0010 &
#19652
0"
#19653
1"
b0011 &
#19654
0"
#19655
1"
b0100 &
#19656
0"
#19657
1"
b0101 &
#19658
0"
#19659
1"
b0110 &
#19660
0"
#19661
1"
b0111 &
#19662
0"
#19663
1"
b1000 &
#19664
0"
#19665
1"
b1001 &
#19666
0"
#19667
1"
b1010 &
#19668
0"
#19669
1"
b1011 &
#19670
0"
#19671
1"
b1100 &
#19672
0"
#19673
1"
b1101 &
#19674
0"
#19675
1"
b1110 &
#19676
0"
#19677
1"
b1111 &
#19678
0"
#19679
1"
b0000 &
#19680
0"
#19681
1"
b0001 &
#19682
0"
#19683
1"
b0010 &
#19684
0"
#19685
1"
b0011 &
#19686
0"
#19687
1"
b0100 &
#19688
0"
#19689
1"
b0101 &
#19690
0"
#19691
1"
b0110 &
#19692
0"
#19693
1"
b0111 &
#19694
0"
#19695
1"
b1000 &
#19696
0"
#19697
1"
b1001 &
#19698
0"
#19699
1"
b1010 &
#19700
0"
#19701
1"
b1011 &
#19702
0"
#19703
1"
b1100 &
#19704
0"
#19705
1"
b1101 &
#19706
0"
#19707
1"
b1110 &
#19708
0"
#19709
1"
b1111 &
#19710
0"
#19711
1"
b0000 &
#19712
0"
#19713
1"
b0001 &
#19714
0"
#19715
1"
b0010 &
#19716
0"
#19717
1"
b0011 &
#19718
0"
#19719
1"
b0100 &
#19720
0"
#19721
1"
b0101 &
#19722
0"
#19723
1"
b0110 &
#19724
0"
#19725
1"
b0111 &
#19726
0"
#19727
1"
b1000 &
#19728
0"
#19729
1"
b1001 &
#19730
0"
#19731
1"
b1010 &
#19732
0"
#19733
1"
b1011 &
#19734
0"
#19735
1"
b1100 &
#19736
0"
#19737
1"
b1101 &
#19738
0"
#19739
1"
b1110 &
#19740
0"
#19741
1"
b1111 &
#19742
0"
#19743
1"
b0000 &
#19744
0"
#19745
1"
b0001 &
#19746
0"
#19747
1"
b0010 &
#19748
0"
#19749
1"
b0011 &
#19750
0"
#19751
1"
b0100 &
#19752
0"
#19753
1"
b0101 &
#19754
0"
#19755
1"
b0110 &
#19756
0"
#19757
1"
b0111 &
#19758
0"
#19759
1"
b1000 &
#19760
0"
#19761
1"
b1001 &
#19762
0"
#19763
1"
b1010 &
#19764
0"
#19765
1"
b1011 &
#19766
0"
#19767
1"
b1100 &
#19768
0"
#19769
1"
b1101 &
#19770
0"
#19771
1"
b1110 &
#19772
0"
#19773
1"
b1111 &
#19774
0"
#19775
1"
b0000 &
#19776
0"
#19777
1"
b0001 &
#19778
0"
#19779
1"
b0010 &
#19780
0"
#19781
1"
b0011 &
#19782
0"
#19783
1"
b0100 &
#19784
0"
#19785
1"
b0101 &
#19786
0"
#19787
1"
b0110 &
#19788
0"
#19789
1"
b0111 &
#19790
0"
#19791
1"
b1000 &
#19792
0"
#19793
1"
b1001 &
#19794
0"
#19795
1"
b1010 &
#19796
0"
#19797
1"
b1011 &
#19798
0"
#19799
1"
b1100 &
#19800
0"
#19801
1"
b1101 &
#19802
0"
#19803
1"
b1110 &
#19804
0"
#19805
1"
b1111 &
#19806
0"
#19807
1"
b0000 &
#19808
0"
#19809
1"
b0001 &
#19810
0"
#19811
1"
b0010 &
#19812
0"
#19813
1"
b0011 &
#19814
0"
#19815
1"
b0100 &
#19816
0"
#19817
1"
b0101 &
#19818
0"
#19819
1"
b0110 &
#19820
0"
#19821
1"
b0111 &
#19822
0"
#19823
1"
b1000 &
#19824
0"
#19825
1"
b1001 &
#19826
0"
#19827
1"
b1010 &
#19828
0"
#19829
1"
b1011 &
#19830
0"
#19831
1"
b1100 &
#19832
0"
#19833
1"
b1101 &
#19834
0"
#19835
1"
b1110 &
#19836
0"
#19837
1"
b1111 &
#19838
0"
#19839
1"
b0000 &
#19840
0"
#19841
1"
b0001 &
#19842
0"
#19843
1"
b0010 &
#19844
0"
#19845
1"
b0011 &
#19846
0"
#19847
1"
b0100 &
#19848
0"
#19849
1"
b0101 &
#19850
0"
#19851
1"
b0110 &
#19852
0"
#19853
1"
b0111 &
#19854
0"
#19855
1"
b1000 &
#19856
0"
#19857
1"
b1001 &
#19858
0"
#19859
1"
b1010 &
#19860
0"
#19861
1"
b1011 &
#19862
0"
#19863
1"
b1100 &
#19864
0"
#19865
1"
b1101 &
#19866
0"
#19867
1"
b1110 &
#19868
0"
#19869
1"
b1111 &
#19870
0"
#19871
1"
b0000 &
#19872
0"
#19873
1"
b0001 &
#19874
0"
#19875
1"
b0010 &
#19876
0"
#19877
1"
b0011 &
#19878
0"
#19879
1"
b0100 &
#19880
0"
#19881
1"
b0101 &
#19882
0"
#19883
1"
b0110 &
#19884
0"
#19885
1"
b0111 &
#19886
0"
#19887
1"
b1000 &
#19888
0"
#19889
1"
b1001 &
#19890
0"
#19891
1"
b1010 &
#19892
0"
#19893
1"
b1011 &
#19894
0"
#19895
1"
b1100 &
#19896
0"
#19897
1"
b1101 &
#19898
0"
#19899
1"
b1110 &
#19900
0"
#19901
1"
b1111 &
#19902
0"
#19903
1"
b0000 &
#19904
0"
#19905
1"
b0001 &
#19906
0"
#19907
1"
b0010 &
#19908
0"
#19909
1"
b0011 &
#19910
0"
#19911
1"
b0100 &
#19912
0"
#19913
1"
b0101 &
#19914
0"
#19915
1"
b0110 &
#19916
0"
#19917
1"
b0111 &
#19918
0"
#19919
1"
b1000 &
#19920
0"
#19921
1"
b1001 &
#19922
0"
#19923
1"
b1010 &
#19924
0"
#19925
1"
b1011 &
#19926
0"
#19927
1"
b1100 &
#19928
0"
#19929
1"
b1101 &
#19930
0"
#19931
1"
b1110 &
#19932
0"
#19933
1"
b1111 &
#19934
0"
#19935
1"
b0000 &
#19936
0"
#19937
1"
b0001 &
#19938
0"
#19939
1"
b0010 &
#19940
0"
#19941
1"
b0011 &
#19942
0"
#19943
1"
b0100 &
#19944
0"
#19945
1"
b0101 &
#19946
0"
#19947
1"
b0110 &
#19948
0"
#19949
1"
b0111 &
#19950
0"
#19951
1"
b1000 &
#19952
0"
#19953
1"
b1001 &
#19954
0"
#19955
1"
b1010 &
#19956
0"
#19957
1"
b1011 &
#19958
0"
#19959
1"
b1100 &
#19960
0"
#19961
1"
b1101 &
#19962
0"
#19963
1"
b1110 &
#19964
0"
#19965
1"
b1111 &
#19966
0"
#19967
1"
b0000 &
#19968
0"
#19969
1"
b0001 &
#19970
0"
#19971
1"
b0010 &
#19972
0"
#19973
1"
b0011 &
#19974
0"
#19975
1"
b0100 &
#19976
0"
#19977
1"
b0101 &
#19978
0"
#19979
1"
b0110 &
#19980
0"
#19981
1"
b0111 &
#19982
0"
#19983
1"
b1000 &
#19984
0"
#19985
1"
b1001 &
#19986
0"
#19987
1"
b1010 &
#19988
0"
#19989
1"
b1011 &
#19990
0"
#19991
1"
b1100 &
#19992
0"
#19993
1"
b1101 &
#19994
0"
#19995
1"
b1110 &
#19996
0"
#19997
1"
b1111 &
#19998
0"
#19999
1"
b0000 &
#20000
0"
#20001
1"
b0001 &
#20002
0"
#20003
1"
b0010 &
#20004
0"
#20005
1"
b0011 &
#20006
0"
#20007
1"
b0100 &
#20008
0"
#20009
1"
b0101 &
#20010
0"
#20011
1"
b0110 &
#20012
0"
#20013
1"
b0111 &
#20014
0"
#20015
1"
b1000 &
#20016
0"
#20017
1"
b1001 &
#20018
0"
#20019
1"
b1010 &
#20020
0"
#20021
1"
b1011 &
#20022
0"
#20023
1"
b1100 &
#20024
0"
#20025
1"
b1101 &
#20026
0"
#20027
1"
b1110 &
#20028
0"
#20029
1"
b1111 &
#20030
0"
#20031
1"
b0000 &
#20032
0"
#20033
1"
b0001 &
#20034
0"
#20035
1"
b0010 &
#20036
0"
#20037
1"
b0011 &
#20038
0"
#20039
1"
b0100 &
#20040
0"
#20041
1"
b0101 &
#20042
0"
#20043
1"
b0110 &
#20044
0"
#20045
1"
b0111 &
#20046
0"
#20047
1"
b1000 &
#20048
0"
#20049
1"
b1001 &
#20050
0"
#20051
1"
b1010 &
#20052
0"
#20053
1"
b1011 &
#20054
0"
#20055
1"
b1100 &
#20056
0"
#20057
1"
b1101 &
#20058
0"
#20059
1"
b1110 &
#20060
0"
#20061
1"
b1111 &
#20062
0"
#20063
1"
b0000 &
#20064
0"
#20065
1"
b0001 &
#20066
0"
#20067
1"
b0010 &
#20068
0"
#20069
1"
b0011 &
#20070
0"
#20071
1"
b0100 &
#20072
0"
#20073
1"
b0101 &
#20074
0"
#20075
1"
b0110 &
#20076
0"
#20077
1"
b0111 &
#20078
0"
#20079
1"
b1000 &
#20080
0"
#20081
1"
b1001 &
#20082
0"
#20083
1"
b1010 &
#20084
0"
#20085
1"
b1011 &
#20086
0"
#20087
1"
b1100 &
#20088
0"
#20089
1"
b1101 &
#20090
0"
#20091
1"
b1110 &
#20092
0"
#20093
1"
b1111 &
#20094
0"
#20095
1"
b0000 &
#20096
0"
#20097
1"
b0001 &
#20098
0"
#20099
1"
b0010 &
#20100
0"
#20101
1"
b0011 &
#20102
0"
#20103
1"
b0100 &
#20104
0"
#20105
1"
b0101 &
#20106
0"
#20107
1"
b0110 &
#20108
0"
#20109
1"
b0111 &
#20110
0"
#20111
1"
b1000 &
#20112
0"
#20113
1"
b1001 &
#20114
0"
#20115
1"
b1010 &
#20116
0"
#20117
1"
b1011 &
#20118
0"
#20119
1"
b1100 &
#20120
0"
#20121
1"
b1101 &
#20122
0"
#20123
1"
b1110 &
#20124
0"
#20125
1"
b1111 &
#20126
0"
#20127
1"
b0000 &
#20128
0"
#20129
1"
b0001 &
#20130
0"
#20131
1"
b0010 &
#20132
0"
#20133
1"
b0011 &
#20134
0"
#20135
1"
b0100 &
#20136
0"
#20137
1"
b0101 &
#20138
0"
#20139
1"
b0110 &
#20140
0"
#20141
1"
b0111 &
#20142
0"
#20143
1"
b1000 &
#20144
0"
#20145
1"
b1001 &
#20146
0"
#20147
1"
b1010 &
#20148
0"
#20149
1"
b1011 &
#20150
0"
#20151
1"
b1100 &
#20152
0"
#20153
1"
b1101 &
#20154
0"
#20155
1"
b1110 &
#20156
0"
#20157
1"
b1111 &
#20158
0"
#20159
1"
b0000 &
#20160
0"
#20161
1"
b0001 &
#20162
0"
#20163
1"
b0010 &
#20164
0"
#20165
1"
b0011 &
#20166
0"
#20167
1"
b0100 &
#20168
0"
#20169
1"
b0101 &
#20170
0"
#20171
1"
b0110 &
#20172
0"
#20173
1"
b0111 &
#20174
0"
#20175
1"
b1000 &
#20176
0"
#20177
1"
b1001 &
#20178
0"
#20179
1"
b1010 &
#20180
0"
#20181
1"
b1011 &
#20182
0"
#20183
1"
b1100 &
#20184
0"
#20185
1"
b1101 &
#20186
0"
#20187
1"
b1110 &
#20188
0"
#20189
1"
b1111 &
#20190
0"
#20191
1"
b0000 &
#20192
0"
#20193
1"
b0001 &
#20194
0"
#20195
1"
b0010 &
#20196
0"
#20197
1"
b0011 &
#20198
0"
#20199
1"
b0100 &
#20200
0"
#20201
1"
b0101 &
#20202
0"
#20203
1"
b0110 &
#20204
0"
#20205
1"
b0111 &
#20206
0"
#20207
1"
b1000 &
#20208
0"
#20209
1"
b1001 &
#20210
0"
#20211
1"
b1010 &
#20212
0"
#20213
1"
b1011 &
#20214
0"
#20215
1"
b1100 &
#20216
0"
#20217
1"
b1101 &
#20218
0"
#20219
1"
b1110 &
#20220
0"
#20221
1"
b1111 &
#20222
0"
#20223
1"
b0000 &
#20224
0"
#20225
1"
b0001 &
#20226
0"
#20227
1"
b0010 &
#20228
0"
#20229
1"
b0011 &
#20230
0"
#20231
1"
b0100 &
#20232
0"
#20233
1"
b0101 &
#20234
0"
#20235
1"
b0110 &
#20236
0"
#20237
1"
b0111 &
#20238
0"
#20239
1"
b1000 &
#20240
0"
#20241
1"
b1001 &
#20242
0"
#20243
1"
b1010 &
#20244
0"
#20245
1"
b1011 &
#20246
0"
#20247
1"
b1100 &
#20248
0"
#20249
1"
b1101 &
#20250
0"
#20251
1"
b1110 &
#20252
0"
#20253
1"
b1111 &
#20254
0"
#20255
1"
b0000 &
#20256
0"
#20257
1"
b0001 &
#20258
0"
#20259
1"
b0010 &
#20260
0"
#20261
1"
b0011 &
#20262
0"
#20263
1"
b0100 &
#20264
0"
#20265
1"
b0101 &
#20266
0"
#20267
1"
b0110 &
#20268
0"
#20269
1"
b0111 &
#20270
0"
#20271
1"
b1000 &
#20272
0"
#20273
1"
b1001 &
#20274
0"
#20275
1"
b1010 &
#20276
0"
#20277
1"
b1011 &
#20278
0"
#20279
1"
b1100 &
#20280
0"
#20281
1"
b1101 &
#20282
0"
#20283
1"
b1110 &
#20284
0"
#20285
1"
b1111 &
#20286
0"
#20287
1"
b0000 &
#20288
0"
#20289
1"
b0001 &
#20290
0"
#20291
1"
b0010 &
#20292
0"
#20293
1"
b0011 &
#20294
0"
#20295
1"
b0100 &
#20296
0"
#20297
1"
b0101 &
#20298
0"
#20299
1"
b0110 &
#20300
0"
#20301
1"
b0111 &
#20302
0"
#20303
1"
b1000 &
#20304
0"
#20305
1"
b1001 &
#20306
0"
#20307
1"
b1010 &
#20308
0"
#20309
1"
b1011 &
#20310
0"
#20311
1"
b1100 &
#20312
0"
#20313
1"
b1101 &
#20314
0"
#20315
1"
b1110 &
#20316
0"
#20317
1"
b1111 &
#20318
0"
#20319
1"
b0000 &
#20320
0"
#20321
1"
b0001 &
#20322
0"
#20323
1"
b0010 &
#20324
0"
#20325
1"
b0011 &
#20326
0"
#20327
1"
b0100 &
#20328
0"
#20329
1"
b0101 &
#20330
0"
#20331
1"
b0110 &
#20332
0"
#20333
1"
b0111 &
#20334
0"
#20335
1"
b1000 &
#20336
0"
#20337
1"
b1001 &
#20338
0"
#20339
1"
b1010 &
#20340
0"
#20341
1"
b1011 &
#20342
0"
#20343
1"
b1100 &
#20344
0"
#20345
1"
b1101 &
#20346
0"
#20347
1"
b1110 &
#20348
0"
#20349
1"
b1111 &
#20350
0"
#20351
1"
b0000 &
#20352
0"
#20353
1"
b0001 &
#20354
0"
#20355
1"
b0010 &
#20356
0"
#20357
1"
b0011 &
#20358
0"
#20359
1"
b0100 &
#20360
0"
#20361
1"
b0101 &
#20362
0"
#20363
1"
b0110 &
#20364
0"
#20365
1"
b0111 &
#20366
0"
#20367
1"
b1000 &
#20368
0"
#20369
1"
b1001 &
#20370
0"
#20371
1"
b1010 &
#20372
0"
#20373
1"
b1011 &
#20374
0"
#20375
1"
b1100 &
#20376
0"
#20377
1"
b1101 &
#20378
0"
#20379
1"
b1110 &
#20380
0"
#20381
1"
b1111 &
#20382
0"
#20383
1"
b0000 &
#20384
0"
#20385
1"
b0001 &
#20386
0"
#20387
1"
b0010 &
#20388
0"
#20389
1"
b0011 &
#20390
0"
#20391
1"
b0100 &
#20392
0"
#20393
1"
b0101 &
#20394
0"
#20395
1"
b0110 &
#20396
0"
#20397
1"
b0111 &
#20398
0"
#20399
1"
b1000 &
#20400
0"
#20401
1"
b1001 &
#20402
0"
#20403
1"
b1010 &
#20404
0"
#20405
1"
b1011 &
#20406
0"
#20407
1"
b1100 &
#20408
0"
#20409
1"
b1101 &
#20410
0"
#20411
1"
b1110 &
#20412
0"
#20413
1"
b1111 &
#20414
0"
#20415
1"
b0000 &
#20416
0"
#20417
1"
b0001 &
#20418
0"
#20419
1"
b0010 &
#20420
0"
#20421
1"
b0011 &
#20422
0"
#20423
1"
b0100 &
#20424
0"
#20425
1"
b0101 &
#20426
0"
#20427
1"
b0110 &
#20428
0"
#20429
1"
b0111 &
#20430
0"
#20431
1"
b1000 &
#20432
0"
#20433
1"
b1001 &
#20434
0"
#20435
1"
b1010 &
#20436
0"
#20437
1"
b1011 &
#20438
0"
#20439
1"
b1100 &
#20440
0"
#20441
1"
b1101 &
#20442
0"
#20443
1"
b1110 &
#20444
0"
#20445
1"
b1111 &
#20446
0"
#20447
1"
b0000 &
#20448
0"
#20449
1"
b0001 &
#20450
0"
#20451
1"
b0010 &
#20452
0"
#20453
1"
b0011 &
#20454
0"
#20455
1"
b0100 &
#20456
0"
#20457
1"
b0101 &
#20458
0"
#20459
1"
b0110 &
#20460
0"
#20461
1"
b0111 &
#20462
0"
#20463
1"
b1000 &
#20464
0"
#20465
1"
b1001 &
#20466
0"
#20467
1"
b1010 &
#20468
0"
#20469
1"
b1011 &
#20470
0"
#20471
1"
b1100 &
#20472
0"
#20473
1"
b1101 &
#20474
0"
#20475
1"
b1110 &
#20476
0"
#20477
1"
b1111 &
#20478
0"
#20479
1"
b0000 &
#20480
0"
#20481
1"
b0001 &
#20482
0"
#20483
1"
b0010 &
#20484
0"
#20485
1"
b0011 &
#20486
0"
#20487
1"
b0100 &
#20488
0"
#20489
1"
b0101 &
#20490
0"
#20491
1"
b0110 &
#20492
0"
#20493
1"
b0111 &
#20494
0"
#20495
1"
b1000 &
#20496
0"
#20497
1"
b1001 &
#20498
0"
#20499
1"
b1010 &
#20500
0"
#20501
1"
b1011 &
#20502
0"
#20503
1"
b1100 &
#20504
0"
#20505
1"
b1101 &
#20506
0"
#20507
1"
b1110 &
#20508
0"
#20509
1"
b1111 &
#20510
0"
#20511
1"
b0000 &
#20512
0"
#20513
1"
b0001 &
#20514
0"
#20515
1"
b0010 &
#20516
0"
#20517
1"
b0011 &
#20518
0"
#20519
1"
b0100 &
#20520
0"
#20521
1"
b0101 &
#20522
0"
#20523
1"
b0110 &
#20524
0"
#20525
1"
b0111 &
#20526
0"
#20527
1"
b1000 &
#20528
0"
#20529
1"
b1001 &
#20530
0"
#20531
1"
b1010 &
#20532
0"
#20533
1"
b1011 &
#20534
0"
#20535
1"
b1100 &
#20536
0"
#20537
1"
b1101 &
#20538
0"
#20539
1"
b1110 &
#20540
0"
#20541
1"
b1111 &
#20542
0"
#20543
1"
b0000 &
#20544
0"
#20545
1"
b0001 &
#20546
0"
#20547
1"
b0010 &
#20548
0"
#20549
1"
b0011 &
#20550
0"
#20551
1"
b0100 &
#20552
0"
#20553
1"
b0101 &
#20554
0"
#20555
1"
b0110 &
#20556
0"
#20557
1"
b0111 &
#20558
0"
#20559
1"
b1000 &
#20560
0"
#20561
1"
b1001 &
#20562
0"
#20563
1"
b1010 &
#20564
0"
#20565
1"
b1011 &
#20566
0"
#20567
1"
b1100 &
#20568
0"
#20569
1"
b1101 &
#20570
0"
#20571
1"
b1110 &
#20572
0"
#20573
1"
b1111 &
#20574
0"
#20575
1"
b0000 &
#20576
0"
#20577
1"
b0001 &
#20578
0"
#20579
1"
b0010 &
#20580
0"
#20581
1"
b0011 &
#20582
0"
#20583
1"
b0100 &
#20584
0"
#20585
1"
b0101 &
#20586
0"
#20587
1"
b0110 &
#20588
0"
#20589
1"
b0111 &
#20590
0"
#20591
1"
b1000 &
#20592
0"
#20593
1"
b1001 &
#20594
0"
#20595
1"
b1010 &
#20596
0"
#20597
1"
b1011 &
#20598
0"
#20599
1"
b1100 &
#20600
0"
#20601
1"
b1101 &
#20602
0"
#20603
1"
b1110 &
#20604
0"
#20605
1"
b1111 &
#20606
0"
#20607
1"
b0000 &
#20608
0"
#20609
1"
b0001 &
#20610
0"
#20611
1"
b0010 &
#20612
0"
#20613
1"
b0011 &
#20614
0"
#20615
1"
b0100 &
#20616
0"
#20617
1"
b0101 &
#20618
0"
#20619
1"
b0110 &
#20620
0"
#20621
1"
b0111 &
#20622
0"
#20623
1"
b1000 &
#20624
0"
#20625
1"
b1001 &
#20626
0"
#20627
1"
b1010 &
#20628
0"
#20629
1"
b1011 &
#20630
0"
#20631
1"
b1100 &
#20632
0"
#20633
1"
b1101 &
#20634
0"
#20635
1"
b1110 &
#20636
0"
#20637
1"
b1111 &
#20638
0"
#20639
1"
b0000 &
#20640
0"
#20641
1"
b0001 &
#20642
0"
#20643
1"
b0010 &
#20644
0"
#20645
1"
b0011 &
#20646
0"
#20647
1"
b0100 &
#20648
0"
#20649
1"
b0101 &
#20650
0"
#20651
1"
b0110 &
#20652
0"
#20653
1"
b0111 &
#20654
0"
#20655
1"
b1000 &
#20656
0"
#20657
1"
b1001 &
#20658
0"
#20659
1"
b1010 &
#20660
0"
#20661
1"
b1011 &
#20662
0"
#20663
1"
b1100 &
#20664
0"
#20665
1"
b1101 &
#20666
0"
#20667
1"
b1110 &
#20668
0"
#20669
1"
b1111 &
#20670
0"
#20671
1"
b0000 &
#20672
0"
#20673
1"
b0001 &
#20674
0"
#20675
1"
b0010 &
#20676
0"
#20677
1"
b0011 &
#20678
0"
#20679
1"
b0100 &
#20680
0"
#20681
1"
b0101 &
#20682
0"
#20683
1"
b0110 &
#20684
0"
#20685
1"
b0111 &
#20686
0"
#20687
1"
b1000 &
#20688
0"
#20689
1"
b1001 &
#20690
0"
#20691
1"
b1010 &
#20692
0"
#20693
1"
b1011 &
#20694
0"
#20695
1"
b1100 &
#20696
0"
#20697
1"
b1101 &
#20698
0"
#20699
1"
b1110 &
#20700
0"
#20701
1"
b1111 &
#20702
0"
#20703
1"
b0000 &
#20704
0"
#20705
1"
b0001 &
#20706
0"
#20707
1"
b0010 &
#20708
0"
#20709
1"
b0011 &
#20710
0"
#20711
1"
b0100 &
#20712
0"
#20713
1"
b0101 &
#20714
0"
#20715
1"
b0110 &
#20716
0"
#20717
1"
b0111 &
#20718
0"
#20719
1"
b1000 &
#20720
0"
#20721
1"
b1001 &
#20722
0"
#20723
1"
b1010 &
#20724
0"
#20725
1"
b1011 &
#20726
0"
#20727
1"
b1100 &
#20728
0"
#20729
1"
b1101 &
#20730
0"
#20731
1"
b1110 &
#20732
0"
#20733
1"
b1111 &
#20734
0"
#20735
1"
b0000 &
#20736
0"
#20737
1"
b0001 &
#20738
0"
#20739
1"
b0010 &
#20740
0"
#20741
1"
b0011 &
#20742
0"
#20743
1"
b0100 &
#20744
0"
#20745
1"
b0101 &
#20746
0"
#20747
1"
b0110 &
#20748
0"
#20749
1"
b0111 &
#20750
0"
#20751
1"
b1000 &
#20752
0"
#20753
1"
b1001 &
#20754
0"
#20755
1"
b1010 &
#20756
0"
#20757
1"
b1011 &
#20758
0"
#20759
1"
b1100 &
#20760
0"
#20761
1"
b1101 &
#20762
0"
#20763
1"
b1110 &
#20764
0"
#20765
1"
b1111 &
#20766
0"
#20767
1"
b0000 &
#20768
0"
#20769
1"
b0001 &
#20770
0"
#20771
1"
b0010 &
#20772
0"
#20773
1"
b0011 &
#20774
0"
#20775
1"
b0100 &
#20776
0"
#20777
1"
b0101 &
#20778
0"
#20779
1"
b0110 &
#20780
0"
#20781
1"
b0111 &
#20782
0"
#20783
1"
b1000 &
#20784
0"
#20785
1"
b1001 &
#20786
0"
#20787
1"
b1010 &
#20788
0"
#20789
1"
b1011 &
#20790
0"
#20791
1"
b1100 &
#20792
0"
#20793
1"
b1101 &
#20794
0"
#20795
1"
b1110 &
#20796
0"
#20797
1"
b1111 &
#20798
0"
#20799
1"
b0000 &
#20800
0"
#20801
1"
b0001 &
#20802
0"
#20803
1"
b0010 &
#20804
0"
#20805
1"
b0011 &
#20806
0"
#20807
1"
b0100 &
#20808
0"
#20809
1"
b0101 &
#20810
0"
#20811
1"
b0110 &
#20812
0"
#20813
1"
b0111 &
#20814
0"
#20815
1"
b1000 &
#20816
0"
#20817
1"
b1001 &
#20818
0"
#20819
1"
b1010 &
#20820
0"
#20821
1"
b1011 &
#20822
0"
#20823
1"
b1100 &
#20824
0"
#20825
1"
b1101 &
#20826
0"
#20827
1"
b1110 &
#20828
0"
#20829
1"
b1111 &
#20830
0"
#20831
1"
b0000 &
#20832
0"
#20833
1"
b0001 &
#20834
0"
#20835
1"
b0010 &
#20836
0"
#20837
1"
b0011 &
#20838
0"
#20839
1"
b0100 &
#20840
0"
#20841
1"
b0101 &
#20842
0"
#20843
1"
b0110 &
#20844
0"
#20845
1"
b0111 &
#20846
0"
#20847
1"
b1000 &
#20848
0"
#20849
1"
b1001 &
#20850
0"
#20851
1"
b1010 &
#20852
0"
#20853
1"
b1011 &
#20854
0"
#20855
1"
b1100 &
#20856
0"
#20857
1"
b1101 &
#20858
0"
#20859
1"
b1110 &
#20860
0"
#20861
1"
b1111 &
#20862
0"
#20863
1"
b0000 &
#20864
0"
#20865
1"
b0001 &
#20866
0"
#20867
1"
b0010 &
#20868
0"
#20869
1"
b0011 &
#20870
0"
#20871
1"
b0100 &
#20872
0"
#20873
1"
b0101 &
#20874
0"
#20875
1"
b0110 &
#20876
0"
#20877
1"
b0111 &
#20878
0"
#20879
1"
b1000 &
#20880
0"
#20881
1"
b1001 &
#20882
0"
#20883
1"
b1010 &
#20884
0"
#20885
1"
b1011 &
#20886
0"
#20887
1"
b1100 &
#20888
0"
#20889
1"
b1101 &
#20890
0"
#20891
1"
b1110 &
#20892
0"
#20893
1"
b1111 &
#20894
0"
#20895
1"
b0000 &
#20896
0"
#20897
1"
b0001 &
#20898
0"
#20899
1"
b0010 &
#20900
0"
#20901
1"
b0011 &
#20902
0"
#20903
1"
b0100 &
#20904
0"
#20905
1"
b0101 &
#20906
0"
#20907
1"
b0110 &
#20908
0"
#20909
1"
b0111 &
#20910
0"
#20911
1"
b1000 &
#20912
0"
#20913
1"
b1001 &
#20914
0"
#20915
1"
b1010 &
#20916
0"
#20917
1"
b1011 &
#20918
0"
#20919
1"
b1100 &
#20920
0"
#20921
1"
b1101 &
#20922
0"
#20923
1"
b1110 &
#20924
0"
#20925
1"
b1111 &
#20926
0"
#20927
1"
b0000 &
#20928
0"
#20929
1"
b0001 &
#20930
0"
#20931
1"
b0010 &
#20932
0"
#20933
1"
b0011 &
#20934
0"
#20935
1"
b0100 &
#20936
0"
#20937
1"
b0101 &
#20938
0"
#20939
1"
b0110 &
#20940
0"
#20941
1"
b0111 &
#20942
0"
#20943
1"
b1000 &
#20944
0"
#20945
1"
b1001 &
#20946
0"
#20947
1"
b1010 &
#20948
0"
#20949
1"
b1011 &
#20950
0"
#20951
1"
b1100 &
#20952
0"
#20953
1"
b1101 &
#20954
0"
#20955
1"
b1110 &
#20956
0"
#20957
1"
b1111 &
#20958
0"
#20959
1"
b0000 &
#20960
0"
#20961
1"
b0001 &
#20962
0"
#20963
1"
b0010 &
#20964
0"
#20965
1"
b0011 &
#20966
0"
#20967
1"
b0100 &
#20968
0"
#20969
1"
b0101 &
#20970
0"
#20971
1"
b0110 &
#20972
0"
#20973
1"
b0111 &
#20974
0"
#20975
1"
b1000 &
#20976
0"
#20977
1"
b1001 &
#20978
0"
#20979
1"
b1010 &
#20980
0"
#20981
1"
b1011 &
#20982
0"
#20983
1"
b1100 &
#20984
0"
#20985
1"
b1101 &
#20986
0"
#20987
1"
b1110 &
#20988
0"
#20989
1"
b1111 &
#20990
0"
#20991
1"
b0000 &
#20992
0"
#20993
1"
b0001 &
#20994
0"
#20995
1"
b0010 &
#20996
0"
#20997
1"
b0011 &
#20998
0"
#20999
1"
b0100 &
#21000
0"
#21001
1"
b0101 &
#21002
0"
#21003
1"
b0110 &
#21004
0"
#21005
1"
b0111 &
#21006
0"
#21007
1"
b1000 &
#21008
0"
#21009
1"
b1001 &
#21010
0"
#21011
1"
b1010 &
#21012
0"
#21013
1"
b1011 &
#21014
0"
#21015
1"
b1100 &
#21016
0"
#21017
1"
b1101 &
#21018
0"
#21019
1"
b1110 &
#21020
0"
#21021
1"
b1111 &
#21022
0"
#21023
1"
b0000 &
#21024
0"
#21025
1"
b0001 &
#21026
0"
#21027
1"
b0010 &
#21028
0"
#21029
1"
b0011 &
#21030
0"
#21031
1"
b0100 &
#21032
0"
#21033
1"
b0101 &
#21034
0"
#21035
1"
b0110 &
#21036
0"
#21037
1"
b0111 &
#21038
0"
#21039
1"
b1000 &
#21040
0"
#21041
1"
b1001 &
#21042
0"
#21043
1"
b1010 &
#21044
0"
#21045
1"
b1011 &
#21046
0"
#21047
1"
b1100 &
#21048
0"
#21049
1"
b1101 &
#21050
0"
#21051
1"
b1110 &
#21052
0"
#21053
1"
b1111 &
#21054
0"
#21055
1"
b0000 &
#21056
0"
#21057
1"
b0001 &
#21058
0"
#21059
1"
b0010 &
#21060
0"
#21061
1"
b0011 &
#21062
0"
#21063
1"
b0100 &
#21064
0"
#21065
1"
b0101 &
#21066
0"
#21067
1"
b0110 &
#21068
0"
#21069
1"
b0111 &
#21070
0"
#21071
1"
b1000 &
#21072
0"
#21073
1"
b1001 &
#21074
0"
#21075
1"
b1010 &
#21076
0"
#21077
1"
b1011 &
#21078
0"
#21079
1"
b1100 &
#21080
0"
#21081
1"
b1101 &
#21082
0"
#21083
1"
b1110 &
#21084
0"
#21085
1"
b1111 &
#21086
0"
#21087
1"
b0000 &
#21088
0"
#21089
1"
b0001 &
#21090
0"
#21091
1"
b0010 &
#21092
0"
#21093
1"
b0011 &
#21094
0"
#21095
1"
b0100 &
#21096
0"
#21097
1"
b0101 &
#21098
0"
#21099
1"
b0110 &
#21100
0"
#21101
1"
b0111 &
#21102
0"
#21103
1"
b1000 &
#21104
0"
#21105
1"
b1001 &
#21106
0"
#21107
1"
b1010 &
#21108
0"
#21109
1"
b1011 &
#21110
0"
#21111
1"
b1100 &
#21112
0"
#21113
1"
b1101 &
#21114
0"
#21115
1"
b1110 &
#21116
0"
#21117
1"
b1111 &
#21118
0"
#21119
1"
b0000 &
#21120
0"
#21121
1"
b0001 &
#21122
0"
#21123
1"
b0010 &
#21124
0"
#21125
1"
b0011 &
#21126
0"
#21127
1"
b0100 &
#21128
0"
#21129
1"
b0101 &
#21130
0"
#21131
1"
b0110 &
#21132
0"
#21133
1"
b0111 &
#21134
0"
#21135
1"
b1000 &
#21136
0"
#21137
1"
b1001 &
#21138
0"
#21139
1"
b1010 &
#21140
0"
#21141
1"
b1011 &
#21142
0"
#21143
1"
b1100 &
#21144
0"
#21145
1"
b1101 &
#21146
0"
#21147
1"
b1110 &
#21148
0"
#21149
1"
b1111 &
#21150
0"
#21151
1"
b0000 &
#21152
0"
#21153
1"
b0001 &
#21154
0"
#21155
1"
b0010 &
#21156
0"
#21157
1"
b0011 &
#21158
0"
#21159
1"
b0100 &
#21160
0"
#21161
1"
b0101 &
#21162
0"
#21163
1"
b0110 &
#21164
0"
#21165
1"
b0111 &
#21166
0"
#21167
1"
b1000 &
#21168
0"
#21169
1"
b1001 &
#21170
0"
#21171
1"
b1010 &
#21172
0"
#21173
1"
b1011 &
#21174
0"
#21175
1"
b1100 &
#21176
0"
#21177
1"
b1101 &
#21178
0"
#21179
1"
b1110 &
#21180
0"
#21181
1"
b1111 &
#21182
0"
#21183
1"
b0000 &
#21184
0"
#21185
1"
b0001 &
#21186
0"
#21187
1"
b0010 &
#21188
0"
#21189
1"
b0011 &
#21190
0"
#21191
1"
b0100 &
#21192
0"
#21193
1"
b0101 &
#21194
0"
#21195
1"
b0110 &
#21196
0"
#21197
1"
b0111 &
#21198
0"
#21199
1"
b1000 &
#21200
0"
#21201
1"
b1001 &
#21202
0"
#21203
1"
b1010 &
#21204
0"
#21205
1"
b1011 &
#21206
0"
#21207
1"
b1100 &
#21208
0"
#21209
1"
b1101 &
#21210
0"
#21211
1"
b1110 &
#21212
0"
#21213
1"
b1111 &
#21214
0"
#21215
1"
b0000 &
#21216
0"
#21217
1"
b0001 &
#21218
0"
#21219
1"
b0010 &
#21220
0"
#21221
1"
b0011 &
#21222
0"
#21223
1"
b0100 &
#21224
0"
#21225
1"
b0101 &
#21226
0"
#21227
1"
b0110 &
#21228
0"
#21229
1"
b0111 &
#21230
0"
#21231
1"
b1000 &
#21232
0"
#21233
1"
b1001 &
#21234
0"
#21235
1"
b1010 &
#21236
0"
#21237
1"
b1011 &
#21238
0"
#21239
1"
b1100 &
#21240
0"
#21241
1"
b1101 &
#21242
0"
#21243
1"
b1110 &
#21244
0"
#21245
1"
b1111 &
#21246
0"
#21247
1"
b0000 &
#21248
0"
#21249
1"
b0001 &
#21250
0"
#21251
1"
b0010 &
#21252
0"
#21253
1"
b0011 &
#21254
0"
#21255
1"
b0100 &
#21256
0"
#21257
1"
b0101 &
#21258
0"
#21259
1"
b0110 &
#21260
0"
#21261
1"
b0111 &
#21262
0"
#21263
1"
b1000 &
#21264
0"
#21265
1"
b1001 &
#21266
0"
#21267
1"
b1010 &
#21268
0"
#21269
1"
b1011 &
#21270
0"
#21271
1"
b1100 &
#21272
0"
#21273
1"
b1101 &
#21274
0"
#21275
1"
b1110 &
#21276
0"
#21277
1"
b1111 &
#21278
0"
#21279
1"
b0000 &
#21280
0"
#21281
1"
b0001 &
#21282
0"
#21283
1"
b0010 &
#21284
0"
#21285
1"
b0011 &
#21286
0"
#21287
1"
b0100 &
#21288
0"
#21289
1"
b0101 &
#21290
0"
#21291
1"
b0110 &
#21292
0"
#21293
1"
b0111 &
#21294
0"
#21295
1"
b1000 &
#21296
0"
#21297
1"
b1001 &
#21298
0"
#21299
1"
b1010 &
#21300
0"
#21301
1"
b1011 &
#21302
0"
#21303
1"
b1100 &
#21304
0"
#21305
1"
b1101 &
#21306
0"
#21307
1"
b1110 &
#21308
0"
#21309
1"
b1111 &
#21310
0"
#21311
1"
b0000 &
#21312
0"
#21313
1"
b0001 &
#21314
0"
#21315
1"
b0010 &
#21316
0"
#21317
1"
b0011 &
#21318
0"
#21319
1"
b0100 &
#21320
0"
#21321
1"
b0101 &
#21322
0"
#21323
1"
b0110 &
#21324
0"
#21325
1"
b0111 &
#21326
0"
#21327
1"
b1000 &
#21328
0"
#21329
1"
b1001 &
#21330
0"
#21331
1"
b1010 &
#21332
0"
#21333
1"
b1011 &
#21334
0"
#21335
1"
b1100 &
#21336
0"
#21337
1"
b1101 &
#21338
0"
#21339
1"
b1110 &
#21340
0"
#21341
1"
b1111 &
#21342
0"
#21343
1"
b0000 &
#21344
0"
#21345
1"
b0001 &
#21346
0"
#21347
1"
b0010 &
#21348
0"
#21349
1"
b0011 &
#21350
0"
#21351
1"
b0100 &
#21352
0"
#21353
1"
b0101 &
#21354
0"
#21355
1"
b0110 &
#21356
0"
#21357
1"
b0111 &
#21358
0"
#21359
1"
b1000 &
#21360
0"
#21361
1"
b1001 &
#21362
0"
#21363
1"
b1010 &
#21364
0"
#21365
1"
b1011 &
#21366
0"
#21367
1"
b1100 &
#21368
0"
#21369
1"
b1101 &
#21370
0"
#21371
1"
b1110 &
#21372
0"
#21373
1"
b1111 &
#21374
0"
#21375
1"
b0000 &
#21376
0"
#21377
1"
b0001 &
#21378
0"
#21379
1"
b0010 &
#21380
0"
#21381
1"
b0011 &
#21382
0"
#21383
1"
b0100 &
#21384
0"
#21385
1"
b0101 &
#21386
0"
#21387
1"
b0110 &
#21388
0"
#21389
1"
b0111 &
#21390
0"
#21391
1"
b1000 &
#21392
0"
#21393
1"
b1001 &
#21394
0"
#21395
1"
b1010 &
#21396
0"
#21397
1"
b1011 &
#21398
0"
#21399
1"
b1100 &
#21400
0"
#21401
1"
b1101 &
#21402
0"
#21403
1"
b1110 &
#21404
0"
#21405
1"
b1111 &
#21406
0"
#21407
1"
b0000 &
#21408
0"
#21409
1"
b0001 &
#21410
0"
#21411
1"
b0010 &
#21412
0"
#21413
1"
b0011 &
#21414
0"
#21415
1"
b0100 &
#21416
0"
#21417
1"
b0101 &
#21418
0"
#21419
1"
b0110 &
#21420
0"
#21421
1"
b0111 &
#21422
0"
#21423
1"
b1000 &
#21424
0"
#21425
1"
b1001 &
#21426
0"
#21427
1"
b1010 &
#21428
0"
#21429
1"
b1011 &
#21430
0"
#21431
1"
b1100 &
#21432
0"
#21433
1"
b1101 &
#21434
0"
#21435
1"
b1110 &
#21436
0"
#21437
1"
b1111 &
#21438
0"
#21439
1"
b0000 &
#21440
0"
#21441
1"
b0001 &
#21442
0"
#21443
1"
b0010 &
#21444
0"
#21445
1"
b0011 &
#21446
0"
#21447
1"
b0100 &
#21448
0"
#21449
1"
b0101 &
#21450
0"
#21451
1"
b0110 &
#21452
0"
#21453
1"
b0111 &
#21454
0"
#21455
1"
b1000 &
#21456
0"
#21457
1"
b1001 &
#21458
0"
#21459
1"
b1010 &
#21460
0"
#21461
1"
b1011 &
#21462
0"
#21463
1"
b1100 &
#21464
0"
#21465
1"
b1101 &
#21466
0"
#21467
1"
b1110 &
#21468
0"
#21469
1"
b1111 &
#21470
0"
#21471
1"
b0000 &
#21472
0"
#21473
1"
b0001 &
#21474
0"
#21475
1"
b0010 &
#21476
0"
#21477
1"
b0011 &
#21478
0"
#21479
1"
b0100 &
#21480
0"
#21481
1"
b0101 &
#21482
0"
#21483
1"
b0110 &
#21484
0"
#21485
1"
b0111 &
#21486
0"
#21487
1"
b1000 &
#21488
0"
#21489
1"
b1001 &
#21490
0"
#21491
1"
b1010 &
#21492
0"
#21493
1"
b1011 &
#21494
0"
#21495
1"
b1100 &
#21496
0"
#21497
1"
b1101 &
#21498
0"
#21499
1"
b1110 &
#21500
0"
#21501
1"
b1111 &
#21502
0"
#21503
1"
b0000 &
#21504
0"
#21505
1"
b0001 &
#21506
0"
#21507
1"
b0010 &
#21508
0"
#21509
1"
b0011 &
#21510
0"
#21511
1"
b0100 &
#21512
0"
#21513
1"
b0101 &
#21514
0"
#21515
1"
b0110 &
#21516
0"
#21517
1"
b0111 &
#21518
0"
#21519
1"
b1000 &
#21520
0"
#21521
1"
b1001 &
#21522
0"
#21523
1"
b1010 &
#21524
0"
#21525
1"
b1011 &
#21526
0"
#21527
1"
b1100 &
#21528
0"
#21529
1"
b1101 &
#21530
0"
#21531
1"
b1110 &
#21532
0"
#21533
1"
b1111 &
#21534
0"
#21535
1"
b0000 &
#21536
0"
#21537
1"
b0001 &
#21538
0"
#21539
1"
b0010 &
#21540
0"
#21541
1"
b0011 &
#21542
0"
#21543
1"
b0100 &
#21544
0"
#21545
1"
b0101 &
#21546
0"
#21547
1"
b0110 &
#21548
0"
#21549
1"
b0111 &
#21550
0"
#21551
1"
b1000 &
#21552
0"
#21553
1"
b1001 &
#21554
0"
#21555
1"
b1010 &
#21556
0"
#21557
1"
b1011 &
#21558
0"
#21559
1"
b1100 &
#21560
0"
#21561
1"
b1101 &
#21562
0"
#21563
1"
b1110 &
#21564
0"
#21565
1"
b1111 &
#21566
0"
#21567
1"
b0000 &
#21568
0"
#21569
1"
b0001 &
#21570
0"
#21571
1"
b0010 &
#21572
0"
#21573
1"
b0011 &
#21574
0"
#21575
1"
b0100 &
#21576
0"
#21577
1"
b0101 &
#21578
0"
#21579
1"
b0110 &
#21580
0"
#21581
1"
b0111 &
#21582
0"
#21583
1"
b1000 &
#21584
0"
#21585
1"
b1001 &
#21586
0"
#21587
1"
b1010 &
#21588
0"
#21589
1"
b1011 &
#21590
0"
#21591
1"
b1100 &
#21592
0"
#21593
1"
b1101 &
#21594
0"
#21595
1"
b1110 &
#21596
0"
#21597
1"
b1111 &
#21598
0"
#21599
1"
b0000 &
#21600
0"
#21601
1"
b0001 &
#21602
0"
#21603
1"
b0010 &
#21604
0"
#21605
1"
b0011 &
#21606
0"
#21607
1"
b0100 &
#21608
0"
#21609
1"
b0101 &
#21610
0"
#21611
1"
b0110 &
#21612
0"
#21613
1"
b0111 &
#21614
0"
#21615
1"
b1000 &
#21616
0"
#21617
1"
b1001 &
#21618
0"
#21619
1"
b1010 &
#21620
0"
#21621
1"
b1011 &
#21622
0"
#21623
1"
b1100 &
#21624
0"
#21625
1"
b1101 &
#21626
0"
#21627
1"
b1110 &
#21628
0"
#21629
1"
b1111 &
#21630
0"
#21631
1"
b0000 &
#21632
0"
#21633
1"
b0001 &
#21634
0"
#21635
1"
b0010 &
#21636
0"
#21637
1"
b0011 &
#21638
0"
#21639
1"
b0100 &
#21640
0"
#21641
1"
b0101 &
#21642
0"
#21643
1"
b0110 &
#21644
0"
#21645
1"
b0111 &
#21646
0"
#21647
1"
b1000 &
#21648
0"
#21649
1"
b1001 &
#21650
0"
#21651
1"
b1010 &
#21652
0"
#21653
1"
b1011 &
#21654
0"
#21655
1"
b1100 &
#21656
0"
#21657
1"
b1101 &
#21658
0"
#21659
1"
b1110 &
#21660
0"
#21661
1"
b1111 &
#21662
0"
#21663
1"
b0000 &
#21664
0"
#21665
1"
b0001 &
#21666
0"
#21667
1"
b0010 &
#21668
0"
#21669
1"
b0011 &
#21670
0"
#21671
1"
b0100 &
#21672
0"
#21673
1"
b0101 &
#21674
0"
#21675
1"
b0110 &
#21676
0"
#21677
1"
b0111 &
#21678
0"
#21679
1"
b1000 &
#21680
0"
#21681
1"
b1001 &
#21682
0"
#21683
1"
b1010 &
#21684
0"
#21685
1"
b1011 &
#21686
0"
#21687
1"
b1100 &
#21688
0"
#21689
1"
b1101 &
#21690
0"
#21691
1"
b1110 &
#21692
0"
#21693
1"
b1111 &
#21694
0"
#21695
1"
b0000 &
#21696
0"
#21697
1"
b0001 &
#21698
0"
#21699
1"
b0010 &
#21700
0"
#21701
1"
b0011 &
#21702
0"
#21703
1"
b0100 &
#21704
0"
#21705
1"
b0101 &
#21706
0"
#21707
1"
b0110 &
#21708
0"
#21709
1"
b0111 &
#21710
0"
#21711
1"
b1000 &
#21712
0"
#21713
1"
b1001 &
#21714
0"
#21715
1"
b1010 &
#21716
0"
#21717
1"
b1011 &
#21718
0"
#21719
1"
b1100 &
#21720
0"
#21721
1"
b1101 &
#21722
0"
#21723
1"
b1110 &
#21724
0"
#21725
1"
b1111 &
#21726
0"
#21727
1"
b0000 &
#21728
0"
#21729
1"
b0001 &
#21730
0"
#21731
1"
b0010 &
#21732
0"
#21733
1"
b0011 &
#21734
0"
#21735
1"
b0100 &
#21736
0"
#21737
1"
b0101 &
#21738
0"
#21739
1"
b0110 &
#21740
0"
#21741
1"
b0111 &
#21742
0"
#21743
1"
b1000 &
#21744
0"
#21745
1"
b1001 &
#21746
0"
#21747
1"
b1010 &
#21748
0"
#21749
1"
b1011 &
#21750
0"
#21751
1"
b1100 &
#21752
0"
#21753
1"
b1101 &
#21754
0"
#21755
1"
b1110 &
#21756
0"
#21757
1"
b1111 &
#21758
0"
#21759
1"
b0000 &
#21760
0"
#21761
1"
b0001 &
#21762
0"
#21763
1"
b0010 &
#21764
0"
#21765
1"
b0011 &
#21766
0"
#21767
1"
b0100 &
#21768
0"
#21769
1"
b0101 &
#21770
0"
#21771
1"
b0110 &
#21772
0"
#21773
1"
b0111 &
#21774
0"
#21775
1"
b1000 &
#21776
0"
#21777
1"
b1001 &
#21778
0"
#21779
1"
b1010 &
#21780
0"
#21781
1"
b1011 &
#21782
0"
#21783
1"
b1100 &
#21784
0"
#21785
1"
b1101 &
#21786
0"
#21787
1"
b1110 &
#21788
0"
#21789
1"
b1111 &
#21790
0"
#21791
1"
b0000 &
#21792
0"
#21793
1"
b0001 &
#21794
0"
#21795
1"
b0010 &
#21796
0"
#21797
1"
b0011 &
#21798
0"
#21799
1"
b0100 &
#21800
0"
#21801
1"
b0101 &
#21802
0"
#21803
1"
b0110 &
#21804
0"
#21805
1"
b0111 &
#21806
0"
#21807
1"
b1000 &
#21808
0"
#21809
1"
b1001 &
#21810
0"
#21811
1"
b1010 &
#21812
0"
#21813
1"
b1011 &
#21814
0"
#21815
1"
b1100 &
#21816
0"
#21817
1"
b1101 &
#21818
0"
#21819
1"
b1110 &
#21820
0"
#21821
1"
b1111 &
#21822
0"
#21823
1"
b0000 &
#21824
0"
#21825
1"
b0001 &
#21826
0"
#21827
1"
b0010 &
#21828
0"
#21829
1"
b0011 &
#21830
0"
#21831
1"
b0100 &
#21832
0"
#21833
1"
b0101 &
#21834
0"
#21835
1"
b0110 &
#21836
0"
#21837
1"
b0111 &
#21838
0"
#21839
1"
b1000 &
#21840
0"
#21841
1"
b1001 &
#21842
0"
#21843
1"
b1010 &
#21844
0"
#21845
1"
b1011 &
#21846
0"
#21847
1"
b1100 &
#21848
0"
#21849
1"
b1101 &
#21850
0"
#21851
1"
b1110 &
#21852
0"
#21853
1"
b1111 &
#21854
0"
#21855
1"
b0000 &
#21856
0"
#21857
1"
b0001 &
#21858
0"
#21859
1"
b0010 &
#21860
0"
#21861
1"
b0011 &
#21862
0"
#21863
1"
b0100 &
#21864
0"
#21865
1"
b0101 &
#21866
0"
#21867
1"
b0110 &
#21868
0"
#21869
1"
b0111 &
#21870
0"
#21871
1"
b1000 &
#21872
0"
#21873
1"
b1001 &
#21874
0"
#21875
1"
b1010 &
#21876
0"
#21877
1"
b1011 &
#21878
0"
#21879
1"
b1100 &
#21880
0"
#21881
1"
b1101 &
#21882
0"
#21883
1"
b1110 &
#21884
0"
#21885
1"
b1111 &
#21886
0"
#21887
1"
b0000 &
#21888
0"
#21889
1"
b0001 &
#21890
0"
#21891
1"
b0010 &
#21892
0"
#21893
1"
b0011 &
#21894
0"
#21895
1"
b0100 &
#21896
0"
#21897
1"
b0101 &
#21898
0"
#21899
1"
b0110 &
#21900
0"
#21901
1"
b0111 &
#21902
0"
#21903
1"
b1000 &
#21904
0"
#21905
1"
b1001 &
#21906
0"
#21907
1"
b1010 &
#21908
0"
#21909
1"
b1011 &
#21910
0"
#21911
1"
b1100 &
#21912
0"
#21913
1"
b1101 &
#21914
0"
#21915
1"
b1110 &
#21916
0"
#21917
1"
b1111 &
#21918
0"
#21919
1"
b0000 &
#21920
0"
#21921
1"
b0001 &
#21922
0"
#21923
1"
b0010 &
#21924
0"
#21925
1"
b0011 &
#21926
0"
#21927
1"
b0100 &
#21928
0"
#21929
1"
b0101 &
#21930
0"
#21931
1"
b0110 &
#21932
0"
#21933
1"
b0111 &
#21934
0"
#21935
1"
b1000 &
#21936
0"
#21937
1"
b1001 &
#21938
0"
#21939
1"
b1010 &
#21940
0"
#21941
1"
b1011 &
#21942
0"
#21943
1"
b1100 &
#21944
0"
#21945
1"
b1101 &
#21946
0"
#21947
1"
b1110 &
#21948
0"
#21949
1"
b1111 &
#21950
0"
#21951
1"
b0000 &
#21952
0"
#21953
1"
b0001 &
#21954
0"
#21955
1"
b0010 &
#21956
0"
#21957
1"
b0011 &
#21958
0"
#21959
1"
b0100 &
#21960
0"
#21961
1"
b0101 &
#21962
0"
#21963
1"
b0110 &
#21964
0"
#21965
1"
b0111 &
#21966
0"
#21967
1"
b1000 &
#21968
0"
#21969
1"
b1001 &
#21970
0"
#21971
1"
b1010 &
#21972
0"
#21973
1"
b1011 &
#21974
0"
#21975
1"
b1100 &
#21976
0"
#21977
1"
b1101 &
#21978
0"
#21979
1"
b1110 &
#21980
0"
#21981
1"
b1111 &
#21982
0"
#21983
1"
b0000 &
#21984
0"
#21985
1"
b0001 &
#21986
0"
#21987
1"
b0010 &
#21988
0"
#21989
1"
b0011 &
#21990
0"
#21991
1"
b0100 &
#21992
0"
#21993
1"
b0101 &
#21994
0"
#21995
1"
b0110 &
#21996
0"
#21997
1"
b0111 &
#21998
0"
#21999
1"
b1000 &
#22000
0"
#22001
1"
b1001 &
#22002
0"
#22003
1"
b1010 &
#22004
0"
#22005
1"
b1011 &
#22006
0"
#22007
1"
b1100 &
#22008
0"
#22009
1"
b1101 &
#22010
0"
#22011
1"
b1110 &
#22012
0"
#22013
1"
b1111 &
#22014
0"
#22015
1"
b0000 &
#22016
0"
#22017
1"
b0001 &
#22018
0"
#22019
1"
b0010 &
#22020
0"
#22021
1"
b0011 &
#22022
0"
#22023
1"
b0100 &
#22024
0"
#22025
1"
b0101 &
#22026
0"
#22027
1"
b0110 &
#22028
0"
#22029
1"
b0111 &
#22030
0"
#22031
1"
b1000 &
#22032
0"
#22033
1"
b1001 &
#22034
0"
#22035
1"
b1010 &
#22036
0"
#22037
1"
b1011 &
#22038
0"
#22039
1"
b1100 &
#22040
0"
#22041
1"
b1101 &
#22042
0"
#22043
1"
b1110 &
#22044
0"
#22045
1"
b1111 &
#22046
0"
#22047
1"
b0000 &
#22048
0"
#22049
1"
b0001 &
#22050
0"
#22051
1"
b0010 &
#22052
0"
#22053
1"
b0011 &
#22054
0"
#22055
1"
b0100 &
#22056
0"
#22057
1"
b0101 &
#22058
0"
#22059
1"
b0110 &
#22060
0"
#22061
1"
b0111 &
#22062
0"
#22063
1"
b1000 &
#22064
0"
#22065
1"
b1001 &
#22066
0"
#22067
1"
b1010 &
#22068
0"
#22069
1"
b1011 &
#22070
0"
#22071
1"
b1100 &
#22072
0"
#22073
1"
b1101 &
#22074
0"
#22075
1"
b1110 &
#22076
0"
#22077
1"
b1111 &
#22078
0"
#22079
1"
b0000 &
#22080
0"
#22081
1"
b0001 &
#22082
0"
#22083
1"
b0010 &
#22084
0"
#22085
1"
b0011 &
#22086
0"
#22087
1"
b0100 &
#22088
0"
#22089
1"
b0101 &
#22090
0"
#22091
1"
b0110 &
#22092
0"
#22093
1"
b0111 &
#22094
0"
#22095
1"
b1000 &
#22096
0"
#22097
1"
b1001 &
#22098
0"
#22099
1"
b1010 &
#22100
0"
#22101
1"
b1011 &
#22102
0"
#22103
1"
b1100 &
#22104
0"
#22105
1"
b1101 &
#22106
0"
#22107
1"
b1110 &
#22108
0"
#22109
1"
b1111 &
#22110
0"
#22111
1"
b0000 &
#22112
0"
#22113
1"
b0001 &
#22114
0"
#22115
1"
b0010 &
#22116
0"
#22117
1"
b0011 &
#22118
0"
#22119
1"
b0100 &
#22120
0"
#22121
1"
b0101 &
#22122
0"
#22123
1"
b0110 &
#22124
0"
#22125
1"
b0111 &
#22126
0"
#22127
1"
b1000 &
#22128
0"
#22129
1"
b1001 &
#22130
0"
#22131
1"
b1010 &
#22132
0"
#22133
1"
b1011 &
#22134
0"
#22135
1"
b1100 &
#22136
0"
#22137
1"
b1101 &
#22138
0"
#22139
1"
b1110 &
#22140
0"
#22141
1"
b1111 &
#22142
0"
#22143
1"
b0000 &
#22144
0"
#22145
1"
b0001 &
#22146
0"
#22147
1"
b0010 &
#22148
0"
#22149
1"
b0011 &
#22150
0"
#22151
1"
b0100 &
#22152
0"
#22153
1"
b0101 &
#22154
0"
#22155
1"
b0110 &
#22156
0"
#22157
1"
b0111 &
#22158
0"
#22159
1"
b1000 &
#22160
0"
#22161
1"
b1001 &
#22162
0"
#22163
1"
b1010 &
#22164
0"
#22165
1"
b1011 &
#22166
0"
#22167
1"
b1100 &
#22168
0"
#22169
1"
b1101 &
#22170
0"
#22171
1"
b1110 &
#22172
0"
#22173
1"
b1111 &
#22174
0"
#22175
1"
b0000 &
#22176
0"
#22177
1"
b0001 &
#22178
0"
#22179
1"
b0010 &
#22180
0"
#22181
1"
b0011 &
#22182
0"
#22183
1"
b0100 &
#22184
0"
#22185
1"
b0101 &
#22186
0"
#22187
1"
b0110 &
#22188
0"
#22189
1"
b0111 &
#22190
0"
#22191
1"
b1000 &
#22192
0"
#22193
1"
b1001 &
#22194
0"
#22195
1"
b1010 &
#22196
0"
#22197
1"
b1011 &
#22198
0"
#22199
1"
b1100 &
#22200
0"
#22201
1"
b1101 &
#22202
0"
#22203
1"
b1110 &
#22204
0"
#22205
1"
b1111 &
#22206
0"
#22207
1"
b0000 &
#22208
0"
#22209
1"
b0001 &
#22210
0"
#22211
1"
b0010 &
#22212
0"
#22213
1"
b0011 &
#22214
0"
#22215
1"
b0100 &
#22216
0"
#22217
1"
b0101 &
#22218
0"
#22219
1"
b0110 &
#22220
0"
#22221
1"
b0111 &
#22222
0"
#22223
1"
b1000 &
#22224
0"
#22225
1"
b1001 &
#22226
0"
#22227
1"
b1010 &
#22228
0"
#22229
1"
b1011 &
#22230
0"
#22231
1"
b1100 &
#22232
0"
#22233
1"
b1101 &
#22234
0"
#22235
1"
b1110 &
#22236
0"
#22237
1"
b1111 &
#22238
0"
#22239
1"
b0000 &
#22240
0"
#22241
1"
b0001 &
#22242
0"
#22243
1"
b0010 &
#22244
0"
#22245
1"
b0011 &
#22246
0"
#22247
1"
b0100 &
#22248
0"
#22249
1"
b0101 &
#22250
0"
#22251
1"
b0110 &
#22252
0"
#22253
1"
b0111 &
#22254
0"
#22255
1"
b1000 &
#22256
0"
#22257
1"
b1001 &
#22258
0"
#22259
1"
b1010 &
#22260
0"
#22261
1"
b1011 &
#22262
0"
#22263
1"
b1100 &
#22264
0"
#22265
1"
b1101 &
#22266
0"
#22267
1"
b1110 &
#22268
0"
#22269
1"
b1111 &
#22270
0"
#22271
1"
b0000 &
#22272
0"
#22273
1"
b0001 &
#22274
0"
#22275
1"
b0010 &
#22276
0"
#22277
1"
b0011 &
#22278
0"
#22279
1"
b0100 &
#22280
0"
#22281
1"
b0101 &
#22282
0"
#22283
1"
b0110 &
#22284
0"
#22285
1"
b0111 &
#22286
0"
#22287
1"
b1000 &
#22288
0"
#22289
1"
b1001 &
#22290
0"
#22291
1"
b1010 &
#22292
0"
#22293
1"
b1011 &
#22294
0"
#22295
1"
b1100 &
#22296
0"
#22297
1"
b1101 &
#22298
0"
#22299
1"
b1110 &
#22300
0"
#22301
1"
b1111 &
#22302
0"
#22303
1"
b0000 &
#22304
0"
#22305
1"
b0001 &
#22306
0"
#22307
1"
b0010 &
#22308
0"
#22309
1"
b0011 &
#22310
0"
#22311
1"
b0100 &
#22312
0"
#22313
1"
b0101 &
#22314
0"
#22315
1"
b0110 &
#22316
0"
#22317
1"
b0111 &
#22318
0"
#22319
1"
b1000 &
#22320
0"
#22321
1"
b1001 &
#22322
0"
#22323
1"
b1010 &
#22324
0"
#22325
1"
b1011 &
#22326
0"
#22327
1"
b1100 &
#22328
0"
#22329
1"
b1101 &
#22330
0"
#22331
1"
b1110 &
#22332
0"
#22333
1"
b1111 &
#22334
0"
#22335
1"
b0000 &
#22336
0"
#22337
1"
b0001 &
#22338
0"
#22339
1"
b0010 &
#22340
0"
#22341
1"
b0011 &
#22342
0"
#22343
1"
b0100 &
#22344
0"
#22345
1"
b0101 &
#22346
0"
#22347
1"
b0110 &
#22348
0"
#22349
1"
b0111 &
#22350
0"
#22351
1"
b1000 &
#22352
0"
#22353
1"
b1001 &
#22354
0"
#22355
1"
b1010 &
#22356
0"
#22357
1"
b1011 &
#22358
0"
#22359
1"
b1100 &
#22360
0"
#22361
1"
b1101 &
#22362
0"
#22363
1"
b1110 &
#22364
0"
#22365
1"
b1111 &
#22366
0"
#22367
1"
b0000 &
#22368
0"
#22369
1"
b0001 &
#22370
0"
#22371
1"
b0010 &
#22372
0"
#22373
1"
b0011 &
#22374
0"
#22375
1"
b0100 &
#22376
0"
#22377
1"
b0101 &
#22378
0"
#22379
1"
b0110 &
#22380
0"
#22381
1"
b0111 &
#22382
0"
#22383
1"
b1000 &
#22384
0"
#22385
1"
b1001 &
#22386
0"
#22387
1"
b1010 &
#22388
0"
#22389
1"
b1011 &
#22390
0"
#22391
1"
b1100 &
#22392
0"
#22393
1"
b1101 &
#22394
0"
#22395
1"
b1110 &
#22396
0"
#22397
1"
b1111 &
#22398
0"
#22399
1"
b0000 &
#22400
0"
#22401
1"
b0001 &
#22402
0"
#22403
1"
b0010 &
#22404
0"
#22405
1"
b0011 &
#22406
0"
#22407
1"
b0100 &
#22408
0"
#22409
1"
b0101 &
#22410
0"
#22411
1"
b0110 &
#22412
0"
#22413
1"
b0111 &
#22414
0"
#22415
1"
b1000 &
#22416
0"
#22417
1"
b1001 &
#22418
0"
#22419
1"
b1010 &
#22420
0"
#22421
1"
b1011 &
#22422
0"
#22423
1"
b1100 &
#22424
0"
#22425
1"
b1101 &
#22426
0"
#22427
1"
b1110 &
#22428
0"
#22429
1"
b1111 &
#22430
0"
#22431
1"
b0000 &
#22432
0"
#22433
1"
b0001 &
#22434
0"
#22435
1"
b0010 &
#22436
0"
#22437
1"
b0011 &
#22438
0"
#22439
1"
b0100 &
#22440
0"
#22441
1"
b0101 &
#22442
0"
#22443
1"
b0110 &
#22444
0"
#22445
1"
b0111 &
#22446
0"
#22447
1"
b1000 &
#22448
0"
#22449
1"
b1001 &
#22450
0"
#22451
1"
b1010 &
#22452
0"
#22453
1"
b1011 &
#22454
0"
#22455
1"
b1100 &
#22456
0"
#22457
1"
b1101 &
#22458
0"
#22459
1"
b1110 &
#22460
0"
#22461
1"
b1111 &
#22462
0"
#22463
1"
b0000 &
#22464
0"
#22465
1"
b0001 &
#22466
0"
#22467
1"
b0010 &
#22468
0"
#22469
1"
b0011 &
#22470
0"
#22471
1"
b0100 &
#22472
0"
#22473
1"
b0101 &
#22474
0"
#22475
1"
b0110 &
#22476
0"
#22477
1"
b0111 &
#22478
0"
#22479
1"
b1000 &
#22480
0"
#22481
1"
b1001 &
#22482
0"
#22483
1"
b1010 &
#22484
0"
#22485
1"
b1011 &
#22486
0"
#22487
1"
b1100 &
#22488
0"
#22489
1"
b1101 &
#22490
0"
#22491
1"
b1110 &
#22492
0"
#22493
1"
b1111 &
#22494
0"
#22495
1"
b0000 &
#22496
0"
#22497
1"
b0001 &
#22498
0"
#22499
1"
b0010 &
#22500
0"
#22501
1"
b0011 &
#22502
0"
#22503
1"
b0100 &
#22504
0"
#22505
1"
b0101 &
#22506
0"
#22507
1"
b0110 &
#22508
0"
#22509
1"
b0111 &
#22510
0"
#22511
1"
b1000 &
#22512
0"
#22513
1"
b1001 &
#22514
0"
#22515
1"
b1010 &
#22516
0"
#22517
1"
b1011 &
#22518
0"
#22519
1"
b1100 &
#22520
0"
#22521
1"
b1101 &
#22522
0"
#22523
1"
b1110 &
#22524
0"
#22525
1"
b1111 &
#22526
0"
#22527
1"
b0000 &
#22528
0"
#22529
1"
b0001 &
#22530
0"
#22531
1"
b0010 &
#22532
0"
#22533
1"
b0011 &
#22534
0"
#22535
1"
b0100 &
#22536
0"
#22537
1"
b0101 &
#22538
0"
#22539
1"
b0110 &
#22540
0"
#22541
1"
b0111 &
#22542
0"
#22543
1"
b1000 &
#22544
0"
#22545
1"
b1001 &
#22546
0"
#22547
1"
b1010 &
#22548
0"
#22549
1"
b1011 &
#22550
0"
#22551
1"
b1100 &
#22552
0"
#22553
1"
b1101 &
#22554
0"
#22555
1"
b1110 &
#22556
0"
#22557
1"
b1111 &
#22558
0"
#22559
1"
b0000 &
#22560
0"
#22561
1"
b0001 &
#22562
0"
#22563
1"
b0010 &
#22564
0"
#22565
1"
b0011 &
#22566
0"
#22567
1"
b0100 &
#22568
0"
#22569
1"
b0101 &
#22570
0"
#22571
1"
b0110 &
#22572
0"
#22573
1"
b0111 &
#22574
0"
#22575
1"
b1000 &
#22576
0"
#22577
1"
b1001 &
#22578
0"
#22579
1"
b1010 &
#22580
0"
#22581
1"
b1011 &
#22582
0"
#22583
1"
b1100 &
#22584
0"
#22585
1"
b1101 &
#22586
0"
#22587
1"
b1110 &
#22588
0"
#22589
1"
b1111 &
#22590
0"
#22591
1"
b0000 &
#22592
0"
#22593
1"
b0001 &
#22594
0"
#22595
1"
b0010 &
#22596
0"
#22597
1"
b0011 &
#22598
0"
#22599
1"
b0100 &
#22600
0"
#22601
1"
b0101 &
#22602
0"
#22603
1"
b0110 &
#22604
0"
#22605
1"
b0111 &
#22606
0"
#22607
1"
b1000 &
#22608
0"
#22609
1"
b1001 &
#22610
0"
#22611
1"
b1010 &
#22612
0"
#22613
1"
b1011 &
#22614
0"
#22615
1"
b1100 &
#22616
0"
#22617
1"
b1101 &
#22618
0"
#22619
1"
b1110 &
#22620
0"
#22621
1"
b1111 &
#22622
0"
#22623
1"
b0000 &
#22624
0"
#22625
1"
b0001 &
#22626
0"
#22627
1"
b0010 &
#22628
0"
#22629
1"
b0011 &
#22630
0"
#22631
1"
b0100 &
#22632
0"
#22633
1"
b0101 &
#22634
0"
#22635
1"
b0110 &
#22636
0"
#22637
1"
b0111 &
#22638
0"
#22639
1"
b1000 &
#22640
0"
#22641
1"
b1001 &
#22642
0"
#22643
1"
b1010 &
#22644
0"
#22645
1"
b1011 &
#22646
0"
#22647
1"
b1100 &
#22648
0"
#22649
1"
b1101 &
#22650
0"
#22651
1"
b1110 &
#22652
0"
#22653
1"
b1111 &
#22654
0"
#22655
1"
b0000 &
#22656
0"
#22657
1"
b0001 &
#22658
0"
#22659
1"
b0010 &
#22660
0"
#22661
1"
b0011 &
#22662
0"
#22663
1"
b0100 &
#22664
0"
#22665
1"
b0101 &
#22666
0"
#22667
1"
b0110 &
#22668
0"
#22669
1"
b0111 &
#22670
0"
#22671
1"
b1000 &
#22672
0"
#22673
1"
b1001 &
#22674
0"
#22675
1"
b1010 &
#22676
0"
#22677
1"
b1011 &
#22678
0"
#22679
1"
b1100 &
#22680
0"
#22681
1"
b1101 &
#22682
0"
#22683
1"
b1110 &
#22684
0"
#22685
1"
b1111 &
#22686
0"
#22687
1"
b0000 &
#22688
0"
#22689
1"
b0001 &
#22690
0"
#22691
1"
b0010 &
#22692
0"
#22693
1"
b0011 &
#22694
0"
#22695
1"
b0100 &
#22696
0"
#22697
1"
b0101 &
#22698
0"
#22699
1"
b0110 &
#22700
0"
#22701
1"
b0111 &
#22702
0"
#22703
1"
b1000 &
#22704
0"
#22705
1"
b1001 &
#22706
0"
#22707
1"
b1010 &
#22708
0"
#22709
1"
b1011 &
#22710
0"
#22711
1"
b1100 &
#22712
0"
#22713
1"
b1101 &
#22714
0"
#22715
1"
b1110 &
#22716
0"
#22717
1"
b1111 &
#22718
0"
#22719
1"
b0000 &
#22720
0"
#22721
1"
b0001 &
#22722
0"
#22723
1"
b0010 &
#22724
0"
#22725
1"
b0011 &
#22726
0"
#22727
1"
b0100 &
#22728
0"
#22729
1"
b0101 &
#22730
0"
#22731
1"
b0110 &
#22732
0"
#22733
1"
b0111 &
#22734
0"
#22735
1"
b1000 &
#22736
0"
#22737
1"
b1001 &
#22738
0"
#22739
1"
b1010 &
#22740
0"
#22741
1"
b1011 &
#22742
0"
#22743
1"
b1100 &
#22744
0"
#22745
1"
b1101 &
#22746
0"
#22747
1"
b1110 &
#22748
0"
#22749
1"
b1111 &
#22750
0"
#22751
1"
b0000 &
#22752
0"
#22753
1"
b0001 &
#22754
0"
#22755
1"
b0010 &
#22756
0"
#22757
1"
b0011 &
#22758
0"
#22759
1"
b0100 &
#22760
0"
#22761
1"
b0101 &
#22762
0"
#22763
1"
b0110 &
#22764
0"
#22765
1"
b0111 &
#22766
0"
#22767
1"
b1000 &
#22768
0"
#22769
1"
b1001 &
#22770
0"
#22771
1"
b1010 &
#22772
0"
#22773
1"
b1011 &
#22774
0"
#22775
1"
b1100 &
#22776
0"
#22777
1"
b1101 &
#22778
0"
#22779
1"
b1110 &
#22780
0"
#22781
1"
b1111 &
#22782
0"
#22783
1"
b0000 &
#22784
0"
#22785
1"
b0001 &
#22786
0"
#22787
1"
b0010 &
#22788
0"
#22789
1"
b0011 &
#22790
0"
#22791
1"
b0100 &
#22792
0"
#22793
1"
b0101 &
#22794
0"
#22795
1"
b0110 &
#22796
0"
#22797
1"
b0111 &
#22798
0"
#22799
1"
b1000 &
#22800
0"
#22801
1"
b1001 &
#22802
0"
#22803
1"
b1010 &
#22804
0"
#22805
1"
b1011 &
#22806
0"
#22807
1"
b1100 &
#22808
0"
#22809
1"
b1101 &
#22810
0"
#22811
1"
b1110 &
#22812
0"
#22813
1"
b1111 &
#22814
0"
#22815
1"
b0000 &
#22816
0"
#22817
1"
b0001 &
#22818
0"
#22819
1"
b0010 &
#22820
0"
#22821
1"
b0011 &
#22822
0"
#22823
1"
b0100 &
#22824
0"
#22825
1"
b0101 &
#22826
0"
#22827
1"
b0110 &
#22828
0"
#22829
1"
b0111 &
#22830
0"
#22831
1"
b1000 &
#22832
0"
#22833
1"
b1001 &
#22834
0"
#22835
1"
b1010 &
#22836
0"
#22837
1"
b1011 &
#22838
0"
#22839
1"
b1100 &
#22840
0"
#22841
1"
b1101 &
#22842
0"
#22843
1"
b1110 &
#22844
0"
#22845
1"
b1111 &
#22846
0"
#22847
1"
b0000 &
#22848
0"
#22849
1"
b0001 &
#22850
0"
#22851
1"
b0010 &
#22852
0"
#22853
1"
b0011 &
#22854
0"
#22855
1"
b0100 &
#22856
0"
#22857
1"
b0101 &
#22858
0"
#22859
1"
b0110 &
#22860
0"
#22861
1"
b0111 &
#22862
0"
#22863
1"
b1000 &
#22864
0"
#22865
1"
b1001 &
#22866
0"
#22867
1"
b1010 &
#22868
0"
#22869
1"
b1011 &
#22870
0"
#22871
1"
b1100 &
#22872
0"
#22873
1"
b1101 &
#22874
0"
#22875
1"
b1110 &
#22876
0"
#22877
1"
b1111 &
#22878
0"
#22879
1"
b0000 &
#22880
0"
#22881
1"
b0001 &
#22882
0"
#22883
1"
b0010 &
#22884
0"
#22885
1"
b0011 &
#22886
0"
#22887
1"
b0100 &
#22888
0"
#22889
1"
b0101 &
#22890
0"
#22891
1"
b0110 &
#22892
0"
#22893
1"
b0111 &
#22894
0"
#22895
1"
b1000 &
#22896
0"
#22897
1"
b1001 &
#22898
0"
#22899
1"
b1010 &
#22900
0"
#22901
1"
b1011 &
#22902
0"
#22903
1"
b1100 &
#22904
0"
#22905
1"
b1101 &
#22906
0"
#22907
1"
b1110 &
#22908
0"
#22909
1"
b1111 &
#22910
0"
#22911
1"
b0000 &
#22912
0"
#22913
1"
b0001 &
#22914
0"
#22915
1"
b0010 &
#22916
0"
#22917
1"
b0011 &
#22918
0"
#22919
1"
b0100 &
#22920
0"
#22921
1"
b0101 &
#22922
0"
#22923
1"
b0110 &
#22924
0"
#22925
1"
b0111 &
#22926
0"
#22927
1"
b1000 &
#22928
0"
#22929
1"
b1001 &
#22930
0"
#22931
1"
b1010 &
#22932
0"
#22933
1"
b1011 &
#22934
0"
#22935
1"
b1100 &
#22936
0"
#22937
1"
b1101 &
#22938
0"
#22939
1"
b1110 &
#22940
0"
#22941
1"
b1111 &
#22942
0"
#22943
1"
b0000 &
#22944
0"
#22945
1"
b0001 &
#22946
0"
#22947
1"
b0010 &
#22948
0"
#22949
1"
b0011 &
#22950
0"
#22951
1"
b0100 &
#22952
0"
#22953
1"
b0101 &
#22954
0"
#22955
1"
b0110 &
#22956
0"
#22957
1"
b0111 &
#22958
0"
#22959
1"
b1000 &
#22960
0"
#22961
1"
b1001 &
#22962
0"
#22963
1"
b1010 &
#22964
0"
#22965
1"
b1011 &
#22966
0"
#22967
1"
b1100 &
#22968
0"
#22969
1"
b1101 &
#22970
0"
#22971
1"
b1110 &
#22972
0"
#22973
1"
b1111 &
#22974
0"
#22975
1"
b0000 &
#22976
0"
#22977
1"
b0001 &
#22978
0"
#22979
1"
b0010 &
#22980
0"
#22981
1"
b0011 &
#22982
0"
#22983
1"
b0100 &
#22984
0"
#22985
1"
b0101 &
#22986
0"
#22987
1"
b0110 &
#22988
0"
#22989
1"
b0111 &
#22990
0"
#22991
1"
b1000 &
#22992
0"
#22993
1"
b1001 &
#22994
0"
#22995
1"
b1010 &
#22996
0"
#22997
1"
b1011 &
#22998
0"
#22999
1"
b1100 &
#23000
0"
#23001
1"
b1101 &
#23002
0"
#23003
1"
b1110 &
#23004
0"
#23005
1"
b1111 &
#23006
0"
#23007
1"
b0000 &
#23008
0"
#23009
1"
b0001 &
#23010
0"
#23011
1"
b0010 &
#23012
0"
#23013
1"
b0011 &
#23014
0"
#23015
1"
b0100 &
#23016
0"
#23017
1"
b0101 &
#23018
0"
#23019
1"
b0110 &
#23020
0"
#23021
1"
b0111 &
#23022
0"
#23023
1"
b1000 &
#23024
0"
#23025
1"
b1001 &
#23026
0"
#23027
1"
b1010 &
#23028
0"
#23029
1"
b1011 &
#23030
0"
#23031
1"
b1100 &
#23032
0"
#23033
1"
b1101 &
#23034
0"
#23035
1"
b1110 &
#23036
0"
#23037
1"
b1111 &
#23038
0"
#23039
1"
b0000 &
#23040
0"
#23041
1"
b0001 &
#23042
0"
#23043
1"
b0010 &
#23044
0"
#23045
1"
b0011 &
#23046
0"
#23047
1"
b0100 &
#23048
0"
#23049
1"
b0101 &
#23050
0"
#23051
1"
b0110 &
#23052
0"
#23053
1"
b0111 &
#23054
0"
#23055
1"
b1000 &
#23056
0"
#23057
1"
b1001 &
#23058
0"
#23059
1"
b1010 &
#23060
0"
#23061
1"
b1011 &
#23062
0"
#23063
1"
b1100 &
#23064
0"
#23065
1"
b1101 &
#23066
0"
#23067
1"
b1110 &
#23068
0"
#23069
1"
b1111 &
#23070
0"
#23071
1"
b0000 &
#23072
0"
#23073
1"
b0001 &
#23074
0"
#23075
1"
b0010 &
#23076
0"
#23077
1"
b0011 &
#23078
0"
#23079
1"
b0100 &
#23080
0"
#23081
1"
b0101 &
#23082
0"
#23083
1"
b0110 &
#23084
0"
#23085
1"
b0111 &
#23086
0"
#23087
1"
b1000 &
#23088
0"
#23089
1"
b1001 &
#23090
0"
#23091
1"
b1010 &
#23092
0"
#23093
1"
b1011 &
#23094
0"
#23095
1"
b1100 &
#23096
0"
#23097
1"
b1101 &
#23098
0"
#23099
1"
b1110 &
#23100
0"
#23101
1"
b1111 &
#23102
0"
#23103
1"
b0000 &
#23104
0"
#23105
1"
b0001 &
#23106
0"
#23107
1"
b0010 &
#23108
0"
#23109
1"
b0011 &
#23110
0"
#23111
1"
b0100 &
#23112
0"
#23113
1"
b0101 &
#23114
0"
#23115
1"
b0110 &
#23116
0"
#23117
1"
b0111 &
#23118
0"
#23119
1"
b1000 &
#23120
0"
#23121
1"
b1001 &
#23122
0"
#23123
1"
b1010 &
#23124
0"
#23125
1"
b1011 &
#23126
0"
#23127
1"
b1100 &
#23128
0"
#23129
1"
b1101 &
#23130
0"
#23131
1"
b1110 &
#23132
0"
#23133
1"
b1111 &
#23134
0"
#23135
1"
b0000 &
#23136
0"
#23137
1"
b0001 &
#23138
0"
#23139
1"
b0010 &
#23140
0"
#23141
1"
b0011 &
#23142
0"
#23143
1"
b0100 &
#23144
0"
#23145
1"
b0101 &
#23146
0"
#23147
1"
b0110 &
#23148
0"
#23149
1"
b0111 &
#23150
0"
#23151
1"
b1000 &
#23152
0"
#23153
1"
b1001 &
#23154
0"
#23155
1"
b1010 &
#23156
0"
#23157
1"
b1011 &
#23158
0"
#23159
1"
b1100 &
#23160
0"
#23161
1"
b1101 &
#23162
0"
#23163
1"
b1110 &
#23164
0"
#23165
1"
b1111 &
#23166
0"
#23167
1"
b0000 &
#23168
0"
#23169
1"
b0001 &
#23170
0"
#23171
1"
b0010 &
#23172
0"
#23173
1"
b0011 &
#23174
0"
#23175
1"
b0100 &
#23176
0"
#23177
1"
b0101 &
#23178
0"
#23179
1"
b0110 &
#23180
0"
#23181
1"
b0111 &
#23182
0"
#23183
1"
b1000 &
#23184
0"
#23185
1"
b1001 &
#23186
0"
#23187
1"
b1010 &
#23188
0"
#23189
1"
b1011 &
#23190
0"
#23191
1"
b1100 &
#23192
0"
#23193
1"
b1101 &
#23194
0"
#23195
1"
b1110 &
#23196
0"
#23197
1"
b1111 &
#23198
0"
#23199
1"
b0000 &
#23200
0"
#23201
1"
b0001 &
#23202
0"
#23203
1"
b0010 &
#23204
0"
#23205
1"
b0011 &
#23206
0"
#23207
1"
b0100 &
#23208
0"
#23209
1"
b0101 &
#23210
0"
#23211
1"
b0110 &
#23212
0"
#23213
1"
b0111 &
#23214
0"
#23215
1"
b1000 &
#23216
0"
#23217
1"
b1001 &
#23218
0"
#23219
1"
b1010 &
#23220
0"
#23221
1"
b1011 &
#23222
0"
#23223
1"
b1100 &
#23224
0"
#23225
1"
b1101 &
#23226
0"
#23227
1"
b1110 &
#23228
0"
#23229
1"
b1111 &
#23230
0"
#23231
1"
b0000 &
#23232
0"
#23233
1"
b0001 &
#23234
0"
#23235
1"
b0010 &
#23236
0"
#23237
1"
b0011 &
#23238
0"
#23239
1"
b0100 &
#23240
0"
#23241
1"
b0101 &
#23242
0"
#23243
1"
b0110 &
#23244
0"
#23245
1"
b0111 &
#23246
0"
#23247
1"
b1000 &
#23248
0"
#23249
1"
b1001 &
#23250
0"
#23251
1"
b1010 &
#23252
0"
#23253
1"
b1011 &
#23254
0"
#23255
1"
b1100 &
#23256
0"
#23257
1"
b1101 &
#23258
0"
#23259
1"
b1110 &
#23260
0"
#23261
1"
b1111 &
#23262
0"
#23263
1"
b0000 &
#23264
0"
#23265
1"
b0001 &
#23266
0"
#23267
1"
b0010 &
#23268
0"
#23269
1"
b0011 &
#23270
0"
#23271
1"
b0100 &
#23272
0"
#23273
1"
b0101 &
#23274
0"
#23275
1"
b0110 &
#23276
0"
#23277
1"
b0111 &
#23278
0"
#23279
1"
b1000 &
#23280
0"
#23281
1"
b1001 &
#23282
0"
#23283
1"
b1010 &
#23284
0"
#23285
1"
b1011 &
#23286
0"
#23287
1"
b1100 &
#23288
0"
#23289
1"
b1101 &
#23290
0"
#23291
1"
b1110 &
#23292
0"
#23293
1"
b1111 &
#23294
0"
#23295
1"
b0000 &
#23296
0"
#23297
1"
b0001 &
#23298
0"
#23299
1"
b0010 &
#23300
0"
#23301
1"
b0011 &
#23302
0"
#23303
1"
b0100 &
#23304
0"
#23305
1"
b0101 &
#23306
0"
#23307
1"
b0110 &
#23308
0"
#23309
1"
b0111 &
#23310
0"
#23311
1"
b1000 &
#23312
0"
#23313
1"
b1001 &
#23314
0"
#23315
1"
b1010 &
#23316
0"
#23317
1"
b1011 &
#23318
0"
#23319
1"
b1100 &
#23320
0"
#23321
1"
b1101 &
#23322
0"
#23323
1"
b1110 &
#23324
0"
#23325
1"
b1111 &
#23326
0"
#23327
1"
b0000 &
#23328
0"
#23329
1"
b0001 &
#23330
0"
#23331
1"
b0010 &
#23332
0"
#23333
1"
b0011 &
#23334
0"
#23335
1"
b0100 &
#23336
0"
#23337
1"
b0101 &
#23338
0"
#23339
1"
b0110 &
#23340
0"
#23341
1"
b0111 &
#23342
0"
#23343
1"
b1000 &
#23344
0"
#23345
1"
b1001 &
#23346
0"
#23347
1"
b1010 &
#23348
0"
#23349
1"
b1011 &
#23350
0"
#23351
1"
b1100 &
#23352
0"
#23353
1"
b1101 &
#23354
0"
#23355
1"
b1110 &
#23356
0"
#23357
1"
b1111 &
#23358
0"
#23359
1"
b0000 &
#23360
0"
#23361
1"
b0001 &
#23362
0"
#23363
1"
b0010 &
#23364
0"
#23365
1"
b0011 &
#23366
0"
#23367
1"
b0100 &
#23368
0"
#23369
1"
b0101 &
#23370
0"
#23371
1"
b0110 &
#23372
0"
#23373
1"
b0111 &
#23374
0"
#23375
1"
b1000 &
#23376
0"
#23377
1"
b1001 &
#23378
0"
#23379
1"
b1010 &
#23380
0"
#23381
1"
b1011 &
#23382
0"
#23383
1"
b1100 &
#23384
0"
#23385
1"
b1101 &
#23386
0"
#23387
1"
b1110 &
#23388
0"
#23389
1"
b1111 &
#23390
0"
#23391
1"
b0000 &
#23392
0"
#23393
1"
b0001 &
#23394
0"
#23395
1"
b0010 &
#23396
0"
#23397
1"
b0011 &
#23398
0"
#23399
1"
b0100 &
#23400
0"
#23401
1"
b0101 &
#23402
0"
#23403
1"
b0110 &
#23404
0"
#23405
1"
b0111 &
#23406
0"
#23407
1"
b1000 &
#23408
0"
#23409
1"
b1001 &
#23410
0"
#23411
1"
b1010 &
#23412
0"
#23413
1"
b1011 &
#23414
0"
#23415
1"
b1100 &
#23416
0"
#23417
1"
b1101 &
#23418
0"
#23419
1"
b1110 &
#23420
0"
#23421
1"
b1111 &
#23422
0"
#23423
1"
b0000 &
#23424
0"
#23425
1"
b0001 &
#23426
0"
#23427
1"
b0010 &
#23428
0"
#23429
1"
b0011 &
#23430
0"
#23431
1"
b0100 &
#23432
0"
#23433
1"
b0101 &
#23434
0"
#23435
1"
b0110 &
#23436
0"
#23437
1"
b0111 &
#23438
0"
#23439
1"
b1000 &
#23440
0"
#23441
1"
b1001 &
#23442
0"
#23443
1"
b1010 &
#23444
0"
#23445
1"
b1011 &
#23446
0"
#23447
1"
b1100 &
#23448
0"
#23449
1"
b1101 &
#23450
0"
#23451
1"
b1110 &
#23452
0"
#23453
1"
b1111 &
#23454
0"
#23455
1"
b0000 &
#23456
0"
#23457
1"
b0001 &
#23458
0"
#23459
1"
b0010 &
#23460
0"
#23461
1"
b0011 &
#23462
0"
#23463
1"
b0100 &
#23464
0"
#23465
1"
b0101 &
#23466
0"
#23467
1"
b0110 &
#23468
0"
#23469
1"
b0111 &
#23470
0"
#23471
1"
b1000 &
#23472
0"
#23473
1"
b1001 &
#23474
0"
#23475
1"
b1010 &
#23476
0"
#23477
1"
b1011 &
#23478
0"
#23479
1"
b1100 &
#23480
0"
#23481
1"
b1101 &
#23482
0"
#23483
1"
b1110 &
#23484
0"
#23485
1"
b1111 &
#23486
0"
#23487
1"
b0000 &
#23488
0"
#23489
1"
b0001 &
#23490
0"
#23491
1"
b0010 &
#23492
0"
#23493
1"
b0011 &
#23494
0"
#23495
1"
b0100 &
#23496
0"
#23497
1"
b0101 &
#23498
0"
#23499
1"
b0110 &
#23500
0"
#23501
1"
b0111 &
#23502
0"
#23503
1"
b1000 &
#23504
0"
#23505
1"
b1001 &
#23506
0"
#23507
1"
b1010 &
#23508
0"
#23509
1"
b1011 &
#23510
0"
#23511
1"
b1100 &
#23512
0"
#23513
1"
b1101 &
#23514
0"
#23515
1"
b1110 &
#23516
0"
#23517
1"
b1111 &
#23518
0"
#23519
1"
b0000 &
#23520
0"
#23521
1"
b0001 &
#23522
0"
#23523
1"
b0010 &
#23524
0"
#23525
1"
b0011 &
#23526
0"
#23527
1"
b0100 &
#23528
0"
#23529
1"
b0101 &
#23530
0"
#23531
1"
b0110 &
#23532
0"
#23533
1"
b0111 &
#23534
0"
#23535
1"
b1000 &
#23536
0"
#23537
1"
b1001 &
#23538
0"
#23539
1"
b1010 &
#23540
0"
#23541
1"
b1011 &
#23542
0"
#23543
1"
b1100 &
#23544
0"
#23545
1"
b1101 &
#23546
0"
#23547
1"
b1110 &
#23548
0"
#23549
1"
b1111 &
#23550
0"
#23551
1"
b0000 &
#23552
0"
#23553
1"
b0001 &
#23554
0"
#23555
1"
b0010 &
#23556
0"
#23557
1"
b0011 &
#23558
0"
#23559
1"
b0100 &
#23560
0"
#23561
1"
b0101 &
#23562
0"
#23563
1"
b0110 &
#23564
0"
#23565
1"
b0111 &
#23566
0"
#23567
1"
b1000 &
#23568
0"
#23569
1"
b1001 &
#23570
0"
#23571
1"
b1010 &
#23572
0"
#23573
1"
b1011 &
#23574
0"
#23575
1"
b1100 &
#23576
0"
#23577
1"
b1101 &
#23578
0"
#23579
1"
b1110 &
#23580
0"
#23581
1"
b1111 &
#23582
0"
#23583
1"
b0000 &
#23584
0"
#23585
1"
b0001 &
#23586
0"
#23587
1"
b0010 &
#23588
0"
#23589
1"
b0011 &
#23590
0"
#23591
1"
b0100 &
#23592
0"
#23593
1"
b0101 &
#23594
0"
#23595
1"
b0110 &
#23596
0"
#23597
1"
b0111 &
#23598
0"
#23599
1"
b1000 &
#23600
0"
#23601
1"
b1001 &
#23602
0"
#23603
1"
b1010 &
#23604
0"
#23605
1"
b1011 &
#23606
0"
#23607
1"
b1100 &
#23608
0"
#23609
1"
b1101 &
#23610
0"
#23611
1"
b1110 &
#23612
0"
#23613
1"
b1111 &
#23614
0"
#23615
1"
b0000 &
#23616
0"
#23617
1"
b0001 &
#23618
0"
#23619
1"
b0010 &
#23620
0"
#23621
1"
b0011 &
#23622
0"
#23623
1"
b0100 &
#23624
0"
#23625
1"
b0101 &
#23626
0"
#23627
1"
b0110 &
#23628
0"
#23629
1"
b0111 &
#23630
0"
#23631
1"
b1000 &
#23632
0"
#23633
1"
b1001 &
#23634
0"
#23635
1"
b1010 &
#23636
0"
#23637
1"
b1011 &
#23638
0"
#23639
1"
b1100 &
#23640
0"
#23641
1"
b1101 &
#23642
0"
#23643
1"
b1110 &
#23644
0"
#23645
1"
b1111 &
#23646
0"
#23647
1"
b0000 &
#23648
0"
#23649
1"
b0001 &
#23650
0"
#23651
1"
b0010 &
#23652
0"
#23653
1"
b0011 &
#23654
0"
#23655
1"
b0100 &
#23656
0"
#23657
1"
b0101 &
#23658
0"
#23659
1"
b0110 &
#23660
0"
#23661
1"
b0111 &
#23662
0"
#23663
1"
b1000 &
#23664
0"
#23665
1"
b1001 &
#23666
0"
#23667
1"
b1010 &
#23668
0"
#23669
1"
b1011 &
#23670
0"
#23671
1"
b1100 &
#23672
0"
#23673
1"
b1101 &
#23674
0"
#23675
1"
b1110 &
#23676
0"
#23677
1"
b1111 &
#23678
0"
#23679
1"
b0000 &
#23680
0"
#23681
1"
b0001 &
#23682
0"
#23683
1"
b0010 &
#23684
0"
#23685
1"
b0011 &
#23686
0"
#23687
1"
b0100 &
#23688
0"
#23689
1"
b0101 &
#23690
0"
#23691
1"
b0110 &
#23692
0"
#23693
1"
b0111 &
#23694
0"
#23695
1"
b1000 &
#23696
0"
#23697
1"
b1001 &
#23698
0"
#23699
1"
b1010 &
#23700
0"
#23701
1"
b1011 &
#23702
0"
#23703
1"
b1100 &
#23704
0"
#23705
1"
b1101 &
#23706
0"
#23707
1"
b1110 &
#23708
0"
#23709
1"
b1111 &
#23710
0"
#23711
1"
b0000 &
#23712
0"
#23713
1"
b0001 &
#23714
0"
#23715
1"
b0010 &
#23716
0"
#23717
1"
b0011 &
#23718
0"
#23719
1"
b0100 &
#23720
0"
#23721
1"
b0101 &
#23722
0"
#23723
1"
b0110 &
#23724
0"
#23725
1"
b0111 &
#23726
0"
#23727
1"
b1000 &
#23728
0"
#23729
1"
b1001 &
#23730
0"
#23731
1"
b1010 &
#23732
0"
#23733
1"
b1011 &
#23734
0"
#23735
1"
b1100 &
#23736
0"
#23737
1"
b1101 &
#23738
0"
#23739
1"
b1110 &
#23740
0"
#23741
1"
b1111 &
#23742
0"
#23743
1"
b0000 &
#23744
0"
#23745
1"
b0001 &
#23746
0"
#23747
1"
b0010 &
#23748
0"
#23749
1"
b0011 &
#23750
0"
#23751
1"
b0100 &
#23752
0"
#23753
1"
b0101 &
#23754
0"
#23755
1"
b0110 &
#23756
0"
#23757
1"
b0111 &
#23758
0"
#23759
1"
b1000 &
#23760
0"
#23761
1"
b1001 &
#23762
0"
#23763
1"
b1010 &
#23764
0"
#23765
1"
b1011 &
#23766
0"
#23767
1"
b1100 &
#23768
0"
#23769
1"
b1101 &
#23770
0"
#23771
1"
b1110 &
#23772
0"
#23773
1"
b1111 &
#23774
0"
#23775
1"
b0000 &
#23776
0"
#23777
1"
b0001 &
#23778
0"
#23779
1"
b0010 &
#23780
0"
#23781
1"
b0011 &
#23782
0"
#23783
1"
b0100 &
#23784
0"
#23785
1"
b0101 &
#23786
0"
#23787
1"
b0110 &
#23788
0"
#23789
1"
b0111 &
#23790
0"
#23791
1"
b1000 &
#23792
0"
#23793
1"
b1001 &
#23794
0"
#23795
1"
b1010 &
#23796
0"
#23797
1"
b1011 &
#23798
0"
#23799
1"
b1100 &
#23800
0"
#23801
1"
b1101 &
#23802
0"
#23803
1"
b1110 &
#23804
0"
#23805
1"
b1111 &
#23806
0"
#23807
1"
b0000 &
#23808
0"
#23809
1"
b0001 &
#23810
0"
#23811
1"
b0010 &
#23812
0"
#23813
1"
b0011 &
#23814
0"
#23815
1"
b0100 &
#23816
0"
#23817
1"
b0101 &
#23818
0"
#23819
1"
b0110 &
#23820
0"
#23821
1"
b0111 &
#23822
0"
#23823
1"
b1000 &
#23824
0"
#23825
1"
b1001 &
#23826
0"
#23827
1"
b1010 &
#23828
0"
#23829
1"
b1011 &
#23830
0"
#23831
1"
b1100 &
#23832
0"
#23833
1"
b1101 &
#23834
0"
#23835
1"
b1110 &
#23836
0"
#23837
1"
b1111 &
#23838
0"
#23839
1"
b0000 &
#23840
0"
#23841
1"
b0001 &
#23842
0"
#23843
1"
b0010 &
#23844
0"
#23845
1"
b0011 &
#23846
0"
#23847
1"
b0100 &
#23848
0"
#23849
1"
b0101 &
#23850
0"
#23851
1"
b0110 &
#23852
0"
#23853
1"
b0111 &
#23854
0"
#23855
1"
b1000 &
#23856
0"
#23857
1"
b1001 &
#23858
0"
#23859
1"
b1010 &
#23860
0"
#23861
1"
b1011 &
#23862
0"
#23863
1"
b1100 &
#23864
0"
#23865
1"
b1101 &
#23866
0"
#23867
1"
b1110 &
#23868
0"
#23869
1"
b1111 &
#23870
0"
#23871
1"
b0000 &
#23872
0"
#23873
1"
b0001 &
#23874
0"
#23875
1"
b0010 &
#23876
0"
#23877
1"
b0011 &
#23878
0"
#23879
1"
b0100 &
#23880
0"
#23881
1"
b0101 &
#23882
0"
#23883
1"
b0110 &
#23884
0"
#23885
1"
b0111 &
#23886
0"
#23887
1"
b1000 &
#23888
0"
#23889
1"
b1001 &
#23890
0"
#23891
1"
b1010 &
#23892
0"
#23893
1"
b1011 &
#23894
0"
#23895
1"
b1100 &
#23896
0"
#23897
1"
b1101 &
#23898
0"
#23899
1"
b1110 &
#23900
0"
#23901
1"
b1111 &
#23902
0"
#23903
1"
b0000 &
#23904
0"
#23905
1"
b0001 &
#23906
0"
#23907
1"
b0010 &
#23908
0"
#23909
1"
b0011 &
#23910
0"
#23911
1"
b0100 &
#23912
0"
#23913
1"
b0101 &
#23914
0"
#23915
1"
b0110 &
#23916
0"
#23917
1"
b0111 &
#23918
0"
#23919
1"
b1000 &
#23920
0"
#23921
1"
b1001 &
#23922
0"
#23923
1"
b1010 &
#23924
0"
#23925
1"
b1011 &
#23926
0"
#23927
1"
b1100 &
#23928
0"
#23929
1"
b1101 &
#23930
0"
#23931
1"
b1110 &
#23932
0"
#23933
1"
b1111 &
#23934
0"
#23935
1"
b0000 &
#23936
0"
#23937
1"
b0001 &
#23938
0"
#23939
1"
b0010 &
#23940
0"
#23941
1"
b0011 &
#23942
0"
#23943
1"
b0100 &
#23944
0"
#23945
1"
b0101 &
#23946
0"
#23947
1"
b0110 &
#23948
0"
#23949
1"
b0111 &
#23950
0"
#23951
1"
b1000 &
#23952
0"
#23953
1"
b1001 &
#23954
0"
#23955
1"
b1010 &
#23956
0"
#23957
1"
b1011 &
#23958
0"
#23959
1"
b1100 &
#23960
0"
#23961
1"
b1101 &
#23962
0"
#23963
1"
b1110 &
#23964
0"
#23965
1"
b1111 &
#23966
0"
#23967
1"
b0000 &
#23968
0"
#23969
1"
b0001 &
#23970
0"
#23971
1"
b0010 &
#23972
0"
#23973
1"
b0011 &
#23974
0"
#23975
1"
b0100 &
#23976
0"
#23977
1"
b0101 &
#23978
0"
#23979
1"
b0110 &
#23980
0"
#23981
1"
b0111 &
#23982
0"
#23983
1"
b1000 &
#23984
0"
#23985
1"
b1001 &
#23986
0"
#23987
1"
b1010 &
#23988
0"
#23989
1"
b1011 &
#23990
0"
#23991
1"
b1100 &
#23992
0"
#23993
1"
b1101 &
#23994
0"
#23995
1"
b1110 &
#23996
0"
#23997
1"
b1111 &
#23998
0"
#23999
1"
b0000 &
#24000
0"
#24001
1"
b0001 &
#24002
0"
#24003
1"
b0010 &
#24004
0"
#24005
1"
b0011 &
#24006
0"
#24007
1"
b0100 &
#24008
0"
#24009
1"
b0101 &
#24010
0"
#24011
1"
b0110 &
#24012
0"
#24013
1"
b0111 &
#24014
0"
#24015
1"
b1000 &
#24016
0"
#24017
1"
b1001 &
#24018
0"
#24019
1"
b1010 &
#24020
0"
#24021
1"
b1011 &
#24022
0"
#24023
1"
b1100 &
#24024
0"
#24025
1"
b1101 &
#24026
0"
#24027
1"
b1110 &
#24028
0"
#24029
1"
b1111 &
#24030
0"
#24031
1"
b0000 &
#24032
0"
#24033
1"
b0001 &
#24034
0"
#24035
1"
b0010 &
#24036
0"
#24037
1"
b0011 &
#24038
0"
#24039
1"
b0100 &
#24040
0"
#24041
1"
b0101 &
#24042
0"
#24043
1"
b0110 &
#24044
0"
#24045
1"
b0111 &
#24046
0"
#24047
1"
b1000 &
#24048
0"
#24049
1"
b1001 &
#24050
0"
#24051
1"
b1010 &
#24052
0"
#24053
1"
b1011 &
#24054
0"
#24055
1"
b1100 &
#24056
0"
#24057
1"
b1101 &
#24058
0"
#24059
1"
b1110 &
#24060
0"
#24061
1"
b1111 &
#24062
0"
#24063
1"
b0000 &
#24064
0"
#24065
1"
b0001 &
#24066
0"
#24067
1"
b0010 &
#24068
0"
#24069
1"
b0011 &
#24070
0"
#24071
1"
b0100 &
#24072
0"
#24073
1"
b0101 &
#24074
0"
#24075
1"
b0110 &
#24076
0"
#24077
1"
b0111 &
#24078
0"
#24079
1"
b1000 &
#24080
0"
#24081
1"
b1001 &
#24082
0"
#24083
1"
b1010 &
#24084
0"
#24085
1"
b1011 &
#24086
0"
#24087
1"
b1100 &
#24088
0"
#24089
1"
b1101 &
#24090
0"
#24091
1"
b1110 &
#24092
0"
#24093
1"
b1111 &
#24094
0"
#24095
1"
b0000 &
#24096
0"
#24097
1"
b0001 &
#24098
0"
#24099
1"
b0010 &
#24100
0"
#24101
1"
b0011 &
#24102
0"
#24103
1"
b0100 &
#24104
0"
#24105
1"
b0101 &
#24106
0"
#24107
1"
b0110 &
#24108
0"
#24109
1"
b0111 &
#24110
0"
#24111
1"
b1000 &
#24112
0"
#24113
1"
b1001 &
#24114
0"
#24115
1"
b1010 &
#24116
0"
#24117
1"
b1011 &
#24118
0"
#24119
1"
b1100 &
#24120
0"
#24121
1"
b1101 &
#24122
0"
#24123
1"
b1110 &
#24124
0"
#24125
1"
b1111 &
#24126
0"
#24127
1"
b0000 &
#24128
0"
#24129
1"
b0001 &
#24130
0"
#24131
1"
b0010 &
#24132
0"
#24133
1"
b0011 &
#24134
0"
#24135
1"
b0100 &
#24136
0"
#24137
1"
b0101 &
#24138
0"
#24139
1"
b0110 &
#24140
0"
#24141
1"
b0111 &
#24142
0"
#24143
1"
b1000 &
#24144
0"
#24145
1"
b1001 &
#24146
0"
#24147
1"
b1010 &
#24148
0"
#24149
1"
b1011 &
#24150
0"
#24151
1"
b1100 &
#24152
0"
#24153
1"
b1101 &
#24154
0"
#24155
1"
b1110 &
#24156
0"
#24157
1"
b1111 &
#24158
0"
#24159
1"
b0000 &
#24160
0"
#24161
1"
b0001 &
#24162
0"
#24163
1"
b0010 &
#24164
0"
#24165
1"
b0011 &
#24166
0"
#24167
1"
b0100 &
#24168
0"
#24169
1"
b0101 &
#24170
0"
#24171
1"
b0110 &
#24172
0"
#24173
1"
b0111 &
#24174
0"
#24175
1"
b1000 &
#24176
0"
#24177
1"
b1001 &
#24178
0"
#24179
1"
b1010 &
#24180
0"
#24181
1"
b1011 &
#24182
0"
#24183
1"
b1100 &
#24184
0"
#24185
1"
b1101 &
#24186
0"
#24187
1"
b1110 &
#24188
0"
#24189
1"
b1111 &
#24190
0"
#24191
1"
b0000 &
#24192
0"
#24193
1"
b0001 &
#24194
0"
#24195
1"
b0010 &
#24196
0"
#24197
1"
b0011 &
#24198
0"
#24199
1"
b0100 &
#24200
0"
#24201
1"
b0101 &
#24202
0"
#24203
1"
b0110 &
#24204
0"
#24205
1"
b0111 &
#24206
0"
#24207
1"
b1000 &
#24208
0"
#24209
1"
b1001 &
#24210
0"
#24211
1"
b1010 &
#24212
0"
#24213
1"
b1011 &
#24214
0"
#24215
1"
b1100 &
#24216
0"
#24217
1"
b1101 &
#24218
0"
#24219
1"
b1110 &
#24220
0"
#24221
1"
b1111 &
#24222
0"
#24223
1"
b0000 &
#24224
0"
#24225
1"
b0001 &
#24226
0"
#24227
1"
b0010 &
#24228
0"
#24229
1"
b0011 &
#24230
0"
#24231
1"
b0100 &
#24232
0"
#24233
1"
b0101 &
#24234
0"
#24235
1"
b0110 &
#24236
0"
#24237
1"
b0111 &
#24238
0"
#24239
1"
b1000 &
#24240
0"
#24241
1"
b1001 &
#24242
0"
#24243
1"
b1010 &
#24244
0"
#24245
1"
b1011 &
#24246
0"
#24247
1"
b1100 &
#24248
0"
#24249
1"
b1101 &
#24250
0"
#24251
1"
b1110 &
#24252
0"
#24253
1"
b1111 &
#24254
0"
#24255
1"
b0000 &
#24256
0"
#24257
1"
b0001 &
#24258
0"
#24259
1"
b0010 &
#24260
0"
#24261
1"
b0011 &
#24262
0"
#24263
1"
b0100 &
#24264
0"
#24265
1"
b0101 &
#24266
0"
#24267
1"
b0110 &
#24268
0"
#24269
1"
b0111 &
#24270
0"
#24271
1"
b1000 &
#24272
0"
#24273
1"
b1001 &
#24274
0"
#24275
1"
b1010 &
#24276
0"
#24277
1"
b1011 &
#24278
0"
#24279
1"
b1100 &
#24280
0"
#24281
1"
b1101 &
#24282
0"
#24283
1"
b1110 &
#24284
0"
#24285
1"
b1111 &
#24286
0"
#24287
1"
b0000 &
#24288
0"
#24289
1"
b0001 &
#24290
0"
#24291
1"
b0010 &
#24292
0"
#24293
1"
b0011 &
#24294
0"
#24295
1"
b0100 &
#24296
0"
#24297
1"
b0101 &
#24298
0"
#24299
1"
b0110 &
#24300
0"
#24301
1"
b0111 &
#24302
0"
#24303
1"
b1000 &
#24304
0"
#24305
1"
b1001 &
#24306
0"
#24307
1"
b1010 &
#24308
0"
#24309
1"
b1011 &
#24310
0"
#24311
1"
b1100 &
#24312
0"
#24313
1"
b1101 &
#24314
0"
#24315
1"
b1110 &
#24316
0"
#24317
1"
b1111 &
#24318
0"
#24319
1"
b0000 &
#24320
0"
#24321
1"
b0001 &
#24322
0"
#24323
1"
b0010 &
#24324
0"
#24325
1"
b0011 &
#24326
0"
#24327
1"
b0100 &
#24328
0"
#24329
1"
b0101 &
#24330
0"
#24331
1"
b0110 &
#24332
0"
#24333
1"
b0111 &
#24334
0"
#24335
1"
b1000 &
#24336
0"
#24337
1"
b1001 &
#24338
0"
#24339
1"
b1010 &
#24340
0"
#24341
1"
b1011 &
#24342
0"
#24343
1"
b1100 &
#24344
0"
#24345
1"
b1101 &
#24346
0"
#24347
1"
b1110 &
#24348
0"
#24349
1"
b1111 &
#24350
0"
#24351
1"
b0000 &
#24352
0"
#24353
1"
b0001 &
#24354
0"
#24355
1"
b0010 &
#24356
0"
#24357
1"
b0011 &
#24358
0"
#24359
1"
b0100 &
#24360
0"
#24361
1"
b0101 &
#24362
0"
#24363
1"
b0110 &
#24364
0"
#24365
1"
b0111 &
#24366
0"
#24367
1"
b1000 &
#24368
0"
#24369
1"
b1001 &
#24370
0"
#24371
1"
b1010 &
#24372
0"
#24373
1"
b1011 &
#24374
0"
#24375
1"
b1100 &
#24376
0"
#24377
1"
b1101 &
#24378
0"
#24379
1"
b1110 &
#24380
0"
#24381
1"
b1111 &
#24382
0"
#24383
1"
b0000 &
#24384
0"
#24385
1"
b0001 &
#24386
0"
#24387
1"
b0010 &
#24388
0"
#24389
1"
b0011 &
#24390
0"
#24391
1"
b0100 &
#24392
0"
#24393
1"
b0101 &
#24394
0"
#24395
1"
b0110 &
#24396
0"
#24397
1"
b0111 &
#24398
0"
#24399
1"
b1000 &
#24400
0"
#24401
1"
b1001 &
#24402
0"
#24403
1"
b1010 &
#24404
0"
#24405
1"
b1011 &
#24406
0"
#24407
1"
b1100 &
#24408
0"
#24409
1"
b1101 &
#24410
0"
#24411
1"
b1110 &
#24412
0"
#24413
1"
b1111 &
#24414
0"
#24415
1"
b0000 &
#24416
0"
#24417
1"
b0001 &
#24418
0"
#24419
1"
b0010 &
#24420
0"
#24421
1"
b0011 &
#24422
0"
#24423
1"
b0100 &
#24424
0"
#24425
1"
b0101 &
#24426
0"
#24427
1"
b0110 &
#24428
0"
#24429
1"
b0111 &
#24430
0"
#24431
1"
b1000 &
#24432
0"
#24433
1"
b1001 &
#24434
0"
#24435
1"
b1010 &
#24436
0"
#24437
1"
b1011 &
#24438
0"
#24439
1"
b1100 &
#24440
0"
#24441
1"
b1101 &
#24442
0"
#24443
1"
b1110 &
#24444
0"
#24445
1"
b1111 &
#24446
0"
#24447
1"
b0000 &
#24448
0"
#24449
1"
b0001 &
#24450
0"
#24451
1"
b0010 &
#24452
0"
#24453
1"
b0011 &
#24454
0"
#24455
1"
b0100 &
#24456
0"
#24457
1"
b0101 &
#24458
0"
#24459
1"
b0110 &
#24460
0"
#24461
1"
b0111 &
#24462
0"
#24463
1"
b1000 &
#24464
0"
#24465
1"
b1001 &
#24466
0"
#24467
1"
b1010 &
#24468
0"
#24469
1"
b1011 &
#24470
0"
#24471
1"
b1100 &
#24472
0"
#24473
1"
b1101 &
#24474
0"
#24475
1"
b1110 &
#24476
0"
#24477
1"
b1111 &
#24478
0"
#24479
1"
b0000 &
#24480
0"
#24481
1"
b0001 &
#24482
0"
#24483
1"
b0010 &
#24484
0"
#24485
1"
b0011 &
#24486
0"
#24487
1"
b0100 &
#24488
0"
#24489
1"
b0101 &
#24490
0"
#24491
1"
b0110 &
#24492
0"
#24493
1"
b0111 &
#24494
0"
#24495
1"
b1000 &
#24496
0"
#24497
1"
b1001 &
#24498
0"
#24499
1"
b1010 &
#24500
0"
#24501
1"
b1011 &
#24502
0"
#24503
1"
b1100 &
#24504
0"
#24505
1"
b1101 &
#24506
0"
#24507
1"
b1110 &
#24508
0"
#24509
1"
b1111 &
#24510
0"
#24511
1"
b0000 &
#24512
0"
#24513
1"
b0001 &
#24514
0"
#24515
1"
b0010 &
#24516
0"
#24517
1"
b0011 &
#24518
0"
#24519
1"
b0100 &
#24520
0"
#24521
1"
b0101 &
#24522
0"
#24523
1"
b0110 &
#24524
0"
#24525
1"
b0111 &
#24526
0"
#24527
1"
b1000 &
#24528
0"
#24529
1"
b1001 &
#24530
0"
#24531
1"
b1010 &
#24532
0"
#24533
1"
b1011 &
#24534
0"
#24535
1"
b1100 &
#24536
0"
#24537
1"
b1101 &
#24538
0"
#24539
1"
b1110 &
#24540
0"
#24541
1"
b1111 &
#24542
0"
#24543
1"
b0000 &
#24544
0"
#24545
1"
b0001 &
#24546
0"
#24547
1"
b0010 &
#24548
0"
#24549
1"
b0011 &
#24550
0"
#24551
1"
b0100 &
#24552
0"
#24553
1"
b0101 &
#24554
0"
#24555
1"
b0110 &
#24556
0"
#24557
1"
b0111 &
#24558
0"
#24559
1"
b1000 &
#24560
0"
#24561
1"
b1001 &
#24562
0"
#24563
1"
b1010 &
#24564
0"
#24565
1"
b1011 &
#24566
0"
#24567
1"
b1100 &
#24568
0"
#24569
1"
b1101 &
#24570
0"
#24571
1"
b1110 &
#24572
0"
#24573
1"
b1111 &
#24574
0"
#24575
1"
b0000 &
#24576
0"
#24577
1"
b0001 &
#24578
0"
#24579
1"
b0010 &
#24580
0"
#24581
1"
b0011 &
#24582
0"
#24583
1"
b0100 &
#24584
0"
#24585
1"
b0101 &
#24586
0"
#24587
1"
b0110 &
#24588
0"
#24589
1"
b0111 &
#24590
0"
#24591
1"
b1000 &
#24592
0"
#24593
1"
b1001 &
#24594
0"
#24595
1"
b1010 &
#24596
0"
#24597
1"
b1011 &
#24598
0"
#24599
1"
b1100 &
#24600
0"
#24601
1"
b1101 &
#24602
0"
#24603
1"
b1110 &
#24604
0"
#24605
1"
b1111 &
#24606
0"
#24607
1"
b0000 &
#24608
0"
#24609
1"
b0001 &
#24610
0"
#24611
1"
b0010 &
#24612
0"
#24613
1"
b0011 &
#24614
0"
#24615
1"
b0100 &
#24616
0"
#24617
1"
b0101 &
#24618
0"
#24619
1"
b0110 &
#24620
0"
#24621
1"
b0111 &
#24622
0"
#24623
1"
b1000 &
#24624
0"
#24625
1"
b1001 &
#24626
0"
#24627
1"
b1010 &
#24628
0"
#24629
1"
b1011 &
#24630
0"
#24631
1"
b1100 &
#24632
0"
#24633
1"
b1101 &
#24634
0"
#24635
1"
b1110 &
#24636
0"
#24637
1"
b1111 &
#24638
0"
#24639
1"
b0000 &
#24640
0"
#24641
1"
b0001 &
#24642
0"
#24643
1"
b0010 &
#24644
0"
#24645
1"
b0011 &
#24646
0"
#24647
1"
b0100 &
#24648
0"
#24649
1"
b0101 &
#24650
0"
#24651
1"
b0110 &
#24652
0"
#24653
1"
b0111 &
#24654
0"
#24655
1"
b1000 &
#24656
0"
#24657
1"
b1001 &
#24658
0"
#24659
1"
b1010 &
#24660
0"
#24661
1"
b1011 &
#24662
0"
#24663
1"
b1100 &
#24664
0"
#24665
1"
b1101 &
#24666
0"
#24667
1"
b1110 &
#24668
0"
#24669
1"
b1111 &
#24670
0"
#24671
1"
b0000 &
#24672
0"
#24673
1"
b0001 &
#24674
0"
#24675
1"
b0010 &
#24676
0"
#24677
1"
b0011 &
#24678
0"
#24679
1"
b0100 &
#24680
0"
#24681
1"
b0101 &
#24682
0"
#24683
1"
b0110 &
#24684
0"
#24685
1"
b0111 &
#24686
0"
#24687
1"
b1000 &
#24688
0"
#24689
1"
b1001 &
#24690
0"
#24691
1"
b1010 &
#24692
0"
#24693
1"
b1011 &
#24694
0"
#24695
1"
b1100 &
#24696
0"
#24697
1"
b1101 &
#24698
0"
#24699
1"
b1110 &
#24700
0"
#24701
1"
b1111 &
#24702
0"
#24703
1"
b0000 &
#24704
0"
#24705
1"
b0001 &
#24706
0"
#24707
1"
b0010 &
#24708
0"
#24709
1"
b0011 &
#24710
0"
#24711
1"
b0100 &
#24712
0"
#24713
1"
b0101 &
#24714
0"
#24715
1"
b0110 &
#24716
0"
#24717
1"
b0111 &
#24718
0"
#24719
1"
b1000 &
#24720
0"
#24721
1"
b1001 &
#24722
0"
#24723
1"
b1010 &
#24724
0"
#24725
1"
b1011 &
#24726
0"
#24727
1"
b1100 &
#24728
0"
#24729
1"
b1101 &
#24730
0"
#24731
1"
b1110 &
#24732
0"
#24733
1"
b1111 &
#24734
0"
#24735
1"
b0000 &
#24736
0"
#24737
1"
b0001 &
#24738
0"
#24739
1"
b0010 &
#24740
0"
#24741
1"
b0011 &
#24742
0"
#24743
1"
b0100 &
#24744
0"
#24745
1"
b0101 &
#24746
0"
#24747
1"
b0110 &
#24748
0"
#24749
1"
b0111 &
#24750
0"
#24751
1"
b1000 &
#24752
0"
#24753
1"
b1001 &
#24754
0"
#24755
1"
b1010 &
#24756
0"
#24757
1"
b1011 &
#24758
0"
#24759
1"
b1100 &
#24760
0"
#24761
1"
b1101 &
#24762
0"
#24763
1"
b1110 &
#24764
0"
#24765
1"
b1111 &
#24766
0"
#24767
1"
b0000 &
#24768
0"
#24769
1"
b0001 &
#24770
0"
#24771
1"
b0010 &
#24772
0"
#24773
1"
b0011 &
#24774
0"
#24775
1"
b0100 &
#24776
0"
#24777
1"
b0101 &
#24778
0"
#24779
1"
b0110 &
#24780
0"
#24781
1"
b0111 &
#24782
0"
#24783
1"
b1000 &
#24784
0"
#24785
1"
b1001 &
#24786
0"
#24787
1"
b1010 &
#24788
0"
#24789
1"
b1011 &
#24790
0"
#24791
1"
b1100 &
#24792
0"
#24793
1"
b1101 &
#24794
0"
#24795
1"
b1110 &
#24796
0"
#24797
1"
b1111 &
#24798
0"
#24799
1"
b0000 &
#24800
0"
#24801
1"
b0001 &
#24802
0"
#24803
1"
b0010 &
#24804
0"
#24805
1"
b0011 &
#24806
0"
#24807
1"
b0100 &
#24808
0"
#24809
1"
b0101 &
#24810
0"
#24811
1"
b0110 &
#24812
0"
#24813
1"
b0111 &
#24814
0"
#24815
1"
b1000 &
#24816
0"
#24817
1"
b1001 &
#24818
0"
#24819
1"
b1010 &
#24820
0"
#24821
1"
b1011 &
#24822
0"
#24823
1"
b1100 &
#24824
0"
#24825
1"
b1101 &
#24826
0"
#24827
1"
b1110 &
#24828
0"
#24829
1"
b1111 &
#24830
0"
#24831
1"
b0000 &
#24832
0"
#24833
1"
b0001 &
#24834
0"
#24835
1"
b0010 &
#24836
0"
#24837
1"
b0011 &
#24838
0"
#24839
1"
b0100 &
#24840
0"
#24841
1"
b0101 &
#24842
0"
#24843
1"
b0110 &
#24844
0"
#24845
1"
b0111 &
#24846
0"
#24847
1"
b1000 &
#24848
0"
#24849
1"
b1001 &
#24850
0"
#24851
1"
b1010 &
#24852
0"
#24853
1"
b1011 &
#24854
0"
#24855
1"
b1100 &
#24856
0"
#24857
1"
b1101 &
#24858
0"
#24859
1"
b1110 &
#24860
0"
#24861
1"
b1111 &
#24862
0"
#24863
1"
b0000 &
#24864
0"
#24865
1"
b0001 &
#24866
0"
#24867
1"
b0010 &
#24868
0"
#24869
1"
b0011 &
#24870
0"
#24871
1"
b0100 &
#24872
0"
#24873
1"
b0101 &
#24874
0"
#24875
1"
b0110 &
#24876
0"
#24877
1"
b0111 &
#24878
0"
#24879
1"
b1000 &
#24880
0"
#24881
1"
b1001 &
#24882
0"
#24883
1"
b1010 &
#24884
0"
#24885
1"
b1011 &
#24886
0"
#24887
1"
b1100 &
#24888
0"
#24889
1"
b1101 &
#24890
0"
#24891
1"
b1110 &
#24892
0"
#24893
1"
b1111 &
#24894
0"
#24895
1"
b0000 &
#24896
0"
#24897
1"
b0001 &
#24898
0"
#24899
1"
b0010 &
#24900
0"
#24901
1"
b0011 &
#24902
0"
#24903
1"
b0100 &
#24904
0"
#24905
1"
b0101 &
#24906
0"
#24907
1"
b0110 &
#24908
0"
#24909
1"
b0111 &
#24910
0"
#24911
1"
b1000 &
#24912
0"
#24913
1"
b1001 &
#24914
0"
#24915
1"
b1010 &
#24916
0"
#24917
1"
b1011 &
#24918
0"
#24919
1"
b1100 &
#24920
0"
#24921
1"
b1101 &
#24922
0"
#24923
1"
b1110 &
#24924
0"
#24925
1"
b1111 &
#24926
0"
#24927
1"
b0000 &
#24928
0"
#24929
1"
b0001 &
#24930
0"
#24931
1"
b0010 &
#24932
0"
#24933
1"
b0011 &
#24934
0"
#24935
1"
b0100 &
#24936
0"
#24937
1"
b0101 &
#24938
0"
#24939
1"
b0110 &
#24940
0"
#24941
1"
b0111 &
#24942
0"
#24943
1"
b1000 &
#24944
0"
#24945
1"
b1001 &
#24946
0"
#24947
1"
b1010 &
#24948
0"
#24949
1"
b1011 &
#24950
0"
#24951
1"
b1100 &
#24952
0"
#24953
1"
b1101 &
#24954
0"
#24955
1"
b1110 &
#24956
0"
#24957
1"
b1111 &
#24958
0"
#24959
1"
b0000 &
#24960
0"
#24961
1"
b0001 &
#24962
0"
#24963
1"
b0010 &
#24964
0"
#24965
1"
b0011 &
#24966
0"
#24967
1"
b0100 &
#24968
0"
#24969
1"
b0101 &
#24970
0"
#24971
1"
b0110 &
#24972
0"
#24973
1"
b0111 &
#24974
0"
#24975
1"
b1000 &
#24976
0"
#24977
1"
b1001 &
#24978
0"
#24979
1"
b1010 &
#24980
0"
#24981
1"
b1011 &
#24982
0"
#24983
1"
b1100 &
#24984
0"
#24985
1"
b1101 &
#24986
0"
#24987
1"
b1110 &
#24988
0"
#24989
1"
b1111 &
#24990
0"
#24991
1"
b0000 &
#24992
0"
#24993
1"
b0001 &
#24994
0"
#24995
1"
b0010 &
#24996
0"
#24997
1"
b0011 &
#24998
0"
#24999
1"
b0100 &
#25000
0"
#25001
1"
b0101 &
#25002
0"
#25003
1"
b0110 &
#25004
0"
#25005
1"
b0111 &
#25006
0"
#25007
1"
b1000 &
#25008
0"
#25009
1"
b1001 &
#25010
0"
#25011
1"
b1010 &
#25012
0"
#25013
1"
b1011 &
#25014
0"
#25015
1"
b1100 &
#25016
0"
#25017
1"
b1101 &
#25018
0"
#25019
1"
b1110 &
#25020
0"
#25021
1"
b1111 &
#25022
0"
#25023
1"
b0000 &
#25024
0"
#25025
1"
b0001 &
#25026
0"
#25027
1"
b0010 &
#25028
0"
#25029
1"
b0011 &
#25030
0"
#25031
1"
b0100 &
#25032
0"
#25033
1"
b0101 &
#25034
0"
#25035
1"
b0110 &
#25036
0"
#25037
1"
b0111 &
#25038
0"
#25039
1"
b1000 &
#25040
0"
#25041
1"
b1001 &
#25042
0"
#25043
1"
b1010 &
#25044
0"
#25045
1"
b1011 &
#25046
0"
#25047
1"
b1100 &
#25048
0"
#25049
1"
b1101 &
#25050
0"
#25051
1"
b1110 &
#25052
0"
#25053
1"
b1111 &
#25054
0"
#25055
1"
b0000 &
#25056
0"
#25057
1"
b0001 &
#25058
0"
#25059
1"
b0010 &
#25060
0"
#25061
1"
b0011 &
#25062
0"
#25063
1"
b0100 &
#25064
0"
#25065
1"
b0101 &
#25066
0"
#25067
1"
b0110 &
#25068
0"
#25069
1"
b0111 &
#25070
0"
#25071
1"
b1000 &
#25072
0"
#25073
1"
b1001 &
#25074
0"
#25075
1"
b1010 &
#25076
0"
#25077
1"
b1011 &
#25078
0"
#25079
1"
b1100 &
#25080
0"
#25081
1"
b1101 &
#25082
0"
#25083
1"
b1110 &
#25084
0"
#25085
1"
b1111 &
#25086
0"
#25087
1"
b0000 &
#25088
0"
#25089
1"
b0001 &
#25090
0"
#25091
1"
b0010 &
#25092
0"
#25093
1"
b0011 &
#25094
0"
#25095
1"
b0100 &
#25096
0"
#25097
1"
b0101 &
#25098
0"
#25099
1"
b0110 &
#25100
0"
#25101
1"
b0111 &
#25102
0"
#25103
1"
b1000 &
#25104
0"
#25105
1"
b1001 &
#25106
0"
#25107
1"
b1010 &
#25108
0"
#25109
1"
b1011 &
#25110
0"
#25111
1"
b1100 &
#25112
0"
#25113
1"
b1101 &
#25114
0"
#25115
1"
b1110 &
#25116
0"
#25117
1"
b1111 &
#25118
0"
#25119
1"
b0000 &
#25120
0"
#25121
1"
b0001 &
#25122
0"
#25123
1"
b0010 &
#25124
0"
#25125
1"
b0011 &
#25126
0"
#25127
1"
b0100 &
#25128
0"
#25129
1"
b0101 &
#25130
0"
#25131
1"
b0110 &
#25132
0"
#25133
1"
b0111 &
#25134
0"
#25135
1"
b1000 &
#25136
0"
#25137
1"
b1001 &
#25138
0"
#25139
1"
b1010 &
#25140
0"
#25141
1"
b1011 &
#25142
0"
#25143
1"
b1100 &
#25144
0"
#25145
1"
b1101 &
#25146
0"
#25147
1"
b1110 &
#25148
0"
#25149
1"
b1111 &
#25150
0"
#25151
1"
b0000 &
#25152
0"
#25153
1"
b0001 &
#25154
0"
#25155
1"
b0010 &
#25156
0"
#25157
1"
b0011 &
#25158
0"
#25159
1"
b0100 &
#25160
0"
#25161
1"
b0101 &
#25162
0"
#25163
1"
b0110 &
#25164
0"
#25165
1"
b0111 &
#25166
0"
#25167
1"
b1000 &
#25168
0"
#25169
1"
b1001 &
#25170
0"
#25171
1"
b1010 &
#25172
0"
#25173
1"
b1011 &
#25174
0"
#25175
1"
b1100 &
#25176
0"
#25177
1"
b1101 &
#25178
0"
#25179
1"
b1110 &
#25180
0"
#25181
1"
b1111 &
#25182
0"
#25183
1"
b0000 &
#25184
0"
#25185
1"
b0001 &
#25186
0"
#25187
1"
b0010 &
#25188
0"
#25189
1"
b0011 &
#25190
0"
#25191
1"
b0100 &
#25192
0"
#25193
1"
b0101 &
#25194
0"
#25195
1"
b0110 &
#25196
0"
#25197
1"
b0111 &
#25198
0"
#25199
1"
b1000 &
#25200
0"
#25201
1"
b1001 &
#25202
0"
#25203
1"
b1010 &
#25204
0"
#25205
1"
b1011 &
#25206
0"
#25207
1"
b1100 &
#25208
0"
#25209
1"
b1101 &
#25210
0"
#25211
1"
b1110 &
#25212
0"
#25213
1"
b1111 &
#25214
0"
#25215
1"
b0000 &
#25216
0"
#25217
1"
b0001 &
#25218
0"
#25219
1"
b0010 &
#25220
0"
#25221
1"
b0011 &
#25222
0"
#25223
1"
b0100 &
#25224
0"
#25225
1"
b0101 &
#25226
0"
#25227
1"
b0110 &
#25228
0"
#25229
1"
b0111 &
#25230
0"
#25231
1"
b1000 &
#25232
0"
#25233
1"
b1001 &
#25234
0"
#25235
1"
b1010 &
#25236
0"
#25237
1"
b1011 &
#25238
0"
#25239
1"
b1100 &
#25240
0"
#25241
1"
b1101 &
#25242
0"
#25243
1"
b1110 &
#25244
0"
#25245
1"
b1111 &
#25246
0"
#25247
1"
b0000 &
#25248
0"
#25249
1"
b0001 &
#25250
0"
#25251
1"
b0010 &
#25252
0"
#25253
1"
b0011 &
#25254
0"
#25255
1"
b0100 &
#25256
0"
#25257
1"
b0101 &
#25258
0"
#25259
1"
b0110 &
#25260
0"
#25261
1"
b0111 &
#25262
0"
#25263
1"
b1000 &
#25264
0"
#25265
1"
b1001 &
#25266
0"
#25267
1"
b1010 &
#25268
0"
#25269
1"
b1011 &
#25270
0"
#25271
1"
b1100 &
#25272
0"
#25273
1"
b1101 &
#25274
0"
#25275
1"
b1110 &
#25276
0"
#25277
1"
b1111 &
#25278
0"
#25279
1"
b0000 &
#25280
0"
#25281
1"
b0001 &
#25282
0"
#25283
1"
b0010 &
#25284
0"
#25285
1"
b0011 &
#25286
0"
#25287
1"
b0100 &
#25288
0"
#25289
1"
b0101 &
#25290
0"
#25291
1"
b0110 &
#25292
0"
#25293
1"
b0111 &
#25294
0"
#25295
1"
b1000 &
#25296
0"
#25297
1"
b1001 &
#25298
0"
#25299
1"
b1010 &
#25300
0"
#25301
1"
b1011 &
#25302
0"
#25303
1"
b1100 &
#25304
0"
#25305
1"
b1101 &
#25306
0"
#25307
1"
b1110 &
#25308
0"
#25309
1"
b1111 &
#25310
0"
#25311
1"
b0000 &
#25312
0"
#25313
1"
b0001 &
#25314
0"
#25315
1"
b0010 &
#25316
0"
#25317
1"
b0011 &
#25318
0"
#25319
1"
b0100 &
#25320
0"
#25321
1"
b0101 &
#25322
0"
#25323
1"
b0110 &
#25324
0"
#25325
1"
b0111 &
#25326
0"
#25327
1"
b1000 &
#25328
0"
#25329
1"
b1001 &
#25330
0"
#25331
1"
b1010 &
#25332
0"
#25333
1"
b1011 &
#25334
0"
#25335
1"
b1100 &
#25336
0"
#25337
1"
b1101 &
#25338
0"
#25339
1"
b1110 &
#25340
0"
#25341
1"
b1111 &
#25342
0"
#25343
1"
b0000 &
#25344
0"
#25345
1"
b0001 &
#25346
0"
#25347
1"
b0010 &
#25348
0"
#25349
1"
b0011 &
#25350
0"
#25351
1"
b0100 &
#25352
0"
#25353
1"
b0101 &
#25354
0"
#25355
1"
b0110 &
#25356
0"
#25357
1"
b0111 &
#25358
0"
#25359
1"
b1000 &
#25360
0"
#25361
1"
b1001 &
#25362
0"
#25363
1"
b1010 &
#25364
0"
#25365
1"
b1011 &
#25366
0"
#25367
1"
b1100 &
#25368
0"
#25369
1"
b1101 &
#25370
0"
#25371
1"
b1110 &
#25372
0"
#25373
1"
b1111 &
#25374
0"
#25375
1"
b0000 &
#25376
0"
#25377
1"
b0001 &
#25378
0"
#25379
1"
b0010 &
#25380
0"
#25381
1"
b0011 &
#25382
0"
#25383
1"
b0100 &
#25384
0"
#25385
1"
b0101 &
#25386
0"
#25387
1"
b0110 &
#25388
0"
#25389
1"
b0111 &
#25390
0"
#25391
1"
b1000 &
#25392
0"
#25393
1"
b1001 &
#25394
0"
#25395
1"
b1010 &
#25396
0"
#25397
1"
b1011 &
#25398
0"
#25399
1"
b1100 &
#25400
0"
#25401
1"
b1101 &
#25402
0"
#25403
1"
b1110 &
#25404
0"
#25405
1"
b1111 &
#25406
0"
#25407
1"
b0000 &
#25408
0"
#25409
1"
b0001 &
#25410
0"
#25411
1"
b0010 &
#25412
0"
#25413
1"
b0011 &
#25414
0"
#25415
1"
b0100 &
#25416
0"
#25417
1"
b0101 &
#25418
0"
#25419
1"
b0110 &
#25420
0"
#25421
1"
b0111 &
#25422
0"
#25423
1"
b1000 &
#25424
0"
#25425
1"
b1001 &
#25426
0"
#25427
1"
b1010 &
#25428
0"
#25429
1"
b1011 &
#25430
0"
#25431
1"
b1100 &
#25432
0"
#25433
1"
b1101 &
#25434
0"
#25435
1"
b1110 &
#25436
0"
#25437
1"
b1111 &
#25438
0"
#25439
1"
b0000 &
#25440
0"
#25441
1"
b0001 &
#25442
0"
#25443
1"
b0010 &
#25444
0"
#25445
1"
b0011 &
#25446
0"
#25447
1"
b0100 &
#25448
0"
#25449
1"
b0101 &
#25450
0"
#25451
1"
b0110 &
#25452
0"
#25453
1"
b0111 &
#25454
0"
#25455
1"
b1000 &
#25456
0"
#25457
1"
b1001 &
#25458
0"
#25459
1"
b1010 &
#25460
0"
#25461
1"
b1011 &
#25462
0"
#25463
1"
b1100 &
#25464
0"
#25465
1"
b1101 &
#25466
0"
#25467
1"
b1110 &
#25468
0"
#25469
1"
b1111 &
#25470
0"
#25471
1"
b0000 &
#25472
0"
#25473
1"
b0001 &
#25474
0"
#25475
1"
b0010 &
#25476
0"
#25477
1"
b0011 &
#25478
0"
#25479
1"
b0100 &
#25480
0"
#25481
1"
b0101 &
#25482
0"
#25483
1"
b0110 &
#25484
0"
#25485
1"
b0111 &
#25486
0"
#25487
1"
b1000 &
#25488
0"
#25489
1"
b1001 &
#25490
0"
#25491
1"
b1010 &
#25492
0"
#25493
1"
b1011 &
#25494
0"
#25495
1"
b1100 &
#25496
0"
#25497
1"
b1101 &
#25498
0"
#25499
1"
b1110 &
#25500
0"
#25501
1"
b1111 &
#25502
0"
#25503
1"
b0000 &
#25504
0"
#25505
1"
b0001 &
#25506
0"
#25507
1"
b0010 &
#25508
0"
#25509
1"
b0011 &
#25510
0"
#25511
1"
b0100 &
#25512
0"
#25513
1"
b0101 &
#25514
0"
#25515
1"
b0110 &
#25516
0"
#25517
1"
b0111 &
#25518
0"
#25519
1"
b1000 &
#25520
0"
#25521
1"
b1001 &
#25522
0"
#25523
1"
b1010 &
#25524
0"
#25525
1"
b1011 &
#25526
0"
#25527
1"
b1100 &
#25528
0"
#25529
1"
b1101 &
#25530
0"
#25531
1"
b1110 &
#25532
0"
#25533
1"
b1111 &
#25534
0"
#25535
1"
b0000 &
#25536
0"
#25537
1"
b0001 &
#25538
0"
#25539
1"
b0010 &
#25540
0"
#25541
1"
b0011 &
#25542
0"
#25543
1"
b0100 &
#25544
0"
#25545
1"
b0101 &
#25546
0"
#25547
1"
b0110 &
#25548
0"
#25549
1"
b0111 &
#25550
0"
#25551
1"
b1000 &
#25552
0"
#25553
1"
b1001 &
#25554
0"
#25555
1"
b1010 &
#25556
0"
#25557
1"
b1011 &
#25558
0"
#25559
1"
b1100 &
#25560
0"
#25561
1"
b1101 &
#25562
0"
#25563
1"
b1110 &
#25564
0"
#25565
1"
b1111 &
#25566
0"
#25567
1"
b0000 &
#25568
0"
#25569
1"
b0001 &
#25570
0"
#25571
1"
b0010 &
#25572
0"
#25573
1"
b0011 &
#25574
0"
#25575
1"
b0100 &
#25576
0"
#25577
1"
b0101 &
#25578
0"
#25579
1"
b0110 &
#25580
0"
#25581
1"
b0111 &
#25582
0"
#25583
1"
b1000 &
#25584
0"
#25585
1"
b1001 &
#25586
0"
#25587
1"
b1010 &
#25588
0"
#25589
1"
b1011 &
#25590
0"
#25591
1"
b1100 &
#25592
0"
#25593
1"
b1101 &
#25594
0"
#25595
1"
b1110 &
#25596
0"
#25597
1"
b1111 &
#25598
0"
#25599
1"
b0000 &
#25600
0"
#25601
1"
b0001 &
#25602
0"
#25603
1"
b0010 &
#25604
0"
#25605
1"
b0011 &
#25606
0"
#25607
1"
b0100 &
#25608
0"
#25609
1"
b0101 &
#25610
0"
#25611
1"
b0110 &
#25612
0"
#25613
1"
b0111 &
#25614
0"
#25615
1"
b1000 &
#25616
0"
#25617
1"
b1001 &
#25618
0"
#25619
1"
b1010 &
#25620
0"
#25621
1"
b1011 &
#25622
0"
#25623
1"
b1100 &
#25624
0"
#25625
1"
b1101 &
#25626
0"
#25627
1"
b1110 &
#25628
0"
#25629
1"
b1111 &
#25630
0"
#25631
1"
b0000 &
#25632
0"
#25633
1"
b0001 &
#25634
0"
#25635
1"
b0010 &
#25636
0"
#25637
1"
b0011 &
#25638
0"
#25639
1"
b0100 &
#25640
0"
#25641
1"
b0101 &
#25642
0"
#25643
1"
b0110 &
#25644
0"
#25645
1"
b0111 &
#25646
0"
#25647
1"
b1000 &
#25648
0"
#25649
1"
b1001 &
#25650
0"
#25651
1"
b1010 &
#25652
0"
#25653
1"
b1011 &
#25654
0"
#25655
1"
b1100 &
#25656
0"
#25657
1"
b1101 &
#25658
0"
#25659
1"
b1110 &
#25660
0"
#25661
1"
b1111 &
#25662
0"
#25663
1"
b0000 &
#25664
0"
#25665
1"
b0001 &
#25666
0"
#25667
1"
b0010 &
#25668
0"
#25669
1"
b0011 &
#25670
0"
#25671
1"
b0100 &
#25672
0"
#25673
1"
b0101 &
#25674
0"
#25675
1"
b0110 &
#25676
0"
#25677
1"
b0111 &
#25678
0"
#25679
1"
b1000 &
#25680
0"
#25681
1"
b1001 &
#25682
0"
#25683
1"
b1010 &
#25684
0"
#25685
1"
b1011 &
#25686
0"
#25687
1"
b1100 &
#25688
0"
#25689
1"
b1101 &
#25690
0"
#25691
1"
b1110 &
#25692
0"
#25693
1"
b1111 &
#25694
0"
#25695
1"
b0000 &
#25696
0"
#25697
1"
b0001 &
#25698
0"
#25699
1"
b0010 &
#25700
0"
#25701
1"
b0011 &
#25702
0"
#25703
1"
b0100 &
#25704
0"
#25705
1"
b0101 &
#25706
0"
#25707
1"
b0110 &
#25708
0"
#25709
1"
b0111 &
#25710
0"
#25711
1"
b1000 &
#25712
0"
#25713
1"
b1001 &
#25714
0"
#25715
1"
b1010 &
#25716
0"
#25717
1"
b1011 &
#25718
0"
#25719
1"
b1100 &
#25720
0"
#25721
1"
b1101 &
#25722
0"
#25723
1"
b1110 &
#25724
0"
#25725
1"
b1111 &
#25726
0"
#25727
1"
b0000 &
#25728
0"
#25729
1"
b0001 &
#25730
0"
#25731
1"
b0010 &
#25732
0"
#25733
1"
b0011 &
#25734
0"
#25735
1"
b0100 &
#25736
0"
#25737
1"
b0101 &
#25738
0"
#25739
1"
b0110 &
#25740
0"
#25741
1"
b0111 &
#25742
0"
#25743
1"
b1000 &
#25744
0"
#25745
1"
b1001 &
#25746
0"
#25747
1"
b1010 &
#25748
0"
#25749
1"
b1011 &
#25750
0"
#25751
1"
b1100 &
#25752
0"
#25753
1"
b1101 &
#25754
0"
#25755
1"
b1110 &
#25756
0"
#25757
1"
b1111 &
#25758
0"
#25759
1"
b0000 &
#25760
0"
#25761
1"
b0001 &
#25762
0"
#25763
1"
b0010 &
#25764
0"
#25765
1"
b0011 &
#25766
0"
#25767
1"
b0100 &
#25768
0"
#25769
1"
b0101 &
#25770
0"
#25771
1"
b0110 &
#25772
0"
#25773
1"
b0111 &
#25774
0"
#25775
1"
b1000 &
#25776
0"
#25777
1"
b1001 &
#25778
0"
#25779
1"
b1010 &
#25780
0"
#25781
1"
b1011 &
#25782
0"
#25783
1"
b1100 &
#25784
0"
#25785
1"
b1101 &
#25786
0"
#25787
1"
b1110 &
#25788
0"
#25789
1"
b1111 &
#25790
0"
#25791
1"
b0000 &
#25792
0"
#25793
1"
b0001 &
#25794
0"
#25795
1"
b0010 &
#25796
0"
#25797
1"
b0011 &
#25798
0"
#25799
1"
b0100 &
#25800
0"
#25801
1"
b0101 &
#25802
0"
#25803
1"
b0110 &
#25804
0"
#25805
1"
b0111 &
#25806
0"
#25807
1"
b1000 &
#25808
0"
#25809
1"
b1001 &
#25810
0"
#25811
1"
b1010 &
#25812
0"
#25813
1"
b1011 &
#25814
0"
#25815
1"
b1100 &
#25816
0"
#25817
1"
b1101 &
#25818
0"
#25819
1"
b1110 &
#25820
0"
#25821
1"
b1111 &
#25822
0"
#25823
1"
b0000 &
#25824
0"
#25825
1"
b0001 &
#25826
0"
#25827
1"
b0010 &
#25828
0"
#25829
1"
b0011 &
#25830
0"
#25831
1"
b0100 &
#25832
0"
#25833
1"
b0101 &
#25834
0"
#25835
1"
b0110 &
#25836
0"
#25837
1"
b0111 &
#25838
0"
#25839
1"
b1000 &
#25840
0"
#25841
1"
b1001 &
#25842
0"
#25843
1"
b1010 &
#25844
0"
#25845
1"
b1011 &
#25846
0"
#25847
1"
b1100 &
#25848
0"
#25849
1"
b1101 &
#25850
0"
#25851
1"
b1110 &
#25852
0"
#25853
1"
b1111 &
#25854
0"
#25855
1"
b0000 &
#25856
0"
#25857
1"
b0001 &
#25858
0"
#25859
1"
b0010 &
#25860
0"
#25861
1"
b0011 &
#25862
0"
#25863
1"
b0100 &
#25864
0"
#25865
1"
b0101 &
#25866
0"
#25867
1"
b0110 &
#25868
0"
#25869
1"
b0111 &
#25870
0"
#25871
1"
b1000 &
#25872
0"
#25873
1"
b1001 &
#25874
0"
#25875
1"
b1010 &
#25876
0"
#25877
1"
b1011 &
#25878
0"
#25879
1"
b1100 &
#25880
0"
#25881
1"
b1101 &
#25882
0"
#25883
1"
b1110 &
#25884
0"
#25885
1"
b1111 &
#25886
0"
#25887
1"
b0000 &
#25888
0"
#25889
1"
b0001 &
#25890
0"
#25891
1"
b0010 &
#25892
0"
#25893
1"
b0011 &
#25894
0"
#25895
1"
b0100 &
#25896
0"
#25897
1"
b0101 &
#25898
0"
#25899
1"
b0110 &
#25900
0"
#25901
1"
b0111 &
#25902
0"
#25903
1"
b1000 &
#25904
0"
#25905
1"
b1001 &
#25906
0"
#25907
1"
b1010 &
#25908
0"
#25909
1"
b1011 &
#25910
0"
#25911
1"
b1100 &
#25912
0"
#25913
1"
b1101 &
#25914
0"
#25915
1"
b1110 &
#25916
0"
#25917
1"
b1111 &
#25918
0"
#25919
1"
b0000 &
#25920
0"
#25921
1"
b0001 &
#25922
0"
#25923
1"
b0010 &
#25924
0"
#25925
1"
b0011 &
#25926
0"
#25927
1"
b0100 &
#25928
0"
#25929
1"
b0101 &
#25930
0"
#25931
1"
b0110 &
#25932
0"
#25933
1"
b0111 &
#25934
0"
#25935
1"
b1000 &
#25936
0"
#25937
1"
b1001 &
#25938
0"
#25939
1"
b1010 &
#25940
0"
#25941
1"
b1011 &
#25942
0"
#25943
1"
b1100 &
#25944
0"
#25945
1"
b1101 &
#25946
0"
#25947
1"
b1110 &
#25948
0"
#25949
1"
b1111 &
#25950
0"
#25951
1"
b0000 &
#25952
0"
#25953
1"
b0001 &
#25954
0"
#25955
1"
b0010 &
#25956
0"
#25957
1"
b0011 &
#25958
0"
#25959
1"
b0100 &
#25960
0"
#25961
1"
b0101 &
#25962
0"
#25963
1"
b0110 &
#25964
0"
#25965
1"
b0111 &
#25966
0"
#25967
1"
b1000 &
#25968
0"
#25969
1"
b1001 &
#25970
0"
#25971
1"
b1010 &
#25972
0"
#25973
1"
b1011 &
#25974
0"
#25975
1"
b1100 &
#25976
0"
#25977
1"
b1101 &
#25978
0"
#25979
1"
b1110 &
#25980
0"
#25981
1"
b1111 &
#25982
0"
#25983
1"
b0000 &
#25984
0"
#25985
1"
b0001 &
#25986
0"
#25987
1"
b0010 &
#25988
0"
#25989
1"
b0011 &
#25990
0"
#25991
1"
b0100 &
#25992
0"
#25993
1"
b0101 &
#25994
0"
#25995
1"
b0110 &
#25996
0"
#25997
1"
b0111 &
#25998
0"
#25999
1"
b1000 &
#26000
0"
#26001
1"
b1001 &
#26002
0"
#26003
1"
b1010 &
#26004
0"
#26005
1"
b1011 &
#26006
0"
#26007
1"
b1100 &
#26008
0"
#26009
1"
b1101 &
#26010
0"
#26011
1"
b1110 &
#26012
0"
#26013
1"
b1111 &
#26014
0"
#26015
1"
b0000 &
#26016
0"
#26017
1"
b0001 &
#26018
0"
#26019
1"
b0010 &
#26020
0"
#26021
1"
b0011 &
#26022
0"
#26023
1"
b0100 &
#26024
0"
#26025
1"
b0101 &
#26026
0"
#26027
1"
b0110 &
#26028
0"
#26029
1"
b0111 &
#26030
0"
#26031
1"
b1000 &
#26032
0"
#26033
1"
b1001 &
#26034
0"
#26035
1"
b1010 &
#26036
0"
#26037
1"
b1011 &
#26038
0"
#26039
1"
b1100 &
#26040
0"
#26041
1"
b1101 &
#26042
0"
#26043
1"
b1110 &
#26044
0"
#26045
1"
b1111 &
#26046
0"
#26047
1"
b0000 &
#26048
0"
#26049
1"
b0001 &
#26050
0"
#26051
1"
b0010 &
#26052
0"
#26053
1"
b0011 &
#26054
0"
#26055
1"
b0100 &
#26056
0"
#26057
1"
b0101 &
#26058
0"
#26059
1"
b0110 &
#26060
0"
#26061
1"
b0111 &
#26062
0"
#26063
1"
b1000 &
#26064
0"
#26065
1"
b1001 &
#26066
0"
#26067
1"
b1010 &
#26068
0"
#26069
1"
b1011 &
#26070
0"
#26071
1"
b1100 &
#26072
0"
#26073
1"
b1101 &
#26074
0"
#26075
1"
b1110 &
#26076
0"
#26077
1"
b1111 &
#26078
0"
#26079
1"
b0000 &
#26080
0"
#26081
1"
b0001 &
#26082
0"
#26083
1"
b0010 &
#26084
0"
#26085
1"
b0011 &
#26086
0"
#26087
1"
b0100 &
#26088
0"
#26089
1"
b0101 &
#26090
0"
#26091
1"
b0110 &
#26092
0"
#26093
1"
b0111 &
#26094
0"
#26095
1"
b1000 &
#26096
0"
#26097
1"
b1001 &
#26098
0"
#26099
1"
b1010 &
#26100
0"
#26101
1"
b1011 &
#26102
0"
#26103
1"
b1100 &
#26104
0"
#26105
1"
b1101 &
#26106
0"
#26107
1"
b1110 &
#26108
0"
#26109
1"
b1111 &
#26110
0"
#26111
1"
b0000 &
#26112
0"
#26113
1"
b0001 &
#26114
0"
#26115
1"
b0010 &
#26116
0"
#26117
1"
b0011 &
#26118
0"
#26119
1"
b0100 &
#26120
0"
#26121
1"
b0101 &
#26122
0"
#26123
1"
b0110 &
#26124
0"
#26125
1"
b0111 &
#26126
0"
#26127
1"
b1000 &
#26128
0"
#26129
1"
b1001 &
#26130
0"
#26131
1"
b1010 &
#26132
0"
#26133
1"
b1011 &
#26134
0"
#26135
1"
b1100 &
#26136
0"
#26137
1"
b1101 &
#26138
0"
#26139
1"
b1110 &
#26140
0"
#26141
1"
b1111 &
#26142
0"
#26143
1"
b0000 &
#26144
0"
#26145
1"
b0001 &
#26146
0"
#26147
1"
b0010 &
#26148
0"
#26149
1"
b0011 &
#26150
0"
#26151
1"
b0100 &
#26152
0"
#26153
1"
b0101 &
#26154
0"
#26155
1"
b0110 &
#26156
0"
#26157
1"
b0111 &
#26158
0"
#26159
1"
b1000 &
#26160
0"
#26161
1"
b1001 &
#26162
0"
#26163
1"
b1010 &
#26164
0"
#26165
1"
b1011 &
#26166
0"
#26167
1"
b1100 &
#26168
0"
#26169
1"
b1101 &
#26170
0"
#26171
1"
b1110 &
#26172
0"
#26173
1"
b1111 &
#26174
0"
#26175
1"
b0000 &
#26176
0"
#26177
1"
b0001 &
#26178
0"
#26179
1"
b0010 &
#26180
0"
#26181
1"
b0011 &
#26182
0"
#26183
1"
b0100 &
#26184
0"
#26185
1"
b0101 &
#26186
0"
#26187
1"
b0110 &
#26188
0"
#26189
1"
b0111 &
#26190
0"
#26191
1"
b1000 &
#26192
0"
#26193
1"
b1001 &
#26194
0"
#26195
1"
b1010 &
#26196
0"
#26197
1"
b1011 &
#26198
0"
#26199
1"
b1100 &
#26200
0"
#26201
1"
b1101 &
#26202
0"
#26203
1"
b1110 &
#26204
0"
#26205
1"
b1111 &
#26206
0"
#26207
1"
b0000 &
#26208
0"
#26209
1"
b0001 &
#26210
0"
#26211
1"
b0010 &
#26212
0"
#26213
1"
b0011 &
#26214
0"
#26215
1"
b0100 &
#26216
0"
#26217
1"
b0101 &
#26218
0"
#26219
1"
b0110 &
#26220
0"
#26221
1"
b0111 &
#26222
0"
#26223
1"
b1000 &
#26224
0"
#26225
1"
b1001 &
#26226
0"
#26227
1"
b1010 &
#26228
0"
#26229
1"
b1011 &
#26230
0"
#26231
1"
b1100 &
#26232
0"
#26233
1"
b1101 &
#26234
0"
#26235
1"
b1110 &
#26236
0"
#26237
1"
b1111 &
#26238
0"
#26239
1"
b0000 &
#26240
0"
#26241
1"
b0001 &
#26242
0"
#26243
1"
b0010 &
#26244
0"
#26245
1"
b0011 &
#26246
0"
#26247
1"
b0100 &
#26248
0"
#26249
1"
b0101 &
#26250
0"
#26251
1"
b0110 &
#26252
0"
#26253
1"
b0111 &
#26254
0"
#26255
1"
b1000 &
#26256
0"
#26257
1"
b1001 &
#26258
0"
#26259
1"
b1010 &
#26260
0"
#26261
1"
b1011 &
#26262
0"
#26263
1"
b1100 &
#26264
0"
#26265
1"
b1101 &
#26266
0"
#26267
1"
b1110 &
#26268
0"
#26269
1"
b1111 &
#26270
0"
#26271
1"
b0000 &
#26272
0"
#26273
1"
b0001 &
#26274
0"
#26275
1"
b0010 &
#26276
0"
#26277
1"
b0011 &
#26278
0"
#26279
1"
b0100 &
#26280
0"
#26281
1"
b0101 &
#26282
0"
#26283
1"
b0110 &
#26284
0"
#26285
1"
b0111 &
#26286
0"
#26287
1"
b1000 &
#26288
0"
#26289
1"
b1001 &
#26290
0"
#26291
1"
b1010 &
#26292
0"
#26293
1"
b1011 &
#26294
0"
#26295
1"
b1100 &
#26296
0"
#26297
1"
b1101 &
#26298
0"
#26299
1"
b1110 &
#26300
0"
#26301
1"
b1111 &
#26302
0"
#26303
1"
b0000 &
#26304
0"
#26305
1"
b0001 &
#26306
0"
#26307
1"
b0010 &
#26308
0"
#26309
1"
b0011 &
#26310
0"
#26311
1"
b0100 &
#26312
0"
#26313
1"
b0101 &
#26314
0"
#26315
1"
b0110 &
#26316
0"
#26317
1"
b0111 &
#26318
0"
#26319
1"
b1000 &
#26320
0"
#26321
1"
b1001 &
#26322
0"
#26323
1"
b1010 &
#26324
0"
#26325
1"
b1011 &
#26326
0"
#26327
1"
b1100 &
#26328
0"
#26329
1"
b1101 &
#26330
0"
#26331
1"
b1110 &
#26332
0"
#26333
1"
b1111 &
#26334
0"
#26335
1"
b0000 &
#26336
0"
#26337
1"
b0001 &
#26338
0"
#26339
1"
b0010 &
#26340
0"
#26341
1"
b0011 &
#26342
0"
#26343
1"
b0100 &
#26344
0"
#26345
1"
b0101 &
#26346
0"
#26347
1"
b0110 &
#26348
0"
#26349
1"
b0111 &
#26350
0"
#26351
1"
b1000 &
#26352
0"
#26353
1"
b1001 &
#26354
0"
#26355
1"
b1010 &
#26356
0"
#26357
1"
b1011 &
#26358
0"
#26359
1"
b1100 &
#26360
0"
#26361
1"
b1101 &
#26362
0"
#26363
1"
b1110 &
#26364
0"
#26365
1"
b1111 &
#26366
0"
#26367
1"
b0000 &
#26368
0"
#26369
1"
b0001 &
#26370
0"
#26371
1"
b0010 &
#26372
0"
#26373
1"
b0011 &
#26374
0"
#26375
1"
b0100 &
#26376
0"
#26377
1"
b0101 &
#26378
0"
#26379
1"
b0110 &
#26380
0"
#26381
1"
b0111 &
#26382
0"
#26383
1"
b1000 &
#26384
0"
#26385
1"
b1001 &
#26386
0"
#26387
1"
b1010 &
#26388
0"
#26389
1"
b1011 &
#26390
0"
#26391
1"
b1100 &
#26392
0"
#26393
1"
b1101 &
#26394
0"
#26395
1"
b1110 &
#26396
0"
#26397
1"
b1111 &
#26398
0"
#26399
1"
b0000 &
#26400
0"
#26401
1"
b0001 &
#26402
0"
#26403
1"
b0010 &
#26404
0"
#26405
1"
b0011 &
#26406
0"
#26407
1"
b0100 &
#26408
0"
#26409
1"
b0101 &
#26410
0"
#26411
1"
b0110 &
#26412
0"
#26413
1"
b0111 &
#26414
0"
#26415
1"
b1000 &
#26416
0"
#26417
1"
b1001 &
#26418
0"
#26419
1"
b1010 &
#26420
0"
#26421
1"
b1011 &
#26422
0"
#26423
1"
b1100 &
#26424
0"
#26425
1"
b1101 &
#26426
0"
#26427
1"
b1110 &
#26428
0"
#26429
1"
b1111 &
#26430
0"
#26431
1"
b0000 &
#26432
0"
#26433
1"
b0001 &
#26434
0"
#26435
1"
b0010 &
#26436
0"
#26437
1"
b0011 &
#26438
0"
#26439
1"
b0100 &
#26440
0"
#26441
1"
b0101 &
#26442
0"
#26443
1"
b0110 &
#26444
0"
#26445
1"
b0111 &
#26446
0"
#26447
1"
b1000 &
#26448
0"
#26449
1"
b1001 &
#26450
0"
#26451
1"
b1010 &
#26452
0"
#26453
1"
b1011 &
#26454
0"
#26455
1"
b1100 &
#26456
0"
#26457
1"
b1101 &
#26458
0"
#26459
1"
b1110 &
#26460
0"
#26461
1"
b1111 &
#26462
0"
#26463
1"
b0000 &
#26464
0"
#26465
1"
b0001 &
#26466
0"
#26467
1"
b0010 &
#26468
0"
#26469
1"
b0011 &
#26470
0"
#26471
1"
b0100 &
#26472
0"
#26473
1"
b0101 &
#26474
0"
#26475
1"
b0110 &
#26476
0"
#26477
1"
b0111 &
#26478
0"
#26479
1"
b1000 &
#26480
0"
#26481
1"
b1001 &
#26482
0"
#26483
1"
b1010 &
#26484
0"
#26485
1"
b1011 &
#26486
0"
#26487
1"
b1100 &
#26488
0"
#26489
1"
b1101 &
#26490
0"
#26491
1"
b1110 &
#26492
0"
#26493
1"
b1111 &
#26494
0"
#26495
1"
b0000 &
#26496
0"
#26497
1"
b0001 &
#26498
0"
#26499
1"
b0010 &
#26500
0"
#26501
1"
b0011 &
#26502
0"
#26503
1"
b0100 &
#26504
0"
#26505
1"
b0101 &
#26506
0"
#26507
1"
b0110 &
#26508
0"
#26509
1"
b0111 &
#26510
0"
#26511
1"
b1000 &
#26512
0"
#26513
1"
b1001 &
#26514
0"
#26515
1"
b1010 &
#26516
0"
#26517
1"
b1011 &
#26518
0"
#26519
1"
b1100 &
#26520
0"
#26521
1"
b1101 &
#26522
0"
#26523
1"
b1110 &
#26524
0"
#26525
1"
b1111 &
#26526
0"
#26527
1"
b0000 &
#26528
0"
#26529
1"
b0001 &
#26530
0"
#26531
1"
b0010 &
#26532
0"
#26533
1"
b0011 &
#26534
0"
#26535
1"
b0100 &
#26536
0"
#26537
1"
b0101 &
#26538
0"
#26539
1"
b0110 &
#26540
0"
#26541
1"
b0111 &
#26542
0"
#26543
1"
b1000 &
#26544
0"
#26545
1"
b1001 &
#26546
0"
#26547
1"
b1010 &
#26548
0"
#26549
1"
b1011 &
#26550
0"
#26551
1"
b1100 &
#26552
0"
#26553
1"
b1101 &
#26554
0"
#26555
1"
b1110 &
#26556
0"
#26557
1"
b1111 &
#26558
0"
#26559
1"
b0000 &
#26560
0"
#26561
1"
b0001 &
#26562
0"
#26563
1"
b0010 &
#26564
0"
#26565
1"
b0011 &
#26566
0"
#26567
1"
b0100 &
#26568
0"
#26569
1"
b0101 &
#26570
0"
#26571
1"
b0110 &
#26572
0"
#26573
1"
b0111 &
#26574
0"
#26575
1"
b1000 &
#26576
0"
#26577
1"
b1001 &
#26578
0"
#26579
1"
b1010 &
#26580
0"
#26581
1"
b1011 &
#26582
0"
#26583
1"
b1100 &
#26584
0"
#26585
1"
b1101 &
#26586
0"
#26587
1"
b1110 &
#26588
0"
#26589
1"
b1111 &
#26590
0"
#26591
1"
b0000 &
#26592
0"
#26593
1"
b0001 &
#26594
0"
#26595
1"
b0010 &
#26596
0"
#26597
1"
b0011 &
#26598
0"
#26599
1"
b0100 &
#26600
0"
#26601
1"
b0101 &
#26602
0"
#26603
1"
b0110 &
#26604
0"
#26605
1"
b0111 &
#26606
0"
#26607
1"
b1000 &
#26608
0"
#26609
1"
b1001 &
#26610
0"
#26611
1"
b1010 &
#26612
0"
#26613
1"
b1011 &
#26614
0"
#26615
1"
b1100 &
#26616
0"
#26617
1"
b1101 &
#26618
0"
#26619
1"
b1110 &
#26620
0"
#26621
1"
b1111 &
#26622
0"
#26623
1"
b0000 &
#26624
0"
#26625
1"
b0001 &
#26626
0"
#26627
1"
b0010 &
#26628
0"
#26629
1"
b0011 &
#26630
0"
#26631
1"
b0100 &
#26632
0"
#26633
1"
b0101 &
#26634
0"
#26635
1"
b0110 &
#26636
0"
#26637
1"
b0111 &
#26638
0"
#26639
1"
b1000 &
#26640
0"
#26641
1"
b1001 &
#26642
0"
#26643
1"
b1010 &
#26644
0"
#26645
1"
b1011 &
#26646
0"
#26647
1"
b1100 &
#26648
0"
#26649
1"
b1101 &
#26650
0"
#26651
1"
b1110 &
#26652
0"
#26653
1"
b1111 &
#26654
0"
#26655
1"
b0000 &
#26656
0"
#26657
1"
b0001 &
#26658
0"
#26659
1"
b0010 &
#26660
0"
#26661
1"
b0011 &
#26662
0"
#26663
1"
b0100 &
#26664
0"
#26665
1"
b0101 &
#26666
0"
#26667
1"
b0110 &
#26668
0"
#26669
1"
b0111 &
#26670
0"
#26671
1"
b1000 &
#26672
0"
#26673
1"
b1001 &
#26674
0"
#26675
1"
b1010 &
#26676
0"
#26677
1"
b1011 &
#26678
0"
#26679
1"
b1100 &
#26680
0"
#26681
1"
b1101 &
#26682
0"
#26683
1"
b1110 &
#26684
0"
#26685
1"
b1111 &
#26686
0"
#26687
1"
b0000 &
#26688
0"
#26689
1"
b0001 &
#26690
0"
#26691
1"
b0010 &
#26692
0"
#26693
1"
b0011 &
#26694
0"
#26695
1"
b0100 &
#26696
0"
#26697
1"
b0101 &
#26698
0"
#26699
1"
b0110 &
#26700
0"
#26701
1"
b0111 &
#26702
0"
#26703
1"
b1000 &
#26704
0"
#26705
1"
b1001 &
#26706
0"
#26707
1"
b1010 &
#26708
0"
#26709
1"
b1011 &
#26710
0"
#26711
1"
b1100 &
#26712
0"
#26713
1"
b1101 &
#26714
0"
#26715
1"
b1110 &
#26716
0"
#26717
1"
b1111 &
#26718
0"
#26719
1"
b0000 &
#26720
0"
#26721
1"
b0001 &
#26722
0"
#26723
1"
b0010 &
#26724
0"
#26725
1"
b0011 &
#26726
0"
#26727
1"
b0100 &
#26728
0"
#26729
1"
b0101 &
#26730
0"
#26731
1"
b0110 &
#26732
0"
#26733
1"
b0111 &
#26734
0"
#26735
1"
b1000 &
#26736
0"
#26737
1"
b1001 &
#26738
0"
#26739
1"
b1010 &
#26740
0"
#26741
1"
b1011 &
#26742
0"
#26743
1"
b1100 &
#26744
0"
#26745
1"
b1101 &
#26746
0"
#26747
1"
b1110 &
#26748
0"
#26749
1"
b1111 &
#26750
0"
#26751
1"
b0000 &
#26752
0"
#26753
1"
b0001 &
#26754
0"
#26755
1"
b0010 &
#26756
0"
#26757
1"
b0011 &
#26758
0"
#26759
1"
b0100 &
#26760
0"
#26761
1"
b0101 &
#26762
0"
#26763
1"
b0110 &
#26764
0"
#26765
1"
b0111 &
#26766
0"
#26767
1"
b1000 &
#26768
0"
#26769
1"
b1001 &
#26770
0"
#26771
1"
b1010 &
#26772
0"
#26773
1"
b1011 &
#26774
0"
#26775
1"
b1100 &
#26776
0"
#26777
1"
b1101 &
#26778
0"
#26779
1"
b1110 &
#26780
0"
#26781
1"
b1111 &
#26782
0"
#26783
1"
b0000 &
#26784
0"
#26785
1"
b0001 &
#26786
0"
#26787
1"
b0010 &
#26788
0"
#26789
1"
b0011 &
#26790
0"
#26791
1"
b0100 &
#26792
0"
#26793
1"
b0101 &
#26794
0"
#26795
1"
b0110 &
#26796
0"
#26797
1"
b0111 &
#26798
0"
#26799
1"
b1000 &
#26800
0"
#26801
1"
b1001 &
#26802
0"
#26803
1"
b1010 &
#26804
0"
#26805
1"
b1011 &
#26806
0"
#26807
1"
b1100 &
#26808
0"
#26809
1"
b1101 &
#26810
0"
#26811
1"
b1110 &
#26812
0"
#26813
1"
b1111 &
#26814
0"
#26815
1"
b0000 &
#26816
0"
#26817
1"
b0001 &
#26818
0"
#26819
1"
b0010 &
#26820
0"
#26821
1"
b0011 &
#26822
0"
#26823
1"
b0100 &
#26824
0"
#26825
1"
b0101 &
#26826
0"
#26827
1"
b0110 &
#26828
0"
#26829
1"
b0111 &
#26830
0"
#26831
1"
b1000 &
#26832
0"
#26833
1"
b1001 &
#26834
0"
#26835
1"
b1010 &
#26836
0"
#26837
1"
b1011 &
#26838
0"
#26839
1"
b1100 &
#26840
0"
#26841
1"
b1101 &
#26842
0"
#26843
1"
b1110 &
#26844
0"
#26845
1"
b1111 &
#26846
0"
#26847
1"
b0000 &
#26848
0"
#26849
1"
b0001 &
#26850
0"
#26851
1"
b0010 &
#26852
0"
#26853
1"
b0011 &
#26854
0"
#26855
1"
b0100 &
#26856
0"
#26857
1"
b0101 &
#26858
0"
#26859
1"
b0110 &
#26860
0"
#26861
1"
b0111 &
#26862
0"
#26863
1"
b1000 &
#26864
0"
#26865
1"
b1001 &
#26866
0"
#26867
1"
b1010 &
#26868
0"
#26869
1"
b1011 &
#26870
0"
#26871
1"
b1100 &
#26872
0"
#26873
1"
b1101 &
#26874
0"
#26875
1"
b1110 &
#26876
0"
#26877
1"
b1111 &
#26878
0"
#26879
1"
b0000 &
#26880
0"
#26881
1"
b0001 &
#26882
0"
#26883
1"
b0010 &
#26884
0"
#26885
1"
b0011 &
#26886
0"
#26887
1"
b0100 &
#26888
0"
#26889
1"
b0101 &
#26890
0"
#26891
1"
b0110 &
#26892
0"
#26893
1"
b0111 &
#26894
0"
#26895
1"
b1000 &
#26896
0"
#26897
1"
b1001 &
#26898
0"
#26899
1"
b1010 &
#26900
0"
#26901
1"
b1011 &
#26902
0"
#26903
1"
b1100 &
#26904
0"
#26905
1"
b1101 &
#26906
0"
#26907
1"
b1110 &
#26908
0"
#26909
1"
b1111 &
#26910
0"
#26911
1"
b0000 &
#26912
0"
#26913
1"
b0001 &
#26914
0"
#26915
1"
b0010 &
#26916
0"
#26917
1"
b0011 &
#26918
0"
#26919
1"
b0100 &
#26920
0"
#26921
1"
b0101 &
#26922
0"
#26923
1"
b0110 &
#26924
0"
#26925
1"
b0111 &
#26926
0"
#26927
1"
b1000 &
#26928
0"
#26929
1"
b1001 &
#26930
0"
#26931
1"
b1010 &
#26932
0"
#26933
1"
b1011 &
#26934
0"
#26935
1"
b1100 &
#26936
0"
#26937
1"
b1101 &
#26938
0"
#26939
1"
b1110 &
#26940
0"
#26941
1"
b1111 &
#26942
0"
#26943
1"
b0000 &
#26944
0"
#26945
1"
b0001 &
#26946
0"
#26947
1"
b0010 &
#26948
0"
#26949
1"
b0011 &
#26950
0"
#26951
1"
b0100 &
#26952
0"
#26953
1"
b0101 &
#26954
0"
#26955
1"
b0110 &
#26956
0"
#26957
1"
b0111 &
#26958
0"
#26959
1"
b1000 &
#26960
0"
#26961
1"
b1001 &
#26962
0"
#26963
1"
b1010 &
#26964
0"
#26965
1"
b1011 &
#26966
0"
#26967
1"
b1100 &
#26968
0"
#26969
1"
b1101 &
#26970
0"
#26971
1"
b1110 &
#26972
0"
#26973
1"
b1111 &
#26974
0"
#26975
1"
b0000 &
#26976
0"
#26977
1"
b0001 &
#26978
0"
#26979
1"
b0010 &
#26980
0"
#26981
1"
b0011 &
#26982
0"
#26983
1"
b0100 &
#26984
0"
#26985
1"
b0101 &
#26986
0"
#26987
1"
b0110 &
#26988
0"
#26989
1"
b0111 &
#26990
0"
#26991
1"
b1000 &
#26992
0"
#26993
1"
b1001 &
#26994
0"
#26995
1"
b1010 &
#26996
0"
#26997
1"
b1011 &
#26998
0"
#26999
1"
b1100 &
#27000
0"
#27001
1"
b1101 &
#27002
0"
#27003
1"
b1110 &
#27004
0"
#27005
1"
b1111 &
#27006
0"
#27007
1"
b0000 &
#27008
0"
#27009
1"
b0001 &
#27010
0"
#27011
1"
b0010 &
#27012
0"
#27013
1"
b0011 &
#27014
0"
#27015
1"
b0100 &
#27016
0"
#27017
1"
b0101 &
#27018
0"
#27019
1"
b0110 &
#27020
0"
#27021
1"
b0111 &
#27022
0"
#27023
1"
b1000 &
#27024
0"
#27025
1"
b1001 &
#27026
0"
#27027
1"
b1010 &
#27028
0"
#27029
1"
b1011 &
#27030
0"
#27031
1"
b1100 &
#27032
0"
#27033
1"
b1101 &
#27034
0"
#27035
1"
b1110 &
#27036
0"
#27037
1"
b1111 &
#27038
0"
#27039
1"
b0000 &
#27040
0"
#27041
1"
b0001 &
#27042
0"
#27043
1"
b0010 &
#27044
0"
#27045
1"
b0011 &
#27046
0"
#27047
1"
b0100 &
#27048
0"
#27049
1"
b0101 &
#27050
0"
#27051
1"
b0110 &
#27052
0"
#27053
1"
b0111 &
#27054
0"
#27055
1"
b1000 &
#27056
0"
#27057
1"
b1001 &
#27058
0"
#27059
1"
b1010 &
#27060
0"
#27061
1"
b1011 &
#27062
0"
#27063
1"
b1100 &
#27064
0"
#27065
1"
b1101 &
#27066
0"
#27067
1"
b1110 &
#27068
0"
#27069
1"
b1111 &
#27070
0"
#27071
1"
b0000 &
#27072
0"
#27073
1"
b0001 &
#27074
0"
#27075
1"
b0010 &
#27076
0"
#27077
1"
b0011 &
#27078
0"
#27079
1"
b0100 &
#27080
0"
#27081
1"
b0101 &
#27082
0"
#27083
1"
b0110 &
#27084
0"
#27085
1"
b0111 &
#27086
0"
#27087
1"
b1000 &
#27088
0"
#27089
1"
b1001 &
#27090
0"
#27091
1"
b1010 &
#27092
0"
#27093
1"
b1011 &
#27094
0"
#27095
1"
b1100 &
#27096
0"
#27097
1"
b1101 &
#27098
0"
#27099
1"
b1110 &
#27100
0"
#27101
1"
b1111 &
#27102
0"
#27103
1"
b0000 &
#27104
0"
#27105
1"
b0001 &
#27106
0"
#27107
1"
b0010 &
#27108
0"
#27109
1"
b0011 &
#27110
0"
#27111
1"
b0100 &
#27112
0"
#27113
1"
b0101 &
#27114
0"
#27115
1"
b0110 &
#27116
0"
#27117
1"
b0111 &
#27118
0"
#27119
1"
b1000 &
#27120
0"
#27121
1"
b1001 &
#27122
0"
#27123
1"
b1010 &
#27124
0"
#27125
1"
b1011 &
#27126
0"
#27127
1"
b1100 &
#27128
0"
#27129
1"
b1101 &
#27130
0"
#27131
1"
b1110 &
#27132
0"
#27133
1"
b1111 &
#27134
0"
#27135
1"
b0000 &
#27136
0"
#27137
1"
b0001 &
#27138
0"
#27139
1"
b0010 &
#27140
0"
#27141
1"
b0011 &
#27142
0"
#27143
1"
b0100 &
#27144
0"
#27145
1"
b0101 &
#27146
0"
#27147
1"
b0110 &
#27148
0"
#27149
1"
b0111 &
#27150
0"
#27151
1"
b1000 &
#27152
0"
#27153
1"
b1001 &
#27154
0"
#27155
1"
b1010 &
#27156
0"
#27157
1"
b1011 &
#27158
0"
#27159
1"
b1100 &
#27160
0"
#27161
1"
b1101 &
#27162
0"
#27163
1"
b1110 &
#27164
0"
#27165
1"
b1111 &
#27166
0"
#27167
1"
b0000 &
#27168
0"
#27169
1"
b0001 &
#27170
0"
#27171
1"
b0010 &
#27172
0"
#27173
1"
b0011 &
#27174
0"
#27175
1"
b0100 &
#27176
0"
#27177
1"
b0101 &
#27178
0"
#27179
1"
b0110 &
#27180
0"
#27181
1"
b0111 &
#27182
0"
#27183
1"
b1000 &
#27184
0"
#27185
1"
b1001 &
#27186
0"
#27187
1"
b1010 &
#27188
0"
#27189
1"
b1011 &
#27190
0"
#27191
1"
b1100 &
#27192
0"
#27193
1"
b1101 &
#27194
0"
#27195
1"
b1110 &
#27196
0"
#27197
1"
b1111 &
#27198
0"
#27199
1"
b0000 &
#27200
0"
#27201
1"
b0001 &
#27202
0"
#27203
1"
b0010 &
#27204
0"
#27205
1"
b0011 &
#27206
0"
#27207
1"
b0100 &
#27208
0"
#27209
1"
b0101 &
#27210
0"
#27211
1"
b0110 &
#27212
0"
#27213
1"
b0111 &
#27214
0"
#27215
1"
b1000 &
#27216
0"
#27217
1"
b1001 &
#27218
0"
#27219
1"
b1010 &
#27220
0"
#27221
1"
b1011 &
#27222
0"
#27223
1"
b1100 &
#27224
0"
#27225
1"
b1101 &
#27226
0"
#27227
1"
b1110 &
#27228
0"
#27229
1"
b1111 &
#27230
0"
#27231
1"
b0000 &
#27232
0"
#27233
1"
b0001 &
#27234
0"
#27235
1"
b0010 &
#27236
0"
#27237
1"
b0011 &
#27238
0"
#27239
1"
b0100 &
#27240
0"
#27241
1"
b0101 &
#27242
0"
#27243
1"
b0110 &
#27244
0"
#27245
1"
b0111 &
#27246
0"
#27247
1"
b1000 &
#27248
0"
#27249
1"
b1001 &
#27250
0"
#27251
1"
b1010 &
#27252
0"
#27253
1"
b1011 &
#27254
0"
#27255
1"
b1100 &
#27256
0"
#27257
1"
b1101 &
#27258
0"
#27259
1"
b1110 &
#27260
0"
#27261
1"
b1111 &
#27262
0"
#27263
1"
b0000 &
#27264
0"
#27265
1"
b0001 &
#27266
0"
#27267
1"
b0010 &
#27268
0"
#27269
1"
b0011 &
#27270
0"
#27271
1"
b0100 &
#27272
0"
#27273
1"
b0101 &
#27274
0"
#27275
1"
b0110 &
#27276
0"
#27277
1"
b0111 &
#27278
0"
#27279
1"
b1000 &
#27280
0"
#27281
1"
b1001 &
#27282
0"
#27283
1"
b1010 &
#27284
0"
#27285
1"
b1011 &
#27286
0"
#27287
1"
b1100 &
#27288
0"
#27289
1"
b1101 &
#27290
0"
#27291
1"
b1110 &
#27292
0"
#27293
1"
b1111 &
#27294
0"
#27295
1"
b0000 &
#27296
0"
#27297
1"
b0001 &
#27298
0"
#27299
1"
b0010 &
#27300
0"
#27301
1"
b0011 &
#27302
0"
#27303
1"
b0100 &
#27304
0"
#27305
1"
b0101 &
#27306
0"
#27307
1"
b0110 &
#27308
0"
#27309
1"
b0111 &
#27310
0"
#27311
1"
b1000 &
#27312
0"
#27313
1"
b1001 &
#27314
0"
#27315
1"
b1010 &
#27316
0"
#27317
1"
b1011 &
#27318
0"
#27319
1"
b1100 &
#27320
0"
#27321
1"
b1101 &
#27322
0"
#27323
1"
b1110 &
#27324
0"
#27325
1"
b1111 &
#27326
0"
#27327
1"
b0000 &
#27328
0"
#27329
1"
b0001 &
#27330
0"
#27331
1"
b0010 &
#27332
0"
#27333
1"
b0011 &
#27334
0"
#27335
1"
b0100 &
#27336
0"
#27337
1"
b0101 &
#27338
0"
#27339
1"
b0110 &
#27340
0"
#27341
1"
b0111 &
#27342
0"
#27343
1"
b1000 &
#27344
0"
#27345
1"
b1001 &
#27346
0"
#27347
1"
b1010 &
#27348
0"
#27349
1"
b1011 &
#27350
0"
#27351
1"
b1100 &
#27352
0"
#27353
1"
b1101 &
#27354
0"
#27355
1"
b1110 &
#27356
0"
#27357
1"
b1111 &
#27358
0"
#27359
1"
b0000 &
#27360
0"
#27361
1"
b0001 &
#27362
0"
#27363
1"
b0010 &
#27364
0"
#27365
1"
b0011 &
#27366
0"
#27367
1"
b0100 &
#27368
0"
#27369
1"
b0101 &
#27370
0"
#27371
1"
b0110 &
#27372
0"
#27373
1"
b0111 &
#27374
0"
#27375
1"
b1000 &
#27376
0"
#27377
1"
b1001 &
#27378
0"
#27379
1"
b1010 &
#27380
0"
#27381
1"
b1011 &
#27382
0"
#27383
1"
b1100 &
#27384
0"
#27385
1"
b1101 &
#27386
0"
#27387
1"
b1110 &
#27388
0"
#27389
1"
b1111 &
#27390
0"
#27391
1"
b0000 &
#27392
0"
#27393
1"
b0001 &
#27394
0"
#27395
1"
b0010 &
#27396
0"
#27397
1"
b0011 &
#27398
0"
#27399
1"
b0100 &
#27400
0"
#27401
1"
b0101 &
#27402
0"
#27403
1"
b0110 &
#27404
0"
#27405
1"
b0111 &
#27406
0"
#27407
1"
b1000 &
#27408
0"
#27409
1"
b1001 &
#27410
0"
#27411
1"
b1010 &
#27412
0"
#27413
1"
b1011 &
#27414
0"
#27415
1"
b1100 &
#27416
0"
#27417
1"
b1101 &
#27418
0"
#27419
1"
b1110 &
#27420
0"
#27421
1"
b1111 &
#27422
0"
#27423
1"
b0000 &
#27424
0"
#27425
1"
b0001 &
#27426
0"
#27427
1"
b0010 &
#27428
0"
#27429
1"
b0011 &
#27430
0"
#27431
1"
b0100 &
#27432
0"
#27433
1"
b0101 &
#27434
0"
#27435
1"
b0110 &
#27436
0"
#27437
1"
b0111 &
#27438
0"
#27439
1"
b1000 &
#27440
0"
#27441
1"
b1001 &
#27442
0"
#27443
1"
b1010 &
#27444
0"
#27445
1"
b1011 &
#27446
0"
#27447
1"
b1100 &
#27448
0"
#27449
1"
b1101 &
#27450
0"
#27451
1"
b1110 &
#27452
0"
#27453
1"
b1111 &
#27454
0"
#27455
1"
b0000 &
#27456
0"
#27457
1"
b0001 &
#27458
0"
#27459
1"
b0010 &
#27460
0"
#27461
1"
b0011 &
#27462
0"
#27463
1"
b0100 &
#27464
0"
#27465
1"
b0101 &
#27466
0"
#27467
1"
b0110 &
#27468
0"
#27469
1"
b0111 &
#27470
0"
#27471
1"
b1000 &
#27472
0"
#27473
1"
b1001 &
#27474
0"
#27475
1"
b1010 &
#27476
0"
#27477
1"
b1011 &
#27478
0"
#27479
1"
b1100 &
#27480
0"
#27481
1"
b1101 &
#27482
0"
#27483
1"
b1110 &
#27484
0"
#27485
1"
b1111 &
#27486
0"
#27487
1"
b0000 &
#27488
0"
#27489
1"
b0001 &
#27490
0"
#27491
1"
b0010 &
#27492
0"
#27493
1"
b0011 &
#27494
0"
#27495
1"
b0100 &
#27496
0"
#27497
1"
b0101 &
#27498
0"
#27499
1"
b0110 &
#27500
0"
#27501
1"
b0111 &
#27502
0"
#27503
1"
b1000 &
#27504
0"
#27505
1"
b1001 &
#27506
0"
#27507
1"
b1010 &
#27508
0"
#27509
1"
b1011 &
#27510
0"
#27511
1"
b1100 &
#27512
0"
#27513
1"
b1101 &
#27514
0"
#27515
1"
b1110 &
#27516
0"
#27517
1"
b1111 &
#27518
0"
#27519
1"
b0000 &
#27520
0"
#27521
1"
b0001 &
#27522
0"
#27523
1"
b0010 &
#27524
0"
#27525
1"
b0011 &
#27526
0"
#27527
1"
b0100 &
#27528
0"
#27529
1"
b0101 &
#27530
0"
#27531
1"
b0110 &
#27532
0"
#27533
1"
b0111 &
#27534
0"
#27535
1"
b1000 &
#27536
0"
#27537
1"
b1001 &
#27538
0"
#27539
1"
b1010 &
#27540
0"
#27541
1"
b1011 &
#27542
0"
#27543
1"
b1100 &
#27544
0"
#27545
1"
b1101 &
#27546
0"
#27547
1"
b1110 &
#27548
0"
#27549
1"
b1111 &
#27550
0"
#27551
1"
b0000 &
#27552
0"
#27553
1"
b0001 &
#27554
0"
#27555
1"
b0010 &
#27556
0"
#27557
1"
b0011 &
#27558
0"
#27559
1"
b0100 &
#27560
0"
#27561
1"
b0101 &
#27562
0"
#27563
1"
b0110 &
#27564
0"
#27565
1"
b0111 &
#27566
0"
#27567
1"
b1000 &
#27568
0"
#27569
1"
b1001 &
#27570
0"
#27571
1"
b1010 &
#27572
0"
#27573
1"
b1011 &
#27574
0"
#27575
1"
b1100 &
#27576
0"
#27577
1"
b1101 &
#27578
0"
#27579
1"
b1110 &
#27580
0"
#27581
1"
b1111 &
#27582
0"
#27583
1"
b0000 &
#27584
0"
#27585
1"
b0001 &
#27586
0"
#27587
1"
b0010 &
#27588
0"
#27589
1"
b0011 &
#27590
0"
#27591
1"
b0100 &
#27592
0"
#27593
1"
b0101 &
#27594
0"
#27595
1"
b0110 &
#27596
0"
#27597
1"
b0111 &
#27598
0"
#27599
1"
b1000 &
#27600
0"
#27601
1"
b1001 &
#27602
0"
#27603
1"
b1010 &
#27604
0"
#27605
1"
b1011 &
#27606
0"
#27607
1"
b1100 &
#27608
0"
#27609
1"
b1101 &
#27610
0"
#27611
1"
b1110 &
#27612
0"
#27613
1"
b1111 &
#27614
0"
#27615
1"
b0000 &
#27616
0"
#27617
1"
b0001 &
#27618
0"
#27619
1"
b0010 &
#27620
0"
#27621
1"
b0011 &
#27622
0"
#27623
1"
b0100 &
#27624
0"
#27625
1"
b0101 &
#27626
0"
#27627
1"
b0110 &
#27628
0"
#27629
1"
b0111 &
#27630
0"
#27631
1"
b1000 &
#27632
0"
#27633
1"
b1001 &
#27634
0"
#27635
1"
b1010 &
#27636
0"
#27637
1"
b1011 &
#27638
0"
#27639
1"
b1100 &
#27640
0"
#27641
1"
b1101 &
#27642
0"
#27643
1"
b1110 &
#27644
0"
#27645
1"
b1111 &
#27646
0"
#27647
1"
b0000 &
#27648
0"
#27649
1"
b0001 &
#27650
0"
#27651
1"
b0010 &
#27652
0"
#27653
1"
b0011 &
#27654
0"
#27655
1"
b0100 &
#27656
0"
#27657
1"
b0101 &
#27658
0"
#27659
1"
b0110 &
#27660
0"
#27661
1"
b0111 &
#27662
0"
#27663
1"
b1000 &
#27664
0"
#27665
1"
b1001 &
#27666
0"
#27667
1"
b1010 &
#27668
0"
#27669
1"
b1011 &
#27670
0"
#27671
1"
b1100 &
#27672
0"
#27673
1"
b1101 &
#27674
0"
#27675
1"
b1110 &
#27676
0"
#27677
1"
b1111 &
#27678
0"
#27679
1"
b0000 &
#27680
0"
#27681
1"
b0001 &
#27682
0"
#27683
1"
b0010 &
#27684
0"
#27685
1"
b0011 &
#27686
0"
#27687
1"
b0100 &
#27688
0"
#27689
1"
b0101 &
#27690
0"
#27691
1"
b0110 &
#27692
0"
#27693
1"
b0111 &
#27694
0"
#27695
1"
b1000 &
#27696
0"
#27697
1"
b1001 &
#27698
0"
#27699
1"
b1010 &
#27700
0"
#27701
1"
b1011 &
#27702
0"
#27703
1"
b1100 &
#27704
0"
#27705
1"
b1101 &
#27706
0"
#27707
1"
b1110 &
#27708
0"
#27709
1"
b1111 &
#27710
0"
#27711
1"
b0000 &
#27712
0"
#27713
1"
b0001 &
#27714
0"
#27715
1"
b0010 &
#27716
0"
#27717
1"
b0011 &
#27718
0"
#27719
1"
b0100 &
#27720
0"
#27721
1"
b0101 &
#27722
0"
#27723
1"
b0110 &
#27724
0"
#27725
1"
b0111 &
#27726
0"
#27727
1"
b1000 &
#27728
0"
#27729
1"
b1001 &
#27730
0"
#27731
1"
b1010 &
#27732
0"
#27733
1"
b1011 &
#27734
0"
#27735
1"
b1100 &
#27736
0"
#27737
1"
b1101 &
#27738
0"
#27739
1"
b1110 &
#27740
0"
#27741
1"
b1111 &
#27742
0"
#27743
1"
b0000 &
#27744
0"
#27745
1"
b0001 &
#27746
0"
#27747
1"
b0010 &
#27748
0"
#27749
1"
b0011 &
#27750
0"
#27751
1"
b0100 &
#27752
0"
#27753
1"
b0101 &
#27754
0"
#27755
1"
b0110 &
#27756
0"
#27757
1"
b0111 &
#27758
0"
#27759
1"
b1000 &
#27760
0"
#27761
1"
b1001 &
#27762
0"
#27763
1"
b1010 &
#27764
0"
#27765
1"
b1011 &
#27766
0"
#27767
1"
b1100 &
#27768
0"
#27769
1"
b1101 &
#27770
0"
#27771
1"
b1110 &
#27772
0"
#27773
1"
b1111 &
#27774
0"
#27775
1"
b0000 &
#27776
0"
#27777
1"
b0001 &
#27778
0"
#27779
1"
b0010 &
#27780
0"
#27781
1"
b0011 &
#27782
0"
#27783
1"
b0100 &
#27784
0"
#27785
1"
b0101 &
#27786
0"
#27787
1"
b0110 &
#27788
0"
#27789
1"
b0111 &
#27790
0"
#27791
1"
b1000 &
#27792
0"
#27793
1"
b1001 &
#27794
0"
#27795
1"
b1010 &
#27796
0"
#27797
1"
b1011 &
#27798
0"
#27799
1"
b1100 &
#27800
0"
#27801
1"
b1101 &
#27802
0"
#27803
1"
b1110 &
#27804
0"
#27805
1"
b1111 &
#27806
0"
#27807
1"
b0000 &
#27808
0"
#27809
1"
b0001 &
#27810
0"
#27811
1"
b0010 &
#27812
0"
#27813
1"
b0011 &
#27814
0"
#27815
1"
b0100 &
#27816
0"
#27817
1"
b0101 &
#27818
0"
#27819
1"
b0110 &
#27820
0"
#27821
1"
b0111 &
#27822
0"
#27823
1"
b1000 &
#27824
0"
#27825
1"
b1001 &
#27826
0"
#27827
1"
b1010 &
#27828
0"
#27829
1"
b1011 &
#27830
0"
#27831
1"
b1100 &
#27832
0"
#27833
1"
b1101 &
#27834
0"
#27835
1"
b1110 &
#27836
0"
#27837
1"
b1111 &
#27838
0"
#27839
1"
b0000 &
#27840
0"
#27841
1"
b0001 &
#27842
0"
#27843
1"
b0010 &
#27844
0"
#27845
1"
b0011 &
#27846
0"
#27847
1"
b0100 &
#27848
0"
#27849
1"
b0101 &
#27850
0"
#27851
1"
b0110 &
#27852
0"
#27853
1"
b0111 &
#27854
0"
#27855
1"
b1000 &
#27856
0"
#27857
1"
b1001 &
#27858
0"
#27859
1"
b1010 &
#27860
0"
#27861
1"
b1011 &
#27862
0"
#27863
1"
b1100 &
#27864
0"
#27865
1"
b1101 &
#27866
0"
#27867
1"
b1110 &
#27868
0"
#27869
1"
b1111 &
#27870
0"
#27871
1"
b0000 &
#27872
0"
#27873
1"
b0001 &
#27874
0"
#27875
1"
b0010 &
#27876
0"
#27877
1"
b0011 &
#27878
0"
#27879
1"
b0100 &
#27880
0"
#27881
1"
b0101 &
#27882
0"
#27883
1"
b0110 &
#27884
0"
#27885
1"
b0111 &
#27886
0"
#27887
1"
b1000 &
#27888
0"
#27889
1"
b1001 &
#27890
0"
#27891
1"
b1010 &
#27892
0"
#27893
1"
b1011 &
#27894
0"
#27895
1"
b1100 &
#27896
0"
#27897
1"
b1101 &
#27898
0"
#27899
1"
b1110 &
#27900
0"
#27901
1"
b1111 &
#27902
0"
#27903
1"
b0000 &
#27904
0"
#27905
1"
b0001 &
#27906
0"
#27907
1"
b0010 &
#27908
0"
#27909
1"
b0011 &
#27910
0"
#27911
1"
b0100 &
#27912
0"
#27913
1"
b0101 &
#27914
0"
#27915
1"
b0110 &
#27916
0"
#27917
1"
b0111 &
#27918
0"
#27919
1"
b1000 &
#27920
0"
#27921
1"
b1001 &
#27922
0"
#27923
1"
b1010 &
#27924
0"
#27925
1"
b1011 &
#27926
0"
#27927
1"
b1100 &
#27928
0"
#27929
1"
b1101 &
#27930
0"
#27931
1"
b1110 &
#27932
0"
#27933
1"
b1111 &
#27934
0"
#27935
1"
b0000 &
#27936
0"
#27937
1"
b0001 &
#27938
0"
#27939
1"
b0010 &
#27940
0"
#27941
1"
b0011 &
#27942
0"
#27943
1"
b0100 &
#27944
0"
#27945
1"
b0101 &
#27946
0"
#27947
1"
b0110 &
#27948
0"
#27949
1"
b0111 &
#27950
0"
#27951
1"
b1000 &
#27952
0"
#27953
1"
b1001 &
#27954
0"
#27955
1"
b1010 &
#27956
0"
#27957
1"
b1011 &
#27958
0"
#27959
1"
b1100 &
#27960
0"
#27961
1"
b1101 &
#27962
0"
#27963
1"
b1110 &
#27964
0"
#27965
1"
b1111 &
#27966
0"
#27967
1"
b0000 &
#27968
0"
#27969
1"
b0001 &
#27970
0"
#27971
1"
b0010 &
#27972
0"
#27973
1"
b0011 &
#27974
0"
#27975
1"
b0100 &
#27976
0"
#27977
1"
b0101 &
#27978
0"
#27979
1"
b0110 &
#27980
0"
#27981
1"
b0111 &
#27982
0"
#27983
1"
b1000 &
#27984
0"
#27985
1"
b1001 &
#27986
0"
#27987
1"
b1010 &
#27988
0"
#27989
1"
b1011 &
#27990
0"
#27991
1"
b1100 &
#27992
0"
#27993
1"
b1101 &
#27994
0"
#27995
1"
b1110 &
#27996
0"
#27997
1"
b1111 &
#27998
0"
#27999
1"
b0000 &
#28000
0"
#28001
1"
b0001 &
#28002
0"
#28003
1"
b0010 &
#28004
0"
#28005
1"
b0011 &
#28006
0"
#28007
1"
b0100 &
#28008
0"
#28009
1"
b0101 &
#28010
0"
#28011
1"
b0110 &
#28012
0"
#28013
1"
b0111 &
#28014
0"
#28015
1"
b1000 &
#28016
0"
#28017
1"
b1001 &
#28018
0"
#28019
1"
b1010 &
#28020
0"
#28021
1"
b1011 &
#28022
0"
#28023
1"
b1100 &
#28024
0"
#28025
1"
b1101 &
#28026
0"
#28027
1"
b1110 &
#28028
0"
#28029
1"
b1111 &
#28030
0"
#28031
1"
b0000 &
#28032
0"
#28033
1"
b0001 &
#28034
0"
#28035
1"
b0010 &
#28036
0"
#28037
1"
b0011 &
#28038
0"
#28039
1"
b0100 &
#28040
0"
#28041
1"
b0101 &
#28042
0"
#28043
1"
b0110 &
#28044
0"
#28045
1"
b0111 &
#28046
0"
#28047
1"
b1000 &
#28048
0"
#28049
1"
b1001 &
#28050
0"
#28051
1"
b1010 &
#28052
0"
#28053
1"
b1011 &
#28054
0"
#28055
1"
b1100 &
#28056
0"
#28057
1"
b1101 &
#28058
0"
#28059
1"
b1110 &
#28060
0"
#28061
1"
b1111 &
#28062
0"
#28063
1"
b0000 &
#28064
0"
#28065
1"
b0001 &
#28066
0"
#28067
1"
b0010 &
#28068
0"
#28069
1"
b0011 &
#28070
0"
#28071
1"
b0100 &
#28072
0"
#28073
1"
b0101 &
#28074
0"
#28075
1"
b0110 &
#28076
0"
#28077
1"
b0111 &
#28078
0"
#28079
1"
b1000 &
#28080
0"
#28081
1"
b1001 &
#28082
0"
#28083
1"
b1010 &
#28084
0"
#28085
1"
b1011 &
#28086
0"
#28087
1"
b1100 &
#28088
0"
#28089
1"
b1101 &
#28090
0"
#28091
1"
b1110 &
#28092
0"
#28093
1"
b1111 &
#28094
0"
#28095
1"
b0000 &
#28096
0"
#28097
1"
b0001 &
#28098
0"
#28099
1"
b0010 &
#28100
0"
#28101
1"
b0011 &
#28102
0"
#28103
1"
b0100 &
#28104
0"
#28105
1"
b0101 &
#28106
0"
#28107
1"
b0110 &
#28108
0"
#28109
1"
b0111 &
#28110
0"
#28111
1"
b1000 &
#28112
0"
#28113
1"
b1001 &
#28114
0"
#28115
1"
b1010 &
#28116
0"
#28117
1"
b1011 &
#28118
0"
#28119
1"
b1100 &
#28120
0"
#28121
1"
b1101 &
#28122
0"
#28123
1"
b1110 &
#28124
0"
#28125
1"
b1111 &
#28126
0"
#28127
1"
b0000 &
#28128
0"
#28129
1"
b0001 &
#28130
0"
#28131
1"
b0010 &
#28132
0"
#28133
1"
b0011 &
#28134
0"
#28135
1"
b0100 &
#28136
0"
#28137
1"
b0101 &
#28138
0"
#28139
1"
b0110 &
#28140
0"
#28141
1"
b0111 &
#28142
0"
#28143
1"
b1000 &
#28144
0"
#28145
1"
b1001 &
#28146
0"
#28147
1"
b1010 &
#28148
0"
#28149
1"
b1011 &
#28150
0"
#28151
1"
b1100 &
#28152
0"
#28153
1"
b1101 &
#28154
0"
#28155
1"
b1110 &
#28156
0"
#28157
1"
b1111 &
#28158
0"
#28159
1"
b0000 &
#28160
0"
#28161
1"
b0001 &
#28162
0"
#28163
1"
b0010 &
#28164
0"
#28165
1"
b0011 &
#28166
0"
#28167
1"
b0100 &
#28168
0"
#28169
1"
b0101 &
#28170
0"
#28171
1"
b0110 &
#28172
0"
#28173
1"
b0111 &
#28174
0"
#28175
1"
b1000 &
#28176
0"
#28177
1"
b1001 &
#28178
0"
#28179
1"
b1010 &
#28180
0"
#28181
1"
b1011 &
#28182
0"
#28183
1"
b1100 &
#28184
0"
#28185
1"
b1101 &
#28186
0"
#28187
1"
b1110 &
#28188
0"
#28189
1"
b1111 &
#28190
0"
#28191
1"
b0000 &
#28192
0"
#28193
1"
b0001 &
#28194
0"
#28195
1"
b0010 &
#28196
0"
#28197
1"
b0011 &
#28198
0"
#28199
1"
b0100 &
#28200
0"
#28201
1"
b0101 &
#28202
0"
#28203
1"
b0110 &
#28204
0"
#28205
1"
b0111 &
#28206
0"
#28207
1"
b1000 &
#28208
0"
#28209
1"
b1001 &
#28210
0"
#28211
1"
b1010 &
#28212
0"
#28213
1"
b1011 &
#28214
0"
#28215
1"
b1100 &
#28216
0"
#28217
1"
b1101 &
#28218
0"
#28219
1"
b1110 &
#28220
0"
#28221
1"
b1111 &
#28222
0"
#28223
1"
b0000 &
#28224
0"
#28225
1"
b0001 &
#28226
0"
#28227
1"
b0010 &
#28228
0"
#28229
1"
b0011 &
#28230
0"
#28231
1"
b0100 &
#28232
0"
#28233
1"
b0101 &
#28234
0"
#28235
1"
b0110 &
#28236
0"
#28237
1"
b0111 &
#28238
0"
#28239
1"
b1000 &
#28240
0"
#28241
1"
b1001 &
#28242
0"
#28243
1"
b1010 &
#28244
0"
#28245
1"
b1011 &
#28246
0"
#28247
1"
b1100 &
#28248
0"
#28249
1"
b1101 &
#28250
0"
#28251
1"
b1110 &
#28252
0"
#28253
1"
b1111 &
#28254
0"
#28255
1"
b0000 &
#28256
0"
#28257
1"
b0001 &
#28258
0"
#28259
1"
b0010 &
#28260
0"
#28261
1"
b0011 &
#28262
0"
#28263
1"
b0100 &
#28264
0"
#28265
1"
b0101 &
#28266
0"
#28267
1"
b0110 &
#28268
0"
#28269
1"
b0111 &
#28270
0"
#28271
1"
b1000 &
#28272
0"
#28273
1"
b1001 &
#28274
0"
#28275
1"
b1010 &
#28276
0"
#28277
1"
b1011 &
#28278
0"
#28279
1"
b1100 &
#28280
0"
#28281
1"
b1101 &
#28282
0"
#28283
1"
b1110 &
#28284
0"
#28285
1"
b1111 &
#28286
0"
#28287
1"
b0000 &
#28288
0"
#28289
1"
b0001 &
#28290
0"
#28291
1"
b0010 &
#28292
0"
#28293
1"
b0011 &
#28294
0"
#28295
1"
b0100 &
#28296
0"
#28297
1"
b0101 &
#28298
0"
#28299
1"
b0110 &
#28300
0"
#28301
1"
b0111 &
#28302
0"
#28303
1"
b1000 &
#28304
0"
#28305
1"
b1001 &
#28306
0"
#28307
1"
b1010 &
#28308
0"
#28309
1"
b1011 &
#28310
0"
#28311
1"
b1100 &
#28312
0"
#28313
1"
b1101 &
#28314
0"
#28315
1"
b1110 &
#28316
0"
#28317
1"
b1111 &
#28318
0"
#28319
1"
b0000 &
#28320
0"
#28321
1"
b0001 &
#28322
0"
#28323
1"
b0010 &
#28324
0"
#28325
1"
b0011 &
#28326
0"
#28327
1"
b0100 &
#28328
0"
#28329
1"
b0101 &
#28330
0"
#28331
1"
b0110 &
#28332
0"
#28333
1"
b0111 &
#28334
0"
#28335
1"
b1000 &
#28336
0"
#28337
1"
b1001 &
#28338
0"
#28339
1"
b1010 &
#28340
0"
#28341
1"
b1011 &
#28342
0"
#28343
1"
b1100 &
#28344
0"
#28345
1"
b1101 &
#28346
0"
#28347
1"
b1110 &
#28348
0"
#28349
1"
b1111 &
#28350
0"
#28351
1"
b0000 &
#28352
0"
#28353
1"
b0001 &
#28354
0"
#28355
1"
b0010 &
#28356
0"
#28357
1"
b0011 &
#28358
0"
#28359
1"
b0100 &
#28360
0"
#28361
1"
b0101 &
#28362
0"
#28363
1"
b0110 &
#28364
0"
#28365
1"
b0111 &
#28366
0"
#28367
1"
b1000 &
#28368
0"
#28369
1"
b1001 &
#28370
0"
#28371
1"
b1010 &
#28372
0"
#28373
1"
b1011 &
#28374
0"
#28375
1"
b1100 &
#28376
0"
#28377
1"
b1101 &
#28378
0"
#28379
1"
b1110 &
#28380
0"
#28381
1"
b1111 &
#28382
0"
#28383
1"
b0000 &
#28384
0"
#28385
1"
b0001 &
#28386
0"
#28387
1"
b0010 &
#28388
0"
#28389
1"
b0011 &
#28390
0"
#28391
1"
b0100 &
#28392
0"
#28393
1"
b0101 &
#28394
0"
#28395
1"
b0110 &
#28396
0"
#28397
1"
b0111 &
#28398
0"
#28399
1"
b1000 &
#28400
0"
#28401
1"
b1001 &
#28402
0"
#28403
1"
b1010 &
#28404
0"
#28405
1"
b1011 &
#28406
0"
#28407
1"
b1100 &
#28408
0"
#28409
1"
b1101 &
#28410
0"
#28411
1"
b1110 &
#28412
0"
#28413
1"
b1111 &
#28414
0"
#28415
1"
b0000 &
#28416
0"
#28417
1"
b0001 &
#28418
0"
#28419
1"
b0010 &
#28420
0"
#28421
1"
b0011 &
#28422
0"
#28423
1"
b0100 &
#28424
0"
#28425
1"
b0101 &
#28426
0"
#28427
1"
b0110 &
#28428
0"
#28429
1"
b0111 &
#28430
0"
#28431
1"
b1000 &
#28432
0"
#28433
1"
b1001 &
#28434
0"
#28435
1"
b1010 &
#28436
0"
#28437
1"
b1011 &
#28438
0"
#28439
1"
b1100 &
#28440
0"
#28441
1"
b1101 &
#28442
0"
#28443
1"
b1110 &
#28444
0"
#28445
1"
b1111 &
#28446
0"
#28447
1"
b0000 &
#28448
0"
#28449
1"
b0001 &
#28450
0"
#28451
1"
b0010 &
#28452
0"
#28453
1"
b0011 &
#28454
0"
#28455
1"
b0100 &
#28456
0"
#28457
1"
b0101 &
#28458
0"
#28459
1"
b0110 &
#28460
0"
#28461
1"
b0111 &
#28462
0"
#28463
1"
b1000 &
#28464
0"
#28465
1"
b1001 &
#28466
0"
#28467
1"
b1010 &
#28468
0"
#28469
1"
b1011 &
#28470
0"
#28471
1"
b1100 &
#28472
0"
#28473
1"
b1101 &
#28474
0"
#28475
1"
b1110 &
#28476
0"
#28477
1"
b1111 &
#28478
0"
#28479
1"
b0000 &
#28480
0"
#28481
1"
b0001 &
#28482
0"
#28483
1"
b0010 &
#28484
0"
#28485
1"
b0011 &
#28486
0"
#28487
1"
b0100 &
#28488
0"
#28489
1"
b0101 &
#28490
0"
#28491
1"
b0110 &
#28492
0"
#28493
1"
b0111 &
#28494
0"
#28495
1"
b1000 &
#28496
0"
#28497
1"
b1001 &
#28498
0"
#28499
1"
b1010 &
#28500
0"
#28501
1"
b1011 &
#28502
0"
#28503
1"
b1100 &
#28504
0"
#28505
1"
b1101 &
#28506
0"
#28507
1"
b1110 &
#28508
0"
#28509
1"
b1111 &
#28510
0"
#28511
1"
b0000 &
#28512
0"
#28513
1"
b0001 &
#28514
0"
#28515
1"
b0010 &
#28516
0"
#28517
1"
b0011 &
#28518
0"
#28519
1"
b0100 &
#28520
0"
#28521
1"
b0101 &
#28522
0"
#28523
1"
b0110 &
#28524
0"
#28525
1"
b0111 &
#28526
0"
#28527
1"
b1000 &
#28528
0"
#28529
1"
b1001 &
#28530
0"
#28531
1"
b1010 &
#28532
0"
#28533
1"
b1011 &
#28534
0"
#28535
1"
b1100 &
#28536
0"
#28537
1"
b1101 &
#28538
0"
#28539
1"
b1110 &
#28540
0"
#28541
1"
b1111 &
#28542
0"
#28543
1"
b0000 &
#28544
0"
#28545
1"
b0001 &
#28546
0"
#28547
1"
b0010 &
#28548
0"
#28549
1"
b0011 &
#28550
0"
#28551
1"
b0100 &
#28552
0"
#28553
1"
b0101 &
#28554
0"
#28555
1"
b0110 &
#28556
0"
#28557
1"
b0111 &
#28558
0"
#28559
1"
b1000 &
#28560
0"
#28561
1"
b1001 &
#28562
0"
#28563
1"
b1010 &
#28564
0"
#28565
1"
b1011 &
#28566
0"
#28567
1"
b1100 &
#28568
0"
#28569
1"
b1101 &
#28570
0"
#28571
1"
b1110 &
#28572
0"
#28573
1"
b1111 &
#28574
0"
#28575
1"
b0000 &
#28576
0"
#28577
1"
b0001 &
#28578
0"
#28579
1"
b0010 &
#28580
0"
#28581
1"
b0011 &
#28582
0"
#28583
1"
b0100 &
#28584
0"
#28585
1"
b0101 &
#28586
0"
#28587
1"
b0110 &
#28588
0"
#28589
1"
b0111 &
#28590
0"
#28591
1"
b1000 &
#28592
0"
#28593
1"
b1001 &
#28594
0"
#28595
1"
b1010 &
#28596
0"
#28597
1"
b1011 &
#28598
0"
#28599
1"
b1100 &
#28600
0"
#28601
1"
b1101 &
#28602
0"
#28603
1"
b1110 &
#28604
0"
#28605
1"
b1111 &
#28606
0"
#28607
1"
b0000 &
#28608
0"
#28609
1"
b0001 &
#28610
0"
#28611
1"
b0010 &
#28612
0"
#28613
1"
b0011 &
#28614
0"
#28615
1"
b0100 &
#28616
0"
#28617
1"
b0101 &
#28618
0"
#28619
1"
b0110 &
#28620
0"
#28621
1"
b0111 &
#28622
0"
#28623
1"
b1000 &
#28624
0"
#28625
1"
b1001 &
#28626
0"
#28627
1"
b1010 &
#28628
0"
#28629
1"
b1011 &
#28630
0"
#28631
1"
b1100 &
#28632
0"
#28633
1"
b1101 &
#28634
0"
#28635
1"
b1110 &
#28636
0"
#28637
1"
b1111 &
#28638
0"
#28639
1"
b0000 &
#28640
0"
#28641
1"
b0001 &
#28642
0"
#28643
1"
b0010 &
#28644
0"
#28645
1"
b0011 &
#28646
0"
#28647
1"
b0100 &
#28648
0"
#28649
1"
b0101 &
#28650
0"
#28651
1"
b0110 &
#28652
0"
#28653
1"
b0111 &
#28654
0"
#28655
1"
b1000 &
#28656
0"
#28657
1"
b1001 &
#28658
0"
#28659
1"
b1010 &
#28660
0"
#28661
1"
b1011 &
#28662
0"
#28663
1"
b1100 &
#28664
0"
#28665
1"
b1101 &
#28666
0"
#28667
1"
b1110 &
#28668
0"
#28669
1"
b1111 &
#28670
0"
#28671
1"
b0000 &
#28672
0"
#28673
1"
b0001 &
#28674
0"
#28675
1"
b0010 &
#28676
0"
#28677
1"
b0011 &
#28678
0"
#28679
1"
b0100 &
#28680
0"
#28681
1"
b0101 &
#28682
0"
#28683
1"
b0110 &
#28684
0"
#28685
1"
b0111 &
#28686
0"
#28687
1"
b1000 &
#28688
0"
#28689
1"
b1001 &
#28690
0"
#28691
1"
b1010 &
#28692
0"
#28693
1"
b1011 &
#28694
0"
#28695
1"
b1100 &
#28696
0"
#28697
1"
b1101 &
#28698
0"
#28699
1"
b1110 &
#28700
0"
#28701
1"
b1111 &
#28702
0"
#28703
1"
b0000 &
#28704
0"
#28705
1"
b0001 &
#28706
0"
#28707
1"
b0010 &
#28708
0"
#28709
1"
b0011 &
#28710
0"
#28711
1"
b0100 &
#28712
0"
#28713
1"
b0101 &
#28714
0"
#28715
1"
b0110 &
#28716
0"
#28717
1"
b0111 &
#28718
0"
#28719
1"
b1000 &
#28720
0"
#28721
1"
b1001 &
#28722
0"
#28723
1"
b1010 &
#28724
0"
#28725
1"
b1011 &
#28726
0"
#28727
1"
b1100 &
#28728
0"
#28729
1"
b1101 &
#28730
0"
#28731
1"
b1110 &
#28732
0"
#28733
1"
b1111 &
#28734
0"
#28735
1"
b0000 &
#28736
0"
#28737
1"
b0001 &
#28738
0"
#28739
1"
b0010 &
#28740
0"
#28741
1"
b0011 &
#28742
0"
#28743
1"
b0100 &
#28744
0"
#28745
1"
b0101 &
#28746
0"
#28747
1"
b0110 &
#28748
0"
#28749
1"
b0111 &
#28750
0"
#28751
1"
b1000 &
#28752
0"
#28753
1"
b1001 &
#28754
0"
#28755
1"
b1010 &
#28756
0"
#28757
1"
b1011 &
#28758
0"
#28759
1"
b1100 &
#28760
0"
#28761
1"
b1101 &
#28762
0"
#28763
1"
b1110 &
#28764
0"
#28765
1"
b1111 &
#28766
0"
#28767
1"
b0000 &
#28768
0"
#28769
1"
b0001 &
#28770
0"
#28771
1"
b0010 &
#28772
0"
#28773
1"
b0011 &
#28774
0"
#28775
1"
b0100 &
#28776
0"
#28777
1"
b0101 &
#28778
0"
#28779
1"
b0110 &
#28780
0"
#28781
1"
b0111 &
#28782
0"
#28783
1"
b1000 &
#28784
0"
#28785
1"
b1001 &
#28786
0"
#28787
1"
b1010 &
#28788
0"
#28789
1"
b1011 &
#28790
0"
#28791
1"
b1100 &
#28792
0"
#28793
1"
b1101 &
#28794
0"
#28795
1"
b1110 &
#28796
0"
#28797
1"
b1111 &
#28798
0"
#28799
1"
b0000 &
#28800
0"
#28801
1"
b0001 &
#28802
0"
#28803
1"
b0010 &
#28804
0"
#28805
1"
b0011 &
#28806
0"
#28807
1"
b0100 &
#28808
0"
#28809
1"
b0101 &
#28810
0"
#28811
1"
b0110 &
#28812
0"
#28813
1"
b0111 &
#28814
0"
#28815
1"
b1000 &
#28816
0"
#28817
1"
b1001 &
#28818
0"
#28819
1"
b1010 &
#28820
0"
#28821
1"
b1011 &
#28822
0"
#28823
1"
b1100 &
#28824
0"
#28825
1"
b1101 &
#28826
0"
#28827
1"
b1110 &
#28828
0"
#28829
1"
b1111 &
#28830
0"
#28831
1"
b0000 &
#28832
0"
#28833
1"
b0001 &
#28834
0"
#28835
1"
b0010 &
#28836
0"
#28837
1"
b0011 &
#28838
0"
#28839
1"
b0100 &
#28840
0"
#28841
1"
b0101 &
#28842
0"
#28843
1"
b0110 &
#28844
0"
#28845
1"
b0111 &
#28846
0"
#28847
1"
b1000 &
#28848
0"
#28849
1"
b1001 &
#28850
0"
#28851
1"
b1010 &
#28852
0"
#28853
1"
b1011 &
#28854
0"
#28855
1"
b1100 &
#28856
0"
#28857
1"
b1101 &
#28858
0"
#28859
1"
b1110 &
#28860
0"
#28861
1"
b1111 &
#28862
0"
#28863
1"
b0000 &
#28864
0"
#28865
1"
b0001 &
#28866
0"
#28867
1"
b0010 &
#28868
0"
#28869
1"
b0011 &
#28870
0"
#28871
1"
b0100 &
#28872
0"
#28873
1"
b0101 &
#28874
0"
#28875
1"
b0110 &
#28876
0"
#28877
1"
b0111 &
#28878
0"
#28879
1"
b1000 &
#28880
0"
#28881
1"
b1001 &
#28882
0"
#28883
1"
b1010 &
#28884
0"
#28885
1"
b1011 &
#28886
0"
#28887
1"
b1100 &
#28888
0"
#28889
1"
b1101 &
#28890
0"
#28891
1"
b1110 &
#28892
0"
#28893
1"
b1111 &
#28894
0"
#28895
1"
b0000 &
#28896
0"
#28897
1"
b0001 &
#28898
0"
#28899
1"
b0010 &
#28900
0"
#28901
1"
b0011 &
#28902
0"
#28903
1"
b0100 &
#28904
0"
#28905
1"
b0101 &
#28906
0"
#28907
1"
b0110 &
#28908
0"
#28909
1"
b0111 &
#28910
0"
#28911
1"
b1000 &
#28912
0"
#28913
1"
b1001 &
#28914
0"
#28915
1"
b1010 &
#28916
0"
#28917
1"
b1011 &
#28918
0"
#28919
1"
b1100 &
#28920
0"
#28921
1"
b1101 &
#28922
0"
#28923
1"
b1110 &
#28924
0"
#28925
1"
b1111 &
#28926
0"
#28927
1"
b0000 &
#28928
0"
#28929
1"
b0001 &
#28930
0"
#28931
1"
b0010 &
#28932
0"
#28933
1"
b0011 &
#28934
0"
#28935
1"
b0100 &
#28936
0"
#28937
1"
b0101 &
#28938
0"
#28939
1"
b0110 &
#28940
0"
#28941
1"
b0111 &
#28942
0"
#28943
1"
b1000 &
#28944
0"
#28945
1"
b1001 &
#28946
0"
#28947
1"
b1010 &
#28948
0"
#28949
1"
b1011 &
#28950
0"
#28951
1"
b1100 &
#28952
0"
#28953
1"
b1101 &
#28954
0"
#28955
1"
b1110 &
#28956
0"
#28957
1"
b1111 &
#28958
0"
#28959
1"
b0000 &
#28960
0"
#28961
1"
b0001 &
#28962
0"
#28963
1"
b0010 &
#28964
0"
#28965
1"
b0011 &
#28966
0"
#28967
1"
b0100 &
#28968
0"
#28969
1"
b0101 &
#28970
0"
#28971
1"
b0110 &
#28972
0"
#28973
1"
b0111 &
#28974
0"
#28975
1"
b1000 &
#28976
0"
#28977
1"
b1001 &
#28978
0"
#28979
1"
b1010 &
#28980
0"
#28981
1"
b1011 &
#28982
0"
#28983
1"
b1100 &
#28984
0"
#28985
1"
b1101 &
#28986
0"
#28987
1"
b1110 &
#28988
0"
#28989
1"
b1111 &
#28990
0"
#28991
1"
b0000 &
#28992
0"
#28993
1"
b0001 &
#28994
0"
#28995
1"
b0010 &
#28996
0"
#28997
1"
b0011 &
#28998
0"
#28999
1"
b0100 &
#29000
0"
#29001
1"
b0101 &
#29002
0"
#29003
1"
b0110 &
#29004
0"
#29005
1"
b0111 &
#29006
0"
#29007
1"
b1000 &
#29008
0"
#29009
1"
b1001 &
#29010
0"
#29011
1"
b1010 &
#29012
0"
#29013
1"
b1011 &
#29014
0"
#29015
1"
b1100 &
#29016
0"
#29017
1"
b1101 &
#29018
0"
#29019
1"
b1110 &
#29020
0"
#29021
1"
b1111 &
#29022
0"
#29023
1"
b0000 &
#29024
0"
#29025
1"
b0001 &
#29026
0"
#29027
1"
b0010 &
#29028
0"
#29029
1"
b0011 &
#29030
0"
#29031
1"
b0100 &
#29032
0"
#29033
1"
b0101 &
#29034
0"
#29035
1"
b0110 &
#29036
0"
#29037
1"
b0111 &
#29038
0"
#29039
1"
b1000 &
#29040
0"
#29041
1"
b1001 &
#29042
0"
#29043
1"
b1010 &
#29044
0"
#29045
1"
b1011 &
#29046
0"
#29047
1"
b1100 &
#29048
0"
#29049
1"
b1101 &
#29050
0"
#29051
1"
b1110 &
#29052
0"
#29053
1"
b1111 &
#29054
0"
#29055
1"
b0000 &
#29056
0"
#29057
1"
b0001 &
#29058
0"
#29059
1"
b0010 &
#29060
0"
#29061
1"
b0011 &
#29062
0"
#29063
1"
b0100 &
#29064
0"
#29065
1"
b0101 &
#29066
0"
#29067
1"
b0110 &
#29068
0"
#29069
1"
b0111 &
#29070
0"
#29071
1"
b1000 &
#29072
0"
#29073
1"
b1001 &
#29074
0"
#29075
1"
b1010 &
#29076
0"
#29077
1"
b1011 &
#29078
0"
#29079
1"
b1100 &
#29080
0"
#29081
1"
b1101 &
#29082
0"
#29083
1"
b1110 &
#29084
0"
#29085
1"
b1111 &
#29086
0"
#29087
1"
b0000 &
#29088
0"
#29089
1"
b0001 &
#29090
0"
#29091
1"
b0010 &
#29092
0"
#29093
1"
b0011 &
#29094
0"
#29095
1"
b0100 &
#29096
0"
#29097
1"
b0101 &
#29098
0"
#29099
1"
b0110 &
#29100
0"
#29101
1"
b0111 &
#29102
0"
#29103
1"
b1000 &
#29104
0"
#29105
1"
b1001 &
#29106
0"
#29107
1"
b1010 &
#29108
0"
#29109
1"
b1011 &
#29110
0"
#29111
1"
b1100 &
#29112
0"
#29113
1"
b1101 &
#29114
0"
#29115
1"
b1110 &
#29116
0"
#29117
1"
b1111 &
#29118
0"
#29119
1"
b0000 &
#29120
0"
#29121
1"
b0001 &
#29122
0"
#29123
1"
b0010 &
#29124
0"
#29125
1"
b0011 &
#29126
0"
#29127
1"
b0100 &
#29128
0"
#29129
1"
b0101 &
#29130
0"
#29131
1"
b0110 &
#29132
0"
#29133
1"
b0111 &
#29134
0"
#29135
1"
b1000 &
#29136
0"
#29137
1"
b1001 &
#29138
0"
#29139
1"
b1010 &
#29140
0"
#29141
1"
b1011 &
#29142
0"
#29143
1"
b1100 &
#29144
0"
#29145
1"
b1101 &
#29146
0"
#29147
1"
b1110 &
#29148
0"
#29149
1"
b1111 &
#29150
0"
#29151
1"
b0000 &
#29152
0"
#29153
1"
b0001 &
#29154
0"
#29155
1"
b0010 &
#29156
0"
#29157
1"
b0011 &
#29158
0"
#29159
1"
b0100 &
#29160
0"
#29161
1"
b0101 &
#29162
0"
#29163
1"
b0110 &
#29164
0"
#29165
1"
b0111 &
#29166
0"
#29167
1"
b1000 &
#29168
0"
#29169
1"
b1001 &
#29170
0"
#29171
1"
b1010 &
#29172
0"
#29173
1"
b1011 &
#29174
0"
#29175
1"
b1100 &
#29176
0"
#29177
1"
b1101 &
#29178
0"
#29179
1"
b1110 &
#29180
0"
#29181
1"
b1111 &
#29182
0"
#29183
1"
b0000 &
#29184
0"
#29185
1"
b0001 &
#29186
0"
#29187
1"
b0010 &
#29188
0"
#29189
1"
b0011 &
#29190
0"
#29191
1"
b0100 &
#29192
0"
#29193
1"
b0101 &
#29194
0"
#29195
1"
b0110 &
#29196
0"
#29197
1"
b0111 &
#29198
0"
#29199
1"
b1000 &
#29200
0"
#29201
1"
b1001 &
#29202
0"
#29203
1"
b1010 &
#29204
0"
#29205
1"
b1011 &
#29206
0"
#29207
1"
b1100 &
#29208
0"
#29209
1"
b1101 &
#29210
0"
#29211
1"
b1110 &
#29212
0"
#29213
1"
b1111 &
#29214
0"
#29215
1"
b0000 &
#29216
0"
#29217
1"
b0001 &
#29218
0"
#29219
1"
b0010 &
#29220
0"
#29221
1"
b0011 &
#29222
0"
#29223
1"
b0100 &
#29224
0"
#29225
1"
b0101 &
#29226
0"
#29227
1"
b0110 &
#29228
0"
#29229
1"
b0111 &
#29230
0"
#29231
1"
b1000 &
#29232
0"
#29233
1"
b1001 &
#29234
0"
#29235
1"
b1010 &
#29236
0"
#29237
1"
b1011 &
#29238
0"
#29239
1"
b1100 &
#29240
0"
#29241
1"
b1101 &
#29242
0"
#29243
1"
b1110 &
#29244
0"
#29245
1"
b1111 &
#29246
0"
#29247
1"
b0000 &
#29248
0"
#29249
1"
b0001 &
#29250
0"
#29251
1"
b0010 &
#29252
0"
#29253
1"
b0011 &
#29254
0"
#29255
1"
b0100 &
#29256
0"
#29257
1"
b0101 &
#29258
0"
#29259
1"
b0110 &
#29260
0"
#29261
1"
b0111 &
#29262
0"
#29263
1"
b1000 &
#29264
0"
#29265
1"
b1001 &
#29266
0"
#29267
1"
b1010 &
#29268
0"
#29269
1"
b1011 &
#29270
0"
#29271
1"
b1100 &
#29272
0"
#29273
1"
b1101 &
#29274
0"
#29275
1"
b1110 &
#29276
0"
#29277
1"
b1111 &
#29278
0"
#29279
1"
b0000 &
#29280
0"
#29281
1"
b0001 &
#29282
0"
#29283
1"
b0010 &
#29284
0"
#29285
1"
b0011 &
#29286
0"
#29287
1"
b0100 &
#29288
0"
#29289
1"
b0101 &
#29290
0"
#29291
1"
b0110 &
#29292
0"
#29293
1"
b0111 &
#29294
0"
#29295
1"
b1000 &
#29296
0"
#29297
1"
b1001 &
#29298
0"
#29299
1"
b1010 &
#29300
0"
#29301
1"
b1011 &
#29302
0"
#29303
1"
b1100 &
#29304
0"
#29305
1"
b1101 &
#29306
0"
#29307
1"
b1110 &
#29308
0"
#29309
1"
b1111 &
#29310
0"
#29311
1"
b0000 &
#29312
0"
#29313
1"
b0001 &
#29314
0"
#29315
1"
b0010 &
#29316
0"
#29317
1"
b0011 &
#29318
0"
#29319
1"
b0100 &
#29320
0"
#29321
1"
b0101 &
#29322
0"
#29323
1"
b0110 &
#29324
0"
#29325
1"
b0111 &
#29326
0"
#29327
1"
b1000 &
#29328
0"
#29329
1"
b1001 &
#29330
0"
#29331
1"
b1010 &
#29332
0"
#29333
1"
b1011 &
#29334
0"
#29335
1"
b1100 &
#29336
0"
#29337
1"
b1101 &
#29338
0"
#29339
1"
b1110 &
#29340
0"
#29341
1"
b1111 &
#29342
0"
#29343
1"
b0000 &
#29344
0"
#29345
1"
b0001 &
#29346
0"
#29347
1"
b0010 &
#29348
0"
#29349
1"
b0011 &
#29350
0"
#29351
1"
b0100 &
#29352
0"
#29353
1"
b0101 &
#29354
0"
#29355
1"
b0110 &
#29356
0"
#29357
1"
b0111 &
#29358
0"
#29359
1"
b1000 &
#29360
0"
#29361
1"
b1001 &
#29362
0"
#29363
1"
b1010 &
#29364
0"
#29365
1"
b1011 &
#29366
0"
#29367
1"
b1100 &
#29368
0"
#29369
1"
b1101 &
#29370
0"
#29371
1"
b1110 &
#29372
0"
#29373
1"
b1111 &
#29374
0"
#29375
1"
b0000 &
#29376
0"
#29377
1"
b0001 &
#29378
0"
#29379
1"
b0010 &
#29380
0"
#29381
1"
b0011 &
#29382
0"
#29383
1"
b0100 &
#29384
0"
#29385
1"
b0101 &
#29386
0"
#29387
1"
b0110 &
#29388
0"
#29389
1"
b0111 &
#29390
0"
#29391
1"
b1000 &
#29392
0"
#29393
1"
b1001 &
#29394
0"
#29395
1"
b1010 &
#29396
0"
#29397
1"
b1011 &
#29398
0"
#29399
1"
b1100 &
#29400
0"
#29401
1"
b1101 &
#29402
0"
#29403
1"
b1110 &
#29404
0"
#29405
1"
b1111 &
#29406
0"
#29407
1"
b0000 &
#29408
0"
#29409
1"
b0001 &
#29410
0"
#29411
1"
b0010 &
#29412
0"
#29413
1"
b0011 &
#29414
0"
#29415
1"
b0100 &
#29416
0"
#29417
1"
b0101 &
#29418
0"
#29419
1"
b0110 &
#29420
0"
#29421
1"
b0111 &
#29422
0"
#29423
1"
b1000 &
#29424
0"
#29425
1"
b1001 &
#29426
0"
#29427
1"
b1010 &
#29428
0"
#29429
1"
b1011 &
#29430
0"
#29431
1"
b1100 &
#29432
0"
#29433
1"
b1101 &
#29434
0"
#29435
1"
b1110 &
#29436
0"
#29437
1"
b1111 &
#29438
0"
#29439
1"
b0000 &
#29440
0"
#29441
1"
b0001 &
#29442
0"
#29443
1"
b0010 &
#29444
0"
#29445
1"
b0011 &
#29446
0"
#29447
1"
b0100 &
#29448
0"
#29449
1"
b0101 &
#29450
0"
#29451
1"
b0110 &
#29452
0"
#29453
1"
b0111 &
#29454
0"
#29455
1"
b1000 &
#29456
0"
#29457
1"
b1001 &
#29458
0"
#29459
1"
b1010 &
#29460
0"
#29461
1"
b1011 &
#29462
0"
#29463
1"
b1100 &
#29464
0"
#29465
1"
b1101 &
#29466
0"
#29467
1"
b1110 &
#29468
0"
#29469
1"
b1111 &
#29470
0"
#29471
1"
b0000 &
#29472
0"
#29473
1"
b0001 &
#29474
0"
#29475
1"
b0010 &
#29476
0"
#29477
1"
b0011 &
#29478
0"
#29479
1"
b0100 &
#29480
0"
#29481
1"
b0101 &
#29482
0"
#29483
1"
b0110 &
#29484
0"
#29485
1"
b0111 &
#29486
0"
#29487
1"
b1000 &
#29488
0"
#29489
1"
b1001 &
#29490
0"
#29491
1"
b1010 &
#29492
0"
#29493
1"
b1011 &
#29494
0"
#29495
1"
b1100 &
#29496
0"
#29497
1"
b1101 &
#29498
0"
#29499
1"
b1110 &
#29500
0"
#29501
1"
b1111 &
#29502
0"
#29503
1"
b0000 &
#29504
0"
#29505
1"
b0001 &
#29506
0"
#29507
1"
b0010 &
#29508
0"
#29509
1"
b0011 &
#29510
0"
#29511
1"
b0100 &
#29512
0"
#29513
1"
b0101 &
#29514
0"
#29515
1"
b0110 &
#29516
0"
#29517
1"
b0111 &
#29518
0"
#29519
1"
b1000 &
#29520
0"
#29521
1"
b1001 &
#29522
0"
#29523
1"
b1010 &
#29524
0"
#29525
1"
b1011 &
#29526
0"
#29527
1"
b1100 &
#29528
0"
#29529
1"
b1101 &
#29530
0"
#29531
1"
b1110 &
#29532
0"
#29533
1"
b1111 &
#29534
0"
#29535
1"
b0000 &
#29536
0"
#29537
1"
b0001 &
#29538
0"
#29539
1"
b0010 &
#29540
0"
#29541
1"
b0011 &
#29542
0"
#29543
1"
b0100 &
#29544
0"
#29545
1"
b0101 &
#29546
0"
#29547
1"
b0110 &
#29548
0"
#29549
1"
b0111 &
#29550
0"
#29551
1"
b1000 &
#29552
0"
#29553
1"
b1001 &
#29554
0"
#29555
1"
b1010 &
#29556
0"
#29557
1"
b1011 &
#29558
0"
#29559
1"
b1100 &
#29560
0"
#29561
1"
b1101 &
#29562
0"
#29563
1"
b1110 &
#29564
0"
#29565
1"
b1111 &
#29566
0"
#29567
1"
b0000 &
#29568
0"
#29569
1"
b0001 &
#29570
0"
#29571
1"
b0010 &
#29572
0"
#29573
1"
b0011 &
#29574
0"
#29575
1"
b0100 &
#29576
0"
#29577
1"
b0101 &
#29578
0"
#29579
1"
b0110 &
#29580
0"
#29581
1"
b0111 &
#29582
0"
#29583
1"
b1000 &
#29584
0"
#29585
1"
b1001 &
#29586
0"
#29587
1"
b1010 &
#29588
0"
#29589
1"
b1011 &
#29590
0"
#29591
1"
b1100 &
#29592
0"
#29593
1"
b1101 &
#29594
0"
#29595
1"
b1110 &
#29596
0"
#29597
1"
b1111 &
#29598
0"
#29599
1"
b0000 &
#29600
0"
#29601
1"
b0001 &
#29602
0"
#29603
1"
b0010 &
#29604
0"
#29605
1"
b0011 &
#29606
0"
#29607
1"
b0100 &
#29608
0"
#29609
1"
b0101 &
#29610
0"
#29611
1"
b0110 &
#29612
0"
#29613
1"
b0111 &
#29614
0"
#29615
1"
b1000 &
#29616
0"
#29617
1"
b1001 &
#29618
0"
#29619
1"
b1010 &
#29620
0"
#29621
1"
b1011 &
#29622
0"
#29623
1"
b1100 &
#29624
0"
#29625
1"
b1101 &
#29626
0"
#29627
1"
b1110 &
#29628
0"
#29629
1"
b1111 &
#29630
0"
#29631
1"
b0000 &
#29632
0"
#29633
1"
b0001 &
#29634
0"
#29635
1"
b0010 &
#29636
0"
#29637
1"
b0011 &
#29638
0"
#29639
1"
b0100 &
#29640
0"
#29641
1"
b0101 &
#29642
0"
#29643
1"
b0110 &
#29644
0"
#29645
1"
b0111 &
#29646
0"
#29647
1"
b1000 &
#29648
0"
#29649
1"
b1001 &
#29650
0"
#29651
1"
b1010 &
#29652
0"
#29653
1"
b1011 &
#29654
0"
#29655
1"
b1100 &
#29656
0"
#29657
1"
b1101 &
#29658
0"
#29659
1"
b1110 &
#29660
0"
#29661
1"
b1111 &
#29662
0"
#29663
1"
b0000 &
#29664
0"
#29665
1"
b0001 &
#29666
0"
#29667
1"
b0010 &
#29668
0"
#29669
1"
b0011 &
#29670
0"
#29671
1"
b0100 &
#29672
0"
#29673
1"
b0101 &
#29674
0"
#29675
1"
b0110 &
#29676
0"
#29677
1"
b0111 &
#29678
0"
#29679
1"
b1000 &
#29680
0"
#29681
1"
b1001 &
#29682
0"
#29683
1"
b1010 &
#29684
0"
#29685
1"
b1011 &
#29686
0"
#29687
1"
b1100 &
#29688
0"
#29689
1"
b1101 &
#29690
0"
#29691
1"
b1110 &
#29692
0"
#29693
1"
b1111 &
#29694
0"
#29695
1"
b0000 &
#29696
0"
#29697
1"
b0001 &
#29698
0"
#29699
1"
b0010 &
#29700
0"
#29701
1"
b0011 &
#29702
0"
#29703
1"
b0100 &
#29704
0"
#29705
1"
b0101 &
#29706
0"
#29707
1"
b0110 &
#29708
0"
#29709
1"
b0111 &
#29710
0"
#29711
1"
b1000 &
#29712
0"
#29713
1"
b1001 &
#29714
0"
#29715
1"
b1010 &
#29716
0"
#29717
1"
b1011 &
#29718
0"
#29719
1"
b1100 &
#29720
0"
#29721
1"
b1101 &
#29722
0"
#29723
1"
b1110 &
#29724
0"
#29725
1"
b1111 &
#29726
0"
#29727
1"
b0000 &
#29728
0"
#29729
1"
b0001 &
#29730
0"
#29731
1"
b0010 &
#29732
0"
#29733
1"
b0011 &
#29734
0"
#29735
1"
b0100 &
#29736
0"
#29737
1"
b0101 &
#29738
0"
#29739
1"
b0110 &
#29740
0"
#29741
1"
b0111 &
#29742
0"
#29743
1"
b1000 &
#29744
0"
#29745
1"
b1001 &
#29746
0"
#29747
1"
b1010 &
#29748
0"
#29749
1"
b1011 &
#29750
0"
#29751
1"
b1100 &
#29752
0"
#29753
1"
b1101 &
#29754
0"
#29755
1"
b1110 &
#29756
0"
#29757
1"
b1111 &
#29758
0"
#29759
1"
b0000 &
#29760
0"
#29761
1"
b0001 &
#29762
0"
#29763
1"
b0010 &
#29764
0"
#29765
1"
b0011 &
#29766
0"
#29767
1"
b0100 &
#29768
0"
#29769
1"
b0101 &
#29770
0"
#29771
1"
b0110 &
#29772
0"
#29773
1"
b0111 &
#29774
0"
#29775
1"
b1000 &
#29776
0"
#29777
1"
b1001 &
#29778
0"
#29779
1"
b1010 &
#29780
0"
#29781
1"
b1011 &
#29782
0"
#29783
1"
b1100 &
#29784
0"
#29785
1"
b1101 &
#29786
0"
#29787
1"
b1110 &
#29788
0"
#29789
1"
b1111 &
#29790
0"
#29791
1"
b0000 &
#29792
0"
#29793
1"
b0001 &
#29794
0"
#29795
1"
b0010 &
#29796
0"
#29797
1"
b0011 &
#29798
0"
#29799
1"
b0100 &
#29800
0"
#29801
1"
b0101 &
#29802
0"
#29803
1"
b0110 &
#29804
0"
#29805
1"
b0111 &
#29806
0"
#29807
1"
b1000 &
#29808
0"
#29809
1"
b1001 &
#29810
0"
#29811
1"
b1010 &
#29812
0"
#29813
1"
b1011 &
#29814
0"
#29815
1"
b1100 &
#29816
0"
#29817
1"
b1101 &
#29818
0"
#29819
1"
b1110 &
#29820
0"
#29821
1"
b1111 &
#29822
0"
#29823
1"
b0000 &
#29824
0"
#29825
1"
b0001 &
#29826
0"
#29827
1"
b0010 &
#29828
0"
#29829
1"
b0011 &
#29830
0"
#29831
1"
b0100 &
#29832
0"
#29833
1"
b0101 &
#29834
0"
#29835
1"
b0110 &
#29836
0"
#29837
1"
b0111 &
#29838
0"
#29839
1"
b1000 &
#29840
0"
#29841
1"
b1001 &
#29842
0"
#29843
1"
b1010 &
#29844
0"
#29845
1"
b1011 &
#29846
0"
#29847
1"
b1100 &
#29848
0"
#29849
1"
b1101 &
#29850
0"
#29851
1"
b1110 &
#29852
0"
#29853
1"
b1111 &
#29854
0"
#29855
1"
b0000 &
#29856
0"
#29857
1"
b0001 &
#29858
0"
#29859
1"
b0010 &
#29860
0"
#29861
1"
b0011 &
#29862
0"
#29863
1"
b0100 &
#29864
0"
#29865
1"
b0101 &
#29866
0"
#29867
1"
b0110 &
#29868
0"
#29869
1"
b0111 &
#29870
0"
#29871
1"
b1000 &
#29872
0"
#29873
1"
b1001 &
#29874
0"
#29875
1"
b1010 &
#29876
0"
#29877
1"
b1011 &
#29878
0"
#29879
1"
b1100 &
#29880
0"
#29881
1"
b1101 &
#29882
0"
#29883
1"
b1110 &
#29884
0"
#29885
1"
b1111 &
#29886
0"
#29887
1"
b0000 &
#29888
0"
#29889
1"
b0001 &
#29890
0"
#29891
1"
b0010 &
#29892
0"
#29893
1"
b0011 &
#29894
0"
#29895
1"
b0100 &
#29896
0"
#29897
1"
b0101 &
#29898
0"
#29899
1"
b0110 &
#29900
0"
#29901
1"
b0111 &
#29902
0"
#29903
1"
b1000 &
#29904
0"
#29905
1"
b1001 &
#29906
0"
#29907
1"
b1010 &
#29908
0"
#29909
1"
b1011 &
#29910
0"
#29911
1"
b1100 &
#29912
0"
#29913
1"
b1101 &
#29914
0"
#29915
1"
b1110 &
#29916
0"
#29917
1"
b1111 &
#29918
0"
#29919
1"
b0000 &
#29920
0"
#29921
1"
b0001 &
#29922
0"
#29923
1"
b0010 &
#29924
0"
#29925
1"
b0011 &
#29926
0"
#29927
1"
b0100 &
#29928
0"
#29929
1"
b0101 &
#29930
0"
#29931
1"
b0110 &
#29932
0"
#29933
1"
b0111 &
#29934
0"
#29935
1"
b1000 &
#29936
0"
#29937
1"
b1001 &
#29938
0"
#29939
1"
b1010 &
#29940
0"
#29941
1"
b1011 &
#29942
0"
#29943
1"
b1100 &
#29944
0"
#29945
1"
b1101 &
#29946
0"
#29947
1"
b1110 &
#29948
0"
#29949
1"
b1111 &
#29950
0"
#29951
1"
b0000 &
#29952
0"
#29953
1"
b0001 &
#29954
0"
#29955
1"
b0010 &
#29956
0"
#29957
1"
b0011 &
#29958
0"
#29959
1"
b0100 &
#29960
0"
#29961
1"
b0101 &
#29962
0"
#29963
1"
b0110 &
#29964
0"
#29965
1"
b0111 &
#29966
0"
#29967
1"
b1000 &
#29968
0"
#29969
1"
b1001 &
#29970
0"
#29971
1"
b1010 &
#29972
0"
#29973
1"
b1011 &
#29974
0"
#29975
1"
b1100 &
#29976
0"
#29977
1"
b1101 &
#29978
0"
#29979
1"
b1110 &
#29980
0"
#29981
1"
b1111 &
#29982
0"
#29983
1"
b0000 &
#29984
0"
#29985
1"
b0001 &
#29986
0"
#29987
1"
b0010 &
#29988
0"
#29989
1"
b0011 &
#29990
0"
#29991
1"
b0100 &
#29992
0"
#29993
1"
b0101 &
#29994
0"
#29995
1"
b0110 &
#29996
0"
#29997
1"
b0111 &
#29998
0"
#29999
1"
b1000 &
#30000
0"
#30001
1"
b1001 &
#30002
0"
#30003
1"
b1010 &
#30004
0"
#30005
1"
b1011 &
#30006
0"
#30007
1"
b1100 &
#30008
0"
#30009
1"
b1101 &
#30010
0"
#30011
1"
b1110 &
#30012
0"
#30013
1"
b1111 &
#30014
0"
#30015
1"
b0000 &
#30016
0"
#30017
1"
b0001 &
#30018
0"
#30019
1"
b0010 &
#30020
0"
#30021
1"
b0011 &
#30022
0"
#30023
1"
b0100 &
#30024
0"
#30025
1"
b0101 &
#30026
0"
#30027
1"
b0110 &
#30028
0"
#30029
1"
b0111 &
#30030
0"
#30031
1"
b1000 &
#30032
0"
#30033
1"
b1001 &
#30034
0"
#30035
1"
b1010 &
#30036
0"
#30037
1"
b1011 &
#30038
0"
#30039
1"
b1100 &
#30040
0"
#30041
1"
b1101 &
#30042
0"
#30043
1"
b1110 &
#30044
0"
#30045
1"
b1111 &
#30046
0"
#30047
1"
b0000 &
#30048
0"
#30049
1"
b0001 &
#30050
0"
#30051
1"
b0010 &
#30052
0"
#30053
1"
b0011 &
#30054
0"
#30055
1"
b0100 &
#30056
0"
#30057
1"
b0101 &
#30058
0"
#30059
1"
b0110 &
#30060
0"
#30061
1"
b0111 &
#30062
0"
#30063
1"
b1000 &
#30064
0"
#30065
1"
b1001 &
#30066
0"
#30067
1"
b1010 &
#30068
0"
#30069
1"
b1011 &
#30070
0"
#30071
1"
b1100 &
#30072
0"
#30073
1"
b1101 &
#30074
0"
#30075
1"
b1110 &
#30076
0"
#30077
1"
b1111 &
#30078
0"
#30079
1"
b0000 &
#30080
0"
#30081
1"
b0001 &
#30082
0"
#30083
1"
b0010 &
#30084
0"
#30085
1"
b0011 &
#30086
0"
#30087
1"
b0100 &
#30088
0"
#30089
1"
b0101 &
#30090
0"
#30091
1"
b0110 &
#30092
0"
#30093
1"
b0111 &
#30094
0"
#30095
1"
b1000 &
#30096
0"
#30097
1"
b1001 &
#30098
0"
#30099
1"
b1010 &
#30100
0"
#30101
1"
b1011 &
#30102
0"
#30103
1"
b1100 &
#30104
0"
#30105
1"
b1101 &
#30106
0"
#30107
1"
b1110 &
#30108
0"
#30109
1"
b1111 &
#30110
0"
#30111
1"
b0000 &
#30112
0"
#30113
1"
b0001 &
#30114
0"
#30115
1"
b0010 &
#30116
0"
#30117
1"
b0011 &
#30118
0"
#30119
1"
b0100 &
#30120
0"
#30121
1"
b0101 &
#30122
0"
#30123
1"
b0110 &
#30124
0"
#30125
1"
b0111 &
#30126
0"
#30127
1"
b1000 &
#30128
0"
#30129
1"
b1001 &
#30130
0"
#30131
1"
b1010 &
#30132
0"
#30133
1"
b1011 &
#30134
0"
#30135
1"
b1100 &
#30136
0"
#30137
1"
b1101 &
#30138
0"
#30139
1"
b1110 &
#30140
0"
#30141
1"
b1111 &
#30142
0"
#30143
1"
b0000 &
#30144
0"
#30145
1"
b0001 &
#30146
0"
#30147
1"
b0010 &
#30148
0"
#30149
1"
b0011 &
#30150
0"
#30151
1"
b0100 &
#30152
0"
#30153
1"
b0101 &
#30154
0"
#30155
1"
b0110 &
#30156
0"
#30157
1"
b0111 &
#30158
0"
#30159
1"
b1000 &
#30160
0"
#30161
1"
b1001 &
#30162
0"
#30163
1"
b1010 &
#30164
0"
#30165
1"
b1011 &
#30166
0"
#30167
1"
b1100 &
#30168
0"
#30169
1"
b1101 &
#30170
0"
#30171
1"
b1110 &
#30172
0"
#30173
1"
b1111 &
#30174
0"
#30175
1"
b0000 &
#30176
0"
#30177
1"
b0001 &
#30178
0"
#30179
1"
b0010 &
#30180
0"
#30181
1"
b0011 &
#30182
0"
#30183
1"
b0100 &
#30184
0"
#30185
1"
b0101 &
#30186
0"
#30187
1"
b0110 &
#30188
0"
#30189
1"
b0111 &
#30190
0"
#30191
1"
b1000 &
#30192
0"
#30193
1"
b1001 &
#30194
0"
#30195
1"
b1010 &
#30196
0"
#30197
1"
b1011 &
#30198
0"
#30199
1"
b1100 &
#30200
0"
#30201
1"
b1101 &
#30202
0"
#30203
1"
b1110 &
#30204
0"
#30205
1"
b1111 &
#30206
0"
#30207
1"
b0000 &
#30208
0"
#30209
1"
b0001 &
#30210
0"
#30211
1"
b0010 &
#30212
0"
#30213
1"
b0011 &
#30214
0"
#30215
1"
b0100 &
#30216
0"
#30217
1"
b0101 &
#30218
0"
#30219
1"
b0110 &
#30220
0"
#30221
1"
b0111 &
#30222
0"
#30223
1"
b1000 &
#30224
0"
#30225
1"
b1001 &
#30226
0"
#30227
1"
b1010 &
#30228
0"
#30229
1"
b1011 &
#30230
0"
#30231
1"
b1100 &
#30232
0"
#30233
1"
b1101 &
#30234
0"
#30235
1"
b1110 &
#30236
0"
#30237
1"
b1111 &
#30238
0"
#30239
1"
b0000 &
#30240
0"
#30241
1"
b0001 &
#30242
0"
#30243
1"
b0010 &
#30244
0"
#30245
1"
b0011 &
#30246
0"
#30247
1"
b0100 &
#30248
0"
#30249
1"
b0101 &
#30250
0"
#30251
1"
b0110 &
#30252
0"
#30253
1"
b0111 &
#30254
0"
#30255
1"
b1000 &
#30256
0"
#30257
1"
b1001 &
#30258
0"
#30259
1"
b1010 &
#30260
0"
#30261
1"
b1011 &
#30262
0"
#30263
1"
b1100 &
#30264
0"
#30265
1"
b1101 &
#30266
0"
#30267
1"
b1110 &
#30268
0"
#30269
1"
b1111 &
#30270
0"
#30271
1"
b0000 &
#30272
0"
#30273
1"
b0001 &
#30274
0"
#30275
1"
b0010 &
#30276
0"
#30277
1"
b0011 &
#30278
0"
#30279
1"
b0100 &
#30280
0"
#30281
1"
b0101 &
#30282
0"
#30283
1"
b0110 &
#30284
0"
#30285
1"
b0111 &
#30286
0"
#30287
1"
b1000 &
#30288
0"
#30289
1"
b1001 &
#30290
0"
#30291
1"
b1010 &
#30292
0"
#30293
1"
b1011 &
#30294
0"
#30295
1"
b1100 &
#30296
0"
#30297
1"
b1101 &
#30298
0"
#30299
1"
b1110 &
#30300
0"
#30301
1"
b1111 &
#30302
0"
#30303
1"
b0000 &
#30304
0"
#30305
1"
b0001 &
#30306
0"
#30307
1"
b0010 &
#30308
0"
#30309
1"
b0011 &
#30310
0"
#30311
1"
b0100 &
#30312
0"
#30313
1"
b0101 &
#30314
0"
#30315
1"
b0110 &
#30316
0"
#30317
1"
b0111 &
#30318
0"
#30319
1"
b1000 &
#30320
0"
#30321
1"
b1001 &
#30322
0"
#30323
1"
b1010 &
#30324
0"
#30325
1"
b1011 &
#30326
0"
#30327
1"
b1100 &
#30328
0"
#30329
1"
b1101 &
#30330
0"
#30331
1"
b1110 &
#30332
0"
#30333
1"
b1111 &
#30334
0"
#30335
1"
b0000 &
#30336
0"
#30337
1"
b0001 &
#30338
0"
#30339
1"
b0010 &
#30340
0"
#30341
1"
b0011 &
#30342
0"
#30343
1"
b0100 &
#30344
0"
#30345
1"
b0101 &
#30346
0"
#30347
1"
b0110 &
#30348
0"
#30349
1"
b0111 &
#30350
0"
#30351
1"
b1000 &
#30352
0"
#30353
1"
b1001 &
#30354
0"
#30355
1"
b1010 &
#30356
0"
#30357
1"
b1011 &
#30358
0"
#30359
1"
b1100 &
#30360
0"
#30361
1"
b1101 &
#30362
0"
#30363
1"
b1110 &
#30364
0"
#30365
1"
b1111 &
#30366
0"
#30367
1"
b0000 &
#30368
0"
#30369
1"
b0001 &
#30370
0"
#30371
1"
b0010 &
#30372
0"
#30373
1"
b0011 &
#30374
0"
#30375
1"
b0100 &
#30376
0"
#30377
1"
b0101 &
#30378
0"
#30379
1"
b0110 &
#30380
0"
#30381
1"
b0111 &
#30382
0"
#30383
1"
b1000 &
#30384
0"
#30385
1"
b1001 &
#30386
0"
#30387
1"
b1010 &
#30388
0"
#30389
1"
b1011 &
#30390
0"
#30391
1"
b1100 &
#30392
0"
#30393
1"
b1101 &
#30394
0"
#30395
1"
b1110 &
#30396
0"
#30397
1"
b1111 &
#30398
0"
#30399
1"
b0000 &
#30400
0"
#30401
1"
b0001 &
#30402
0"
#30403
1"
b0010 &
#30404
0"
#30405
1"
b0011 &
#30406
0"
#30407
1"
b0100 &
#30408
0"
#30409
1"
b0101 &
#30410
0"
#30411
1"
b0110 &
#30412
0"
#30413
1"
b0111 &
#30414
0"
#30415
1"
b1000 &
#30416
0"
#30417
1"
b1001 &
#30418
0"
#30419
1"
b1010 &
#30420
0"
#30421
1"
b1011 &
#30422
0"
#30423
1"
b1100 &
#30424
0"
#30425
1"
b1101 &
#30426
0"
#30427
1"
b1110 &
#30428
0"
#30429
1"
b1111 &
#30430
0"
#30431
1"
b0000 &
#30432
0"
#30433
1"
b0001 &
#30434
0"
#30435
1"
b0010 &
#30436
0"
#30437
1"
b0011 &
#30438
0"
#30439
1"
b0100 &
#30440
0"
#30441
1"
b0101 &
#30442
0"
#30443
1"
b0110 &
#30444
0"
#30445
1"
b0111 &
#30446
0"
#30447
1"
b1000 &
#30448
0"
#30449
1"
b1001 &
#30450
0"
#30451
1"
b1010 &
#30452
0"
#30453
1"
b1011 &
#30454
0"
#30455
1"
b1100 &
#30456
0"
#30457
1"
b1101 &
#30458
0"
#30459
1"
b1110 &
#30460
0"
#30461
1"
b1111 &
#30462
0"
#30463
1"
b0000 &
#30464
0"
#30465
1"
b0001 &
#30466
0"
#30467
1"
b0010 &
#30468
0"
#30469
1"
b0011 &
#30470
0"
#30471
1"
b0100 &
#30472
0"
#30473
1"
b0101 &
#30474
0"
#30475
1"
b0110 &
#30476
0"
#30477
1"
b0111 &
#30478
0"
#30479
1"
b1000 &
#30480
0"
#30481
1"
b1001 &
#30482
0"
#30483
1"
b1010 &
#30484
0"
#30485
1"
b1011 &
#30486
0"
#30487
1"
b1100 &
#30488
0"
#30489
1"
b1101 &
#30490
0"
#30491
1"
b1110 &
#30492
0"
#30493
1"
b1111 &
#30494
0"
#30495
1"
b0000 &
#30496
0"
#30497
1"
b0001 &
#30498
0"
#30499
1"
b0010 &
#30500
0"
#30501
1"
b0011 &
#30502
0"
#30503
1"
b0100 &
#30504
0"
#30505
1"
b0101 &
#30506
0"
#30507
1"
b0110 &
#30508
0"
#30509
1"
b0111 &
#30510
0"
#30511
1"
b1000 &
#30512
0"
#30513
1"
b1001 &
#30514
0"
#30515
1"
b1010 &
#30516
0"
#30517
1"
b1011 &
#30518
0"
#30519
1"
b1100 &
#30520
0"
#30521
1"
b1101 &
#30522
0"
#30523
1"
b1110 &
#30524
0"
#30525
1"
b1111 &
#30526
0"
#30527
1"
b0000 &
#30528
0"
#30529
1"
b0001 &
#30530
0"
#30531
1"
b0010 &
#30532
0"
#30533
1"
b0011 &
#30534
0"
#30535
1"
b0100 &
#30536
0"
#30537
1"
b0101 &
#30538
0"
#30539
1"
b0110 &
#30540
0"
#30541
1"
b0111 &
#30542
0"
#30543
1"
b1000 &
#30544
0"
#30545
1"
b1001 &
#30546
0"
#30547
1"
b1010 &
#30548
0"
#30549
1"
b1011 &
#30550
0"
#30551
1"
b1100 &
#30552
0"
#30553
1"
b1101 &
#30554
0"
#30555
1"
b1110 &
#30556
0"
#30557
1"
b1111 &
#30558
0"
#30559
1"
b0000 &
#30560
0"
#30561
1"
b0001 &
#30562
0"
#30563
1"
b0010 &
#30564
0"
#30565
1"
b0011 &
#30566
0"
#30567
1"
b0100 &
#30568
0"
#30569
1"
b0101 &
#30570
0"
#30571
1"
b0110 &
#30572
0"
#30573
1"
b0111 &
#30574
0"
#30575
1"
b1000 &
#30576
0"
#30577
1"
b1001 &
#30578
0"
#30579
1"
b1010 &
#30580
0"
#30581
1"
b1011 &
#30582
0"
#30583
1"
b1100 &
#30584
0"
#30585
1"
b1101 &
#30586
0"
#30587
1"
b1110 &
#30588
0"
#30589
1"
b1111 &
#30590
0"
#30591
1"
b0000 &
#30592
0"
#30593
1"
b0001 &
#30594
0"
#30595
1"
b0010 &
#30596
0"
#30597
1"
b0011 &
#30598
0"
#30599
1"
b0100 &
#30600
0"
#30601
1"
b0101 &
#30602
0"
#30603
1"
b0110 &
#30604
0"
#30605
1"
b0111 &
#30606
0"
#30607
1"
b1000 &
#30608
0"
#30609
1"
b1001 &
#30610
0"
#30611
1"
b1010 &
#30612
0"
#30613
1"
b1011 &
#30614
0"
#30615
1"
b1100 &
#30616
0"
#30617
1"
b1101 &
#30618
0"
#30619
1"
b1110 &
#30620
0"
#30621
1"
b1111 &
#30622
0"
#30623
1"
b0000 &
#30624
0"
#30625
1"
b0001 &
#30626
0"
#30627
1"
b0010 &
#30628
0"
#30629
1"
b0011 &
#30630
0"
#30631
1"
b0100 &
#30632
0"
#30633
1"
b0101 &
#30634
0"
#30635
1"
b0110 &
#30636
0"
#30637
1"
b0111 &
#30638
0"
#30639
1"
b1000 &
#30640
0"
#30641
1"
b1001 &
#30642
0"
#30643
1"
b1010 &
#30644
0"
#30645
1"
b1011 &
#30646
0"
#30647
1"
b1100 &
#30648
0"
#30649
1"
b1101 &
#30650
0"
#30651
1"
b1110 &
#30652
0"
#30653
1"
b1111 &
#30654
0"
#30655
1"
b0000 &
#30656
0"
#30657
1"
b0001 &
#30658
0"
#30659
1"
b0010 &
#30660
0"
#30661
1"
b0011 &
#30662
0"
#30663
1"
b0100 &
#30664
0"
#30665
1"
b0101 &
#30666
0"
#30667
1"
b0110 &
#30668
0"
#30669
1"
b0111 &
#30670
0"
#30671
1"
b1000 &
#30672
0"
#30673
1"
b1001 &
#30674
0"
#30675
1"
b1010 &
#30676
0"
#30677
1"
b1011 &
#30678
0"
#30679
1"
b1100 &
#30680
0"
#30681
1"
b1101 &
#30682
0"
#30683
1"
b1110 &
#30684
0"
#30685
1"
b1111 &
#30686
0"
#30687
1"
b0000 &
#30688
0"
#30689
1"
b0001 &
#30690
0"
#30691
1"
b0010 &
#30692
0"
#30693
1"
b0011 &
#30694
0"
#30695
1"
b0100 &
#30696
0"
#30697
1"
b0101 &
#30698
0"
#30699
1"
b0110 &
#30700
0"
#30701
1"
b0111 &
#30702
0"
#30703
1"
b1000 &
#30704
0"
#30705
1"
b1001 &
#30706
0"
#30707
1"
b1010 &
#30708
0"
#30709
1"
b1011 &
#30710
0"
#30711
1"
b1100 &
#30712
0"
#30713
1"
b1101 &
#30714
0"
#30715
1"
b1110 &
#30716
0"
#30717
1"
b1111 &
#30718
0"
#30719
1"
b0000 &
#30720
0"
#30721
1"
b0001 &
#30722
0"
#30723
1"
b0010 &
#30724
0"
#30725
1"
b0011 &
#30726
0"
#30727
1"
b0100 &
#30728
0"
#30729
1"
b0101 &
#30730
0"
#30731
1"
b0110 &
#30732
0"
#30733
1"
b0111 &
#30734
0"
#30735
1"
b1000 &
#30736
0"
#30737
1"
b1001 &
#30738
0"
#30739
1"
b1010 &
#30740
0"
#30741
1"
b1011 &
#30742
0"
#30743
1"
b1100 &
#30744
0"
#30745
1"
b1101 &
#30746
0"
#30747
1"
b1110 &
#30748
0"
#30749
1"
b1111 &
#30750
0"
#30751
1"
b0000 &
#30752
0"
#30753
1"
b0001 &
#30754
0"
#30755
1"
b0010 &
#30756
0"
#30757
1"
b0011 &
#30758
0"
#30759
1"
b0100 &
#30760
0"
#30761
1"
b0101 &
#30762
0"
#30763
1"
b0110 &
#30764
0"
#30765
1"
b0111 &
#30766
0"
#30767
1"
b1000 &
#30768
0"
#30769
1"
b1001 &
#30770
0"
#30771
1"
b1010 &
#30772
0"
#30773
1"
b1011 &
#30774
0"
#30775
1"
b1100 &
#30776
0"
#30777
1"
b1101 &
#30778
0"
#30779
1"
b1110 &
#30780
0"
#30781
1"
b1111 &
#30782
0"
#30783
1"
b0000 &
#30784
0"
#30785
1"
b0001 &
#30786
0"
#30787
1"
b0010 &
#30788
0"
#30789
1"
b0011 &
#30790
0"
#30791
1"
b0100 &
#30792
0"
#30793
1"
b0101 &
#30794
0"
#30795
1"
b0110 &
#30796
0"
#30797
1"
b0111 &
#30798
0"
#30799
1"
b1000 &
#30800
0"
#30801
1"
b1001 &
#30802
0"
#30803
1"
b1010 &
#30804
0"
#30805
1"
b1011 &
#30806
0"
#30807
1"
b1100 &
#30808
0"
#30809
1"
b1101 &
#30810
0"
#30811
1"
b1110 &
#30812
0"
#30813
1"
b1111 &
#30814
0"
#30815
1"
b0000 &
#30816
0"
#30817
1"
b0001 &
#30818
0"
#30819
1"
b0010 &
#30820
0"
#30821
1"
b0011 &
#30822
0"
#30823
1"
b0100 &
#30824
0"
#30825
1"
b0101 &
#30826
0"
#30827
1"
b0110 &
#30828
0"
#30829
1"
b0111 &
#30830
0"
#30831
1"
b1000 &
#30832
0"
#30833
1"
b1001 &
#30834
0"
#30835
1"
b1010 &
#30836
0"
#30837
1"
b1011 &
#30838
0"
#30839
1"
b1100 &
#30840
0"
#30841
1"
b1101 &
#30842
0"
#30843
1"
b1110 &
#30844
0"
#30845
1"
b1111 &
#30846
0"
#30847
1"
b0000 &
#30848
0"
#30849
1"
b0001 &
#30850
0"
#30851
1"
b0010 &
#30852
0"
#30853
1"
b0011 &
#30854
0"
#30855
1"
b0100 &
#30856
0"
#30857
1"
b0101 &
#30858
0"
#30859
1"
b0110 &
#30860
0"
#30861
1"
b0111 &
#30862
0"
#30863
1"
b1000 &
#30864
0"
#30865
1"
b1001 &
#30866
0"
#30867
1"
b1010 &
#30868
0"
#30869
1"
b1011 &
#30870
0"
#30871
1"
b1100 &
#30872
0"
#30873
1"
b1101 &
#30874
0"
#30875
1"
b1110 &
#30876
0"
#30877
1"
b1111 &
#30878
0"
#30879
1"
b0000 &
#30880
0"
#30881
1"
b0001 &
#30882
0"
#30883
1"
b0010 &
#30884
0"
#30885
1"
b0011 &
#30886
0"
#30887
1"
b0100 &
#30888
0"
#30889
1"
b0101 &
#30890
0"
#30891
1"
b0110 &
#30892
0"
#30893
1"
b0111 &
#30894
0"
#30895
1"
b1000 &
#30896
0"
#30897
1"
b1001 &
#30898
0"
#30899
1"
b1010 &
#30900
0"
#30901
1"
b1011 &
#30902
0"
#30903
1"
b1100 &
#30904
0"
#30905
1"
b1101 &
#30906
0"
#30907
1"
b1110 &
#30908
0"
#30909
1"
b1111 &
#30910
0"
#30911
1"
b0000 &
#30912
0"
#30913
1"
b0001 &
#30914
0"
#30915
1"
b0010 &
#30916
0"
#30917
1"
b0011 &
#30918
0"
#30919
1"
b0100 &
#30920
0"
#30921
1"
b0101 &
#30922
0"
#30923
1"
b0110 &
#30924
0"
#30925
1"
b0111 &
#30926
0"
#30927
1"
b1000 &
#30928
0"
#30929
1"
b1001 &
#30930
0"
#30931
1"
b1010 &
#30932
0"
#30933
1"
b1011 &
#30934
0"
#30935
1"
b1100 &
#30936
0"
#30937
1"
b1101 &
#30938
0"
#30939
1"
b1110 &
#30940
0"
#30941
1"
b1111 &
#30942
0"
#30943
1"
b0000 &
#30944
0"
#30945
1"
b0001 &
#30946
0"
#30947
1"
b0010 &
#30948
0"
#30949
1"
b0011 &
#30950
0"
#30951
1"
b0100 &
#30952
0"
#30953
1"
b0101 &
#30954
0"
#30955
1"
b0110 &
#30956
0"
#30957
1"
b0111 &
#30958
0"
#30959
1"
b1000 &
#30960
0"
#30961
1"
b1001 &
#30962
0"
#30963
1"
b1010 &
#30964
0"
#30965
1"
b1011 &
#30966
0"
#30967
1"
b1100 &
#30968
0"
#30969
1"
b1101 &
#30970
0"
#30971
1"
b1110 &
#30972
0"
#30973
1"
b1111 &
#30974
0"
#30975
1"
b0000 &
#30976
0"
#30977
1"
b0001 &
#30978
0"
#30979
1"
b0010 &
#30980
0"
#30981
1"
b0011 &
#30982
0"
#30983
1"
b0100 &
#30984
0"
#30985
1"
b0101 &
#30986
0"
#30987
1"
b0110 &
#30988
0"
#30989
1"
b0111 &
#30990
0"
#30991
1"
b1000 &
#30992
0"
#30993
1"
b1001 &
#30994
0"
#30995
1"
b1010 &
#30996
0"
#30997
1"
b1011 &
#30998
0"
#30999
1"
b1100 &
#31000
0"
#31001
1"
b1101 &
#31002
0"
#31003
1"
b1110 &
#31004
0"
#31005
1"
b1111 &
#31006
0"
#31007
1"
b0000 &
#31008
0"
#31009
1"
b0001 &
#31010
0"
#31011
1"
b0010 &
#31012
0"
#31013
1"
b0011 &
#31014
0"
#31015
1"
b0100 &
#31016
0"
#31017
1"
b0101 &
#31018
0"
#31019
1"
b0110 &
#31020
0"
#31021
1"
b0111 &
#31022
0"
#31023
1"
b1000 &
#31024
0"
#31025
1"
b1001 &
#31026
0"
#31027
1"
b1010 &
#31028
0"
#31029
1"
b1011 &
#31030
0"
#31031
1"
b1100 &
#31032
0"
#31033
1"
b1101 &
#31034
0"
#31035
1"
b1110 &
#31036
0"
#31037
1"
b1111 &
#31038
0"
#31039
1"
b0000 &
#31040
0"
#31041
1"
b0001 &
#31042
0"
#31043
1"
b0010 &
#31044
0"
#31045
1"
b0011 &
#31046
0"
#31047
1"
b0100 &
#31048
0"
#31049
1"
b0101 &
#31050
0"
#31051
1"
b0110 &
#31052
0"
#31053
1"
b0111 &
#31054
0"
#31055
1"
b1000 &
#31056
0"
#31057
1"
b1001 &
#31058
0"
#31059
1"
b1010 &
#31060
0"
#31061
1"
b1011 &
#31062
0"
#31063
1"
b1100 &
#31064
0"
#31065
1"
b1101 &
#31066
0"
#31067
1"
b1110 &
#31068
0"
#31069
1"
b1111 &
#31070
0"
#31071
1"
b0000 &
#31072
0"
#31073
1"
b0001 &
#31074
0"
#31075
1"
b0010 &
#31076
0"
#31077
1"
b0011 &
#31078
0"
#31079
1"
b0100 &
#31080
0"
#31081
1"
b0101 &
#31082
0"
#31083
1"
b0110 &
#31084
0"
#31085
1"
b0111 &
#31086
0"
#31087
1"
b1000 &
#31088
0"
#31089
1"
b1001 &
#31090
0"
#31091
1"
b1010 &
#31092
0"
#31093
1"
b1011 &
#31094
0"
#31095
1"
b1100 &
#31096
0"
#31097
1"
b1101 &
#31098
0"
#31099
1"
b1110 &
#31100
0"
#31101
1"
b1111 &
#31102
0"
#31103
1"
b0000 &
#31104
0"
#31105
1"
b0001 &
#31106
0"
#31107
1"
b0010 &
#31108
0"
#31109
1"
b0011 &
#31110
0"
#31111
1"
b0100 &
#31112
0"
#31113
1"
b0101 &
#31114
0"
#31115
1"
b0110 &
#31116
0"
#31117
1"
b0111 &
#31118
0"
#31119
1"
b1000 &
#31120
0"
#31121
1"
b1001 &
#31122
0"
#31123
1"
b1010 &
#31124
0"
#31125
1"
b1011 &
#31126
0"
#31127
1"
b1100 &
#31128
0"
#31129
1"
b1101 &
#31130
0"
#31131
1"
b1110 &
#31132
0"
#31133
1"
b1111 &
#31134
0"
#31135
1"
b0000 &
#31136
0"
#31137
1"
b0001 &
#31138
0"
#31139
1"
b0010 &
#31140
0"
#31141
1"
b0011 &
#31142
0"
#31143
1"
b0100 &
#31144
0"
#31145
1"
b0101 &
#31146
0"
#31147
1"
b0110 &
#31148
0"
#31149
1"
b0111 &
#31150
0"
#31151
1"
b1000 &
#31152
0"
#31153
1"
b1001 &
#31154
0"
#31155
1"
b1010 &
#31156
0"
#31157
1"
b1011 &
#31158
0"
#31159
1"
b1100 &
#31160
0"
#31161
1"
b1101 &
#31162
0"
#31163
1"
b1110 &
#31164
0"
#31165
1"
b1111 &
#31166
0"
#31167
1"
b0000 &
#31168
0"
#31169
1"
b0001 &
#31170
0"
#31171
1"
b0010 &
#31172
0"
#31173
1"
b0011 &
#31174
0"
#31175
1"
b0100 &
#31176
0"
#31177
1"
b0101 &
#31178
0"
#31179
1"
b0110 &
#31180
0"
#31181
1"
b0111 &
#31182
0"
#31183
1"
b1000 &
#31184
0"
#31185
1"
b1001 &
#31186
0"
#31187
1"
b1010 &
#31188
0"
#31189
1"
b1011 &
#31190
0"
#31191
1"
b1100 &
#31192
0"
#31193
1"
b1101 &
#31194
0"
#31195
1"
b1110 &
#31196
0"
#31197
1"
b1111 &
#31198
0"
#31199
1"
b0000 &
#31200
0"
#31201
1"
b0001 &
#31202
0"
#31203
1"
b0010 &
#31204
0"
#31205
1"
b0011 &
#31206
0"
#31207
1"
b0100 &
#31208
0"
#31209
1"
b0101 &
#31210
0"
#31211
1"
b0110 &
#31212
0"
#31213
1"
b0111 &
#31214
0"
#31215
1"
b1000 &
#31216
0"
#31217
1"
b1001 &
#31218
0"
#31219
1"
b1010 &
#31220
0"
#31221
1"
b1011 &
#31222
0"
#31223
1"
b1100 &
#31224
0"
#31225
1"
b1101 &
#31226
0"
#31227
1"
b1110 &
#31228
0"
#31229
1"
b1111 &
#31230
0"
#31231
1"
b0000 &
#31232
0"
#31233
1"
b0001 &
#31234
0"
#31235
1"
b0010 &
#31236
0"
#31237
1"
b0011 &
#31238
0"
#31239
1"
b0100 &
#31240
0"
#31241
1"
b0101 &
#31242
0"
#31243
1"
b0110 &
#31244
0"
#31245
1"
b0111 &
#31246
0"
#31247
1"
b1000 &
#31248
0"
#31249
1"
b1001 &
#31250
0"
#31251
1"
b1010 &
#31252
0"
#31253
1"
b1011 &
#31254
0"
#31255
1"
b1100 &
#31256
0"
#31257
1"
b1101 &
#31258
0"
#31259
1"
b1110 &
#31260
0"
#31261
1"
b1111 &
#31262
0"
#31263
1"
b0000 &
#31264
0"
#31265
1"
b0001 &
#31266
0"
#31267
1"
b0010 &
#31268
0"
#31269
1"
b0011 &
#31270
0"
#31271
1"
b0100 &
#31272
0"
#31273
1"
b0101 &
#31274
0"
#31275
1"
b0110 &
#31276
0"
#31277
1"
b0111 &
#31278
0"
#31279
1"
b1000 &
#31280
0"
#31281
1"
b1001 &
#31282
0"
#31283
1"
b1010 &
#31284
0"
#31285
1"
b1011 &
#31286
0"
#31287
1"
b1100 &
#31288
0"
#31289
1"
b1101 &
#31290
0"
#31291
1"
b1110 &
#31292
0"
#31293
1"
b1111 &
#31294
0"
#31295
1"
b0000 &
#31296
0"
#31297
1"
b0001 &
#31298
0"
#31299
1"
b0010 &
#31300
0"
#31301
1"
b0011 &
#31302
0"
#31303
1"
b0100 &
#31304
0"
#31305
1"
b0101 &
#31306
0"
#31307
1"
b0110 &
#31308
0"
#31309
1"
b0111 &
#31310
0"
#31311
1"
b1000 &
#31312
0"
#31313
1"
b1001 &
#31314
0"
#31315
1"
b1010 &
#31316
0"
#31317
1"
b1011 &
#31318
0"
#31319
1"
b1100 &
#31320
0"
#31321
1"
b1101 &
#31322
0"
#31323
1"
b1110 &
#31324
0"
#31325
1"
b1111 &
#31326
0"
#31327
1"
b0000 &
#31328
0"
#31329
1"
b0001 &
#31330
0"
#31331
1"
b0010 &
#31332
0"
#31333
1"
b0011 &
#31334
0"
#31335
1"
b0100 &
#31336
0"
#31337
1"
b0101 &
#31338
0"
#31339
1"
b0110 &
#31340
0"
#31341
1"
b0111 &
#31342
0"
#31343
1"
b1000 &
#31344
0"
#31345
1"
b1001 &
#31346
0"
#31347
1"
b1010 &
#31348
0"
#31349
1"
b1011 &
#31350
0"
#31351
1"
b1100 &
#31352
0"
#31353
1"
b1101 &
#31354
0"
#31355
1"
b1110 &
#31356
0"
#31357
1"
b1111 &
#31358
0"
#31359
1"
b0000 &
#31360
0"
#31361
1"
b0001 &
#31362
0"
#31363
1"
b0010 &
#31364
0"
#31365
1"
b0011 &
#31366
0"
#31367
1"
b0100 &
#31368
0"
#31369
1"
b0101 &
#31370
0"
#31371
1"
b0110 &
#31372
0"
#31373
1"
b0111 &
#31374
0"
#31375
1"
b1000 &
#31376
0"
#31377
1"
b1001 &
#31378
0"
#31379
1"
b1010 &
#31380
0"
#31381
1"
b1011 &
#31382
0"
#31383
1"
b1100 &
#31384
0"
#31385
1"
b1101 &
#31386
0"
#31387
1"
b1110 &
#31388
0"
#31389
1"
b1111 &
#31390
0"
#31391
1"
b0000 &
#31392
0"
#31393
1"
b0001 &
#31394
0"
#31395
1"
b0010 &
#31396
0"
#31397
1"
b0011 &
#31398
0"
#31399
1"
b0100 &
#31400
0"
#31401
1"
b0101 &
#31402
0"
#31403
1"
b0110 &
#31404
0"
#31405
1"
b0111 &
#31406
0"
#31407
1"
b1000 &
#31408
0"
#31409
1"
b1001 &
#31410
0"
#31411
1"
b1010 &
#31412
0"
#31413
1"
b1011 &
#31414
0"
#31415
1"
b1100 &
#31416
0"
#31417
1"
b1101 &
#31418
0"
#31419
1"
b1110 &
#31420
0"
#31421
1"
b1111 &
#31422
0"
#31423
1"
b0000 &
#31424
0"
#31425
1"
b0001 &
#31426
0"
#31427
1"
b0010 &
#31428
0"
#31429
1"
b0011 &
#31430
0"
#31431
1"
b0100 &
#31432
0"
#31433
1"
b0101 &
#31434
0"
#31435
1"
b0110 &
#31436
0"
#31437
1"
b0111 &
#31438
0"
#31439
1"
b1000 &
#31440
0"
#31441
1"
b1001 &
#31442
0"
#31443
1"
b1010 &
#31444
0"
#31445
1"
b1011 &
#31446
0"
#31447
1"
b1100 &
#31448
0"
#31449
1"
b1101 &
#31450
0"
#31451
1"
b1110 &
#31452
0"
#31453
1"
b1111 &
#31454
0"
#31455
1"
b0000 &
#31456
0"
#31457
1"
b0001 &
#31458
0"
#31459
1"
b0010 &
#31460
0"
#31461
1"
b0011 &
#31462
0"
#31463
1"
b0100 &
#31464
0"
#31465
1"
b0101 &
#31466
0"
#31467
1"
b0110 &
#31468
0"
#31469
1"
b0111 &
#31470
0"
#31471
1"
b1000 &
#31472
0"
#31473
1"
b1001 &
#31474
0"
#31475
1"
b1010 &
#31476
0"
#31477
1"
b1011 &
#31478
0"
#31479
1"
b1100 &
#31480
0"
#31481
1"
b1101 &
#31482
0"
#31483
1"
b1110 &
#31484
0"
#31485
1"
b1111 &
#31486
0"
#31487
1"
b0000 &
#31488
0"
#31489
1"
b0001 &
#31490
0"
#31491
1"
b0010 &
#31492
0"
#31493
1"
b0011 &
#31494
0"
#31495
1"
b0100 &
#31496
0"
#31497
1"
b0101 &
#31498
0"
#31499
1"
b0110 &
#31500
0"
#31501
1"
b0111 &
#31502
0"
#31503
1"
b1000 &
#31504
0"
#31505
1"
b1001 &
#31506
0"
#31507
1"
b1010 &
#31508
0"
#31509
1"
b1011 &
#31510
0"
#31511
1"
b1100 &
#31512
0"
#31513
1"
b1101 &
#31514
0"
#31515
1"
b1110 &
#31516
0"
#31517
1"
b1111 &
#31518
0"
#31519
1"
b0000 &
#31520
0"
#31521
1"
b0001 &
#31522
0"
#31523
1"
b0010 &
#31524
0"
#31525
1"
b0011 &
#31526
0"
#31527
1"
b0100 &
#31528
0"
#31529
1"
b0101 &
#31530
0"
#31531
1"
b0110 &
#31532
0"
#31533
1"
b0111 &
#31534
0"
#31535
1"
b1000 &
#31536
0"
#31537
1"
b1001 &
#31538
0"
#31539
1"
b1010 &
#31540
0"
#31541
1"
b1011 &
#31542
0"
#31543
1"
b1100 &
#31544
0"
#31545
1"
b1101 &
#31546
0"
#31547
1"
b1110 &
#31548
0"
#31549
1"
b1111 &
#31550
0"
#31551
1"
b0000 &
#31552
0"
#31553
1"
b0001 &
#31554
0"
#31555
1"
b0010 &
#31556
0"
#31557
1"
b0011 &
#31558
0"
#31559
1"
b0100 &
#31560
0"
#31561
1"
b0101 &
#31562
0"
#31563
1"
b0110 &
#31564
0"
#31565
1"
b0111 &
#31566
0"
#31567
1"
b1000 &
#31568
0"
#31569
1"
b1001 &
#31570
0"
#31571
1"
b1010 &
#31572
0"
#31573
1"
b1011 &
#31574
0"
#31575
1"
b1100 &
#31576
0"
#31577
1"
b1101 &
#31578
0"
#31579
1"
b1110 &
#31580
0"
#31581
1"
b1111 &
#31582
0"
#31583
1"
b0000 &
#31584
0"
#31585
1"
b0001 &
#31586
0"
#31587
1"
b0010 &
#31588
0"
#31589
1"
b0011 &
#31590
0"
#31591
1"
b0100 &
#31592
0"
#31593
1"
b0101 &
#31594
0"
#31595
1"
b0110 &
#31596
0"
#31597
1"
b0111 &
#31598
0"
#31599
1"
b1000 &
#31600
0"
#31601
1"
b1001 &
#31602
0"
#31603
1"
b1010 &
#31604
0"
#31605
1"
b1011 &
#31606
0"
#31607
1"
b1100 &
#31608
0"
#31609
1"
b1101 &
#31610
0"
#31611
1"
b1110 &
#31612
0"
#31613
1"
b1111 &
#31614
0"
#31615
1"
b0000 &
#31616
0"
#31617
1"
b0001 &
#31618
0"
#31619
1"
b0010 &
#31620
0"
#31621
1"
b0011 &
#31622
0"
#31623
1"
b0100 &
#31624
0"
#31625
1"
b0101 &
#31626
0"
#31627
1"
b0110 &
#31628
0"
#31629
1"
b0111 &
#31630
0"
#31631
1"
b1000 &
#31632
0"
#31633
1"
b1001 &
#31634
0"
#31635
1"
b1010 &
#31636
0"
#31637
1"
b1011 &
#31638
0"
#31639
1"
b1100 &
#31640
0"
#31641
1"
b1101 &
#31642
0"
#31643
1"
b1110 &
#31644
0"
#31645
1"
b1111 &
#31646
0"
#31647
1"
b0000 &
#31648
0"
#31649
1"
b0001 &
#31650
0"
#31651
1"
b0010 &
#31652
0"
#31653
1"
b0011 &
#31654
0"
#31655
1"
b0100 &
#31656
0"
#31657
1"
b0101 &
#31658
0"
#31659
1"
b0110 &
#31660
0"
#31661
1"
b0111 &
#31662
0"
#31663
1"
b1000 &
#31664
0"
#31665
1"
b1001 &
#31666
0"
#31667
1"
b1010 &
#31668
0"
#31669
1"
b1011 &
#31670
0"
#31671
1"
b1100 &
#31672
0"
#31673
1"
b1101 &
#31674
0"
#31675
1"
b1110 &
#31676
0"
#31677
1"
b1111 &
#31678
0"
#31679
1"
b0000 &
#31680
0"
#31681
1"
b0001 &
#31682
0"
#31683
1"
b0010 &
#31684
0"
#31685
1"
b0011 &
#31686
0"
#31687
1"
b0100 &
#31688
0"
#31689
1"
b0101 &
#31690
0"
#31691
1"
b0110 &
#31692
0"
#31693
1"
b0111 &
#31694
0"
#31695
1"
b1000 &
#31696
0"
#31697
1"
b1001 &
#31698
0"
#31699
1"
b1010 &
#31700
0"
#31701
1"
b1011 &
#31702
0"
#31703
1"
b1100 &
#31704
0"
#31705
1"
b1101 &
#31706
0"
#31707
1"
b1110 &
#31708
0"
#31709
1"
b1111 &
#31710
0"
#31711
1"
b0000 &
#31712
0"
#31713
1"
b0001 &
#31714
0"
#31715
1"
b0010 &
#31716
0"
#31717
1"
b0011 &
#31718
0"
#31719
1"
b0100 &
#31720
0"
#31721
1"
b0101 &
#31722
0"
#31723
1"
b0110 &
#31724
0"
#31725
1"
b0111 &
#31726
0"
#31727
1"
b1000 &
#31728
0"
#31729
1"
b1001 &
#31730
0"
#31731
1"
b1010 &
#31732
0"
#31733
1"
b1011 &
#31734
0"
#31735
1"
b1100 &
#31736
0"
#31737
1"
b1101 &
#31738
0"
#31739
1"
b1110 &
#31740
0"
#31741
1"
b1111 &
#31742
0"
#31743
1"
b0000 &
#31744
0"
#31745
1"
b0001 &
#31746
0"
#31747
1"
b0010 &
#31748
0"
#31749
1"
b0011 &
#31750
0"
#31751
1"
b0100 &
#31752
0"
#31753
1"
b0101 &
#31754
0"
#31755
1"
b0110 &
#31756
0"
#31757
1"
b0111 &
#31758
0"
#31759
1"
b1000 &
#31760
0"
#31761
1"
b1001 &
#31762
0"
#31763
1"
b1010 &
#31764
0"
#31765
1"
b1011 &
#31766
0"
#31767
1"
b1100 &
#31768
0"
#31769
1"
b1101 &
#31770
0"
#31771
1"
b1110 &
#31772
0"
#31773
1"
b1111 &
#31774
0"
#31775
1"
b0000 &
#31776
0"
#31777
1"
b0001 &
#31778
0"
#31779
1"
b0010 &
#31780
0"
#31781
1"
b0011 &
#31782
0"
#31783
1"
b0100 &
#31784
0"
#31785
1"
b0101 &
#31786
0"
#31787
1"
b0110 &
#31788
0"
#31789
1"
b0111 &
#31790
0"
#31791
1"
b1000 &
#31792
0"
#31793
1"
b1001 &
#31794
0"
#31795
1"
b1010 &
#31796
0"
#31797
1"
b1011 &
#31798
0"
#31799
1"
b1100 &
#31800
0"
#31801
1"
b1101 &
#31802
0"
#31803
1"
b1110 &
#31804
0"
#31805
1"
b1111 &
#31806
0"
#31807
1"
b0000 &
#31808
0"
#31809
1"
b0001 &
#31810
0"
#31811
1"
b0010 &
#31812
0"
#31813
1"
b0011 &
#31814
0"
#31815
1"
b0100 &
#31816
0"
#31817
1"
b0101 &
#31818
0"
#31819
1"
b0110 &
#31820
0"
#31821
1"
b0111 &
#31822
0"
#31823
1"
b1000 &
#31824
0"
#31825
1"
b1001 &
#31826
0"
#31827
1"
b1010 &
#31828
0"
#31829
1"
b1011 &
#31830
0"
#31831
1"
b1100 &
#31832
0"
#31833
1"
b1101 &
#31834
0"
#31835
1"
b1110 &
#31836
0"
#31837
1"
b1111 &
#31838
0"
#31839
1"
b0000 &
#31840
0"
#31841
1"
b0001 &
#31842
0"
#31843
1"
b0010 &
#31844
0"
#31845
1"
b0011 &
#31846
0"
#31847
1"
b0100 &
#31848
0"
#31849
1"
b0101 &
#31850
0"
#31851
1"
b0110 &
#31852
0"
#31853
1"
b0111 &
#31854
0"
#31855
1"
b1000 &
#31856
0"
#31857
1"
b1001 &
#31858
0"
#31859
1"
b1010 &
#31860
0"
#31861
1"
b1011 &
#31862
0"
#31863
1"
b1100 &
#31864
0"
#31865
1"
b1101 &
#31866
0"
#31867
1"
b1110 &
#31868
0"
#31869
1"
b1111 &
#31870
0"
#31871
1"
b0000 &
#31872
0"
#31873
1"
b0001 &
#31874
0"
#31875
1"
b0010 &
#31876
0"
#31877
1"
b0011 &
#31878
0"
#31879
1"
b0100 &
#31880
0"
#31881
1"
b0101 &
#31882
0"
#31883
1"
b0110 &
#31884
0"
#31885
1"
b0111 &
#31886
0"
#31887
1"
b1000 &
#31888
0"
#31889
1"
b1001 &
#31890
0"
#31891
1"
b1010 &
#31892
0"
#31893
1"
b1011 &
#31894
0"
#31895
1"
b1100 &
#31896
0"
#31897
1"
b1101 &
#31898
0"
#31899
1"
b1110 &
#31900
0"
#31901
1"
b1111 &
#31902
0"
#31903
1"
b0000 &
#31904
0"
#31905
1"
b0001 &
#31906
0"
#31907
1"
b0010 &
#31908
0"
#31909
1"
b0011 &
#31910
0"
#31911
1"
b0100 &
#31912
0"
#31913
1"
b0101 &
#31914
0"
#31915
1"
b0110 &
#31916
0"
#31917
1"
b0111 &
#31918
0"
#31919
1"
b1000 &
#31920
0"
#31921
1"
b1001 &
#31922
0"
#31923
1"
b1010 &
#31924
0"
#31925
1"
b1011 &
#31926
0"
#31927
1"
b1100 &
#31928
0"
#31929
1"
b1101 &
#31930
0"
#31931
1"
b1110 &
#31932
0"
#31933
1"
b1111 &
#31934
0"
#31935
1"
b0000 &
#31936
0"
#31937
1"
b0001 &
#31938
0"
#31939
1"
b0010 &
#31940
0"
#31941
1"
b0011 &
#31942
0"
#31943
1"
b0100 &
#31944
0"
#31945
1"
b0101 &
#31946
0"
#31947
1"
b0110 &
#31948
0"
#31949
1"
b0111 &
#31950
0"
#31951
1"
b1000 &
#31952
0"
#31953
1"
b1001 &
#31954
0"
#31955
1"
b1010 &
#31956
0"
#31957
1"
b1011 &
#31958
0"
#31959
1"
b1100 &
#31960
0"
#31961
1"
b1101 &
#31962
0"
#31963
1"
b1110 &
#31964
0"
#31965
1"
b1111 &
#31966
0"
#31967
1"
b0000 &
#31968
0"
#31969
1"
b0001 &
#31970
0"
#31971
1"
b0010 &
#31972
0"
#31973
1"
b0011 &
#31974
0"
#31975
1"
b0100 &
#31976
0"
#31977
1"
b0101 &
#31978
0"
#31979
1"
b0110 &
#31980
0"
#31981
1"
b0111 &
#31982
0"
#31983
1"
b1000 &
#31984
0"
#31985
1"
b1001 &
#31986
0"
#31987
1"
b1010 &
#31988
0"
#31989
1"
b1011 &
#31990
0"
#31991
1"
b1100 &
#31992
0"
#31993
1"
b1101 &
#31994
0"
#31995
1"
b1110 &
#31996
0"
#31997
1"
b1111 &
#31998
0"
#31999
1"
b0000 &
#32000
0"
#32001
1"
b0001 &
#32002
0"
#32003
1"
b0010 &
#32004
0"
#32005
1"
b0011 &
#32006
0"
#32007
1"
b0100 &
#32008
0"
#32009
1"
b0101 &
#32010
0"
#32011
1"
b0110 &
#32012
0"
#32013
1"
b0111 &
#32014
0"
#32015
1"
b1000 &
#32016
0"
#32017
1"
b1001 &
#32018
0"
#32019
1"
b1010 &
#32020
0"
#32021
1"
b1011 &
#32022
0"
#32023
1"
b1100 &
#32024
0"
#32025
1"
b1101 &
#32026
0"
#32027
1"
b1110 &
#32028
0"
#32029
1"
b1111 &
#32030
0"
#32031
1"
b0000 &
#32032
0"
#32033
1"
b0001 &
#32034
0"
#32035
1"
b0010 &
#32036
0"
#32037
1"
b0011 &
#32038
0"
#32039
1"
b0100 &
#32040
0"
#32041
1"
b0101 &
#32042
0"
#32043
1"
b0110 &
#32044
0"
#32045
1"
b0111 &
#32046
0"
#32047
1"
b1000 &
#32048
0"
#32049
1"
b1001 &
#32050
0"
#32051
1"
b1010 &
#32052
0"
#32053
1"
b1011 &
#32054
0"
#32055
1"
b1100 &
#32056
0"
#32057
1"
b1101 &
#32058
0"
#32059
1"
b1110 &
#32060
0"
#32061
1"
b1111 &
#32062
0"
#32063
1"
b0000 &
#32064
0"
#32065
1"
b0001 &
#32066
0"
#32067
1"
b0010 &
#32068
0"
#32069
1"
b0011 &
#32070
0"
#32071
1"
b0100 &
#32072
0"
#32073
1"
b0101 &
#32074
0"
#32075
1"
b0110 &
#32076
0"
#32077
1"
b0111 &
#32078
0"
#32079
1"
b1000 &
#32080
0"
#32081
1"
b1001 &
#32082
0"
#32083
1"
b1010 &
#32084
0"
#32085
1"
b1011 &
#32086
0"
#32087
1"
b1100 &
#32088
0"
#32089
1"
b1101 &
#32090
0"
#32091
1"
b1110 &
#32092
0"
#32093
1"
b1111 &
#32094
0"
#32095
1"
b0000 &
#32096
0"
#32097
1"
b0001 &
#32098
0"
#32099
1"
b0010 &
#32100
0"
#32101
1"
b0011 &
#32102
0"
#32103
1"
b0100 &
#32104
0"
#32105
1"
b0101 &
#32106
0"
#32107
1"
b0110 &
#32108
0"
#32109
1"
b0111 &
#32110
0"
#32111
1"
b1000 &
#32112
0"
#32113
1"
b1001 &
#32114
0"
#32115
1"
b1010 &
#32116
0"
#32117
1"
b1011 &
#32118
0"
#32119
1"
b1100 &
#32120
0"
#32121
1"
b1101 &
#32122
0"
#32123
1"
b1110 &
#32124
0"
#32125
1"
b1111 &
#32126
0"
#32127
1"
b0000 &
#32128
0"
#32129
1"
b0001 &
#32130
0"
#32131
1"
b0010 &
#32132
0"
#32133
1"
b0011 &
#32134
0"
#32135
1"
b0100 &
#32136
0"
#32137
1"
b0101 &
#32138
0"
#32139
1"
b0110 &
#32140
0"
#32141
1"
b0111 &
#32142
0"
#32143
1"
b1000 &
#32144
0"
#32145
1"
b1001 &
#32146
0"
#32147
1"
b1010 &
#32148
0"
#32149
1"
b1011 &
#32150
0"
#32151
1"
b1100 &
#32152
0"
#32153
1"
b1101 &
#32154
0"
#32155
1"
b1110 &
#32156
0"
#32157
1"
b1111 &
#32158
0"
#32159
1"
b0000 &
#32160
0"
#32161
1"
b0001 &
#32162
0"
#32163
1"
b0010 &
#32164
0"
#32165
1"
b0011 &
#32166
0"
#32167
1"
b0100 &
#32168
0"
#32169
1"
b0101 &
#32170
0"
#32171
1"
b0110 &
#32172
0"
#32173
1"
b0111 &
#32174
0"
#32175
1"
b1000 &
#32176
0"
#32177
1"
b1001 &
#32178
0"
#32179
1"
b1010 &
#32180
0"
#32181
1"
b1011 &
#32182
0"
#32183
1"
b1100 &
#32184
0"
#32185
1"
b1101 &
#32186
0"
#32187
1"
b1110 &
#32188
0"
#32189
1"
b1111 &
#32190
0"
#32191
1"
b0000 &
#32192
0"
#32193
1"
b0001 &
#32194
0"
#32195
1"
b0010 &
#32196
0"
#32197
1"
b0011 &
#32198
0"
#32199
1"
b0100 &
#32200
0"
#32201
1"
b0101 &
#32202
0"
#32203
1"
b0110 &
#32204
0"
#32205
1"
b0111 &
#32206
0"
#32207
1"
b1000 &
#32208
0"
#32209
1"
b1001 &
#32210
0"
#32211
1"
b1010 &
#32212
0"
#32213
1"
b1011 &
#32214
0"
#32215
1"
b1100 &
#32216
0"
#32217
1"
b1101 &
#32218
0"
#32219
1"
b1110 &
#32220
0"
#32221
1"
b1111 &
#32222
0"
#32223
1"
b0000 &
#32224
0"
#32225
1"
b0001 &
#32226
0"
#32227
1"
b0010 &
#32228
0"
#32229
1"
b0011 &
#32230
0"
#32231
1"
b0100 &
#32232
0"
#32233
1"
b0101 &
#32234
0"
#32235
1"
b0110 &
#32236
0"
#32237
1"
b0111 &
#32238
0"
#32239
1"
b1000 &
#32240
0"
#32241
1"
b1001 &
#32242
0"
#32243
1"
b1010 &
#32244
0"
#32245
1"
b1011 &
#32246
0"
#32247
1"
b1100 &
#32248
0"
#32249
1"
b1101 &
#32250
0"
#32251
1"
b1110 &
#32252
0"
#32253
1"
b1111 &
#32254
0"
#32255
1"
b0000 &
#32256
0"
#32257
1"
b0001 &
#32258
0"
#32259
1"
b0010 &
#32260
0"
#32261
1"
b0011 &
#32262
0"
#32263
1"
b0100 &
#32264
0"
#32265
1"
b0101 &
#32266
0"
#32267
1"
b0110 &
#32268
0"
#32269
1"
b0111 &
#32270
0"
#32271
1"
b1000 &
#32272
0"
#32273
1"
b1001 &
#32274
0"
#32275
1"
b1010 &
#32276
0"
#32277
1"
b1011 &
#32278
0"
#32279
1"
b1100 &
#32280
0"
#32281
1"
b1101 &
#32282
0"
#32283
1"
b1110 &
#32284
0"
#32285
1"
b1111 &
#32286
0"
#32287
1"
b0000 &
#32288
0"
#32289
1"
b0001 &
#32290
0"
#32291
1"
b0010 &
#32292
0"
#32293
1"
b0011 &
#32294
0"
#32295
1"
b0100 &
#32296
0"
#32297
1"
b0101 &
#32298
0"
#32299
1"
b0110 &
#32300
0"
#32301
1"
b0111 &
#32302
0"
#32303
1"
b1000 &
#32304
0"
#32305
1"
b1001 &
#32306
0"
#32307
1"
b1010 &
#32308
0"
#32309
1"
b1011 &
#32310
0"
#32311
1"
b1100 &
#32312
0"
#32313
1"
b1101 &
#32314
0"
#32315
1"
b1110 &
#32316
0"
#32317
1"
b1111 &
#32318
0"
#32319
1"
b0000 &
#32320
0"
#32321
1"
b0001 &
#32322
0"
#32323
1"
b0010 &
#32324
0"
#32325
1"
b0011 &
#32326
0"
#32327
1"
b0100 &
#32328
0"
#32329
1"
b0101 &
#32330
0"
#32331
1"
b0110 &
#32332
0"
#32333
1"
b0111 &
#32334
0"
#32335
1"
b1000 &
#32336
0"
#32337
1"
b1001 &
#32338
0"
#32339
1"
b1010 &
#32340
0"
#32341
1"
b1011 &
#32342
0"
#32343
1"
b1100 &
#32344
0"
#32345
1"
b1101 &
#32346
0"
#32347
1"
b1110 &
#32348
0"
#32349
1"
b1111 &
#32350
0"
#32351
1"
b0000 &
#32352
0"
#32353
1"
b0001 &
#32354
0"
#32355
1"
b0010 &
#32356
0"
#32357
1"
b0011 &
#32358
0"
#32359
1"
b0100 &
#32360
0"
#32361
1"
b0101 &
#32362
0"
#32363
1"
b0110 &
#32364
0"
#32365
1"
b0111 &
#32366
0"
#32367
1"
b1000 &
#32368
0"
#32369
1"
b1001 &
#32370
0"
#32371
1"
b1010 &
#32372
0"
#32373
1"
b1011 &
#32374
0"
#32375
1"
b1100 &
#32376
0"
#32377
1"
b1101 &
#32378
0"
#32379
1"
b1110 &
#32380
0"
#32381
1"
b1111 &
#32382
0"
#32383
1"
b0000 &
#32384
0"
#32385
1"
b0001 &
#32386
0"
#32387
1"
b0010 &
#32388
0"
#32389
1"
b0011 &
#32390
0"
#32391
1"
b0100 &
#32392
0"
#32393
1"
b0101 &
#32394
0"
#32395
1"
b0110 &
#32396
0"
#32397
1"
b0111 &
#32398
0"
#32399
1"
b1000 &
#32400
0"
#32401
1"
b1001 &
#32402
0"
#32403
1"
b1010 &
#32404
0"
#32405
1"
b1011 &
#32406
0"
#32407
1"
b1100 &
#32408
0"
#32409
1"
b1101 &
#32410
0"
#32411
1"
b1110 &
#32412
0"
#32413
1"
b1111 &
#32414
0"
#32415
1"
b0000 &
#32416
0"
#32417
1"
b0001 &
#32418
0"
#32419
1"
b0010 &
#32420
0"
#32421
1"
b0011 &
#32422
0"
#32423
1"
b0100 &
#32424
0"
#32425
1"
b0101 &
#32426
0"
#32427
1"
b0110 &
#32428
0"
#32429
1"
b0111 &
#32430
0"
#32431
1"
b1000 &
#32432
0"
#32433
1"
b1001 &
#32434
0"
#32435
1"
b1010 &
#32436
0"
#32437
1"
b1011 &
#32438
0"
#32439
1"
b1100 &
#32440
0"
#32441
1"
b1101 &
#32442
0"
#32443
1"
b1110 &
#32444
0"
#32445
1"
b1111 &
#32446
0"
#32447
1"
b0000 &
#32448
0"
#32449
1"
b0001 &
#32450
0"
#32451
1"
b0010 &
#32452
0"
#32453
1"
b0011 &
#32454
0"
#32455
1"
b0100 &
#32456
0"
#32457
1"
b0101 &
#32458
0"
#32459
1"
b0110 &
#32460
0"
#32461
1"
b0111 &
#32462
0"
#32463
1"
b1000 &
#32464
0"
#32465
1"
b1001 &
#32466
0"
#32467
1"
b1010 &
#32468
0"
#32469
1"
b1011 &
#32470
0"
#32471
1"
b1100 &
#32472
0"
#32473
1"
b1101 &
#32474
0"
#32475
1"
b1110 &
#32476
0"
#32477
1"
b1111 &
#32478
0"
#32479
1"
b0000 &
#32480
0"
#32481
1"
b0001 &
#32482
0"
#32483
1"
b0010 &
#32484
0"
#32485
1"
b0011 &
#32486
0"
#32487
1"
b0100 &
#32488
0"
#32489
1"
b0101 &
#32490
0"
#32491
1"
b0110 &
#32492
0"
#32493
1"
b0111 &
#32494
0"
#32495
1"
b1000 &
#32496
0"
#32497
1"
b1001 &
#32498
0"
#32499
1"
b1010 &
#32500
0"
#32501
1"
b1011 &
#32502
0"
#32503
1"
b1100 &
#32504
0"
#32505
1"
b1101 &
#32506
0"
#32507
1"
b1110 &
#32508
0"
#32509
1"
b1111 &
#32510
0"
#32511
1"
b0000 &
#32512
0"
#32513
1"
b0001 &
#32514
0"
#32515
1"
b0010 &
#32516
0"
#32517
1"
b0011 &
#32518
0"
#32519
1"
b0100 &
#32520
0"
#32521
1"
b0101 &
#32522
0"
#32523
1"
b0110 &
#32524
0"
#32525
1"
b0111 &
#32526
0"
#32527
1"
b1000 &
#32528
0"
#32529
1"
b1001 &
#32530
0"
#32531
1"
b1010 &
#32532
0"
#32533
1"
b1011 &
#32534
0"
#32535
1"
b1100 &
#32536
0"
#32537
1"
b1101 &
#32538
0"
#32539
1"
b1110 &
#32540
0"
#32541
1"
b1111 &
#32542
0"
#32543
1"
b0000 &
#32544
0"
#32545
1"
b0001 &
#32546
0"
#32547
1"
b0010 &
#32548
0"
#32549
1"
b0011 &
#32550
0"
#32551
1"
b0100 &
#32552
0"
#32553
1"
b0101 &
#32554
0"
#32555
1"
b0110 &
#32556
0"
#32557
1"
b0111 &
#32558
0"
#32559
1"
b1000 &
#32560
0"
#32561
1"
b1001 &
#32562
0"
#32563
1"
b1010 &
#32564
0"
#32565
1"
b1011 &
#32566
0"
#32567
1"
b1100 &
#32568
0"
#32569
1"
b1101 &
#32570
0"
#32571
1"
b1110 &
#32572
0"
#32573
1"
b1111 &
#32574
0"
#32575
1"
b0000 &
#32576
0"
#32577
1"
b0001 &
#32578
0"
#32579
1"
b0010 &
#32580
0"
#32581
1"
b0011 &
#32582
0"
#32583
1"
b0100 &
#32584
0"
#32585
1"
b0101 &
#32586
0"
#32587
1"
b0110 &
#32588
0"
#32589
1"
b0111 &
#32590
0"
#32591
1"
b1000 &
#32592
0"
#32593
1"
b1001 &
#32594
0"
#32595
1"
b1010 &
#32596
0"
#32597
1"
b1011 &
#32598
0"
#32599
1"
b1100 &
#32600
0"
#32601
1"
b1101 &
#32602
0"
#32603
1"
b1110 &
#32604
0"
#32605
1"
b1111 &
#32606
0"
#32607
1"
b0000 &
#32608
0"
#32609
1"
b0001 &
#32610
0"
#32611
1"
b0010 &
#32612
0"
#32613
1"
b0011 &
#32614
0"
#32615
1"
b0100 &
#32616
0"
#32617
1"
b0101 &
#32618
0"
#32619
1"
b0110 &
#32620
0"
#32621
1"
b0111 &
#32622
0"
#32623
1"
b1000 &
#32624
0"
#32625
1"
b1001 &
#32626
0"
#32627
1"
b1010 &
#32628
0"
#32629
1"
b1011 &
#32630
0"
#32631
1"
b1100 &
#32632
0"
#32633
1"
b1101 &
#32634
0"
#32635
1"
b1110 &
#32636
0"
#32637
1"
b1111 &
#32638
0"
#32639
1"
b0000 &
#32640
0"
#32641
1"
b0001 &
#32642
0"
#32643
1"
b0010 &
#32644
0"
#32645
1"
b0011 &
#32646
0"
#32647
1"
b0100 &
#32648
0"
#32649
1"
b0101 &
#32650
0"
#32651
1"
b0110 &
#32652
0"
#32653
1"
b0111 &
#32654
0"
#32655
1"
b1000 &
#32656
0"
#32657
1"
b1001 &
#32658
0"
#32659
1"
b1010 &
#32660
0"
#32661
1"
b1011 &
#32662
0"
#32663
1"
b1100 &
#32664
0"
#32665
1"
b1101 &
#32666
0"
#32667
1"
b1110 &
#32668
0"
#32669
1"
b1111 &
#32670
0"
#32671
1"
b0000 &
#32672
0"
#32673
1"
b0001 &
#32674
0"
#32675
1"
b0010 &
#32676
0"
#32677
1"
b0011 &
#32678
0"
#32679
1"
b0100 &
#32680
0"
#32681
1"
b0101 &
#32682
0"
#32683
1"
b0110 &
#32684
0"
#32685
1"
b0111 &
#32686
0"
#32687
1"
b1000 &
#32688
0"
#32689
1"
b1001 &
#32690
0"
#32691
1"
b1010 &
#32692
0"
#32693
1"
b1011 &
#32694
0"
#32695
1"
b1100 &
#32696
0"
#32697
1"
b1101 &
#32698
0"
#32699
1"
b1110 &
#32700
0"
#32701
1"
b1111 &
#32702
0"
#32703
1"
b0000 &
#32704
0"
#32705
1"
b0001 &
#32706
0"
#32707
1"
b0010 &
#32708
0"
#32709
1"
b0011 &
#32710
0"
#32711
1"
b0100 &
#32712
0"
#32713
1"
b0101 &
#32714
0"
#32715
1"
b0110 &
#32716
0"
#32717
1"
b0111 &
#32718
0"
#32719
1"
b1000 &
#32720
0"
#32721
1"
b1001 &
#32722
0"
#32723
1"
b1010 &
#32724
0"
#32725
1"
b1011 &
#32726
0"
#32727
1"
b1100 &
#32728
0"
#32729
1"
b1101 &
#32730
0"
#32731
1"
b1110 &
#32732
0"
#32733
1"
b1111 &
#32734
0"
#32735
1"
b0000 &
#32736
0"
#32737
1"
b0001 &
#32738
0"
#32739
1"
b0010 &
#32740
0"
#32741
1"
b0011 &
#32742
0"
#32743
1"
b0100 &
#32744
0"
#32745
1"
b0101 &
#32746
0"
#32747
1"
b0110 &
#32748
0"
#32749
1"
b0111 &
#32750
0"
#32751
1"
b1000 &
#32752
0"
#32753
1"
b1001 &
#32754
0"
#32755
1"
b1010 &
#32756
0"
#32757
1"
b1011 &
#32758
0"
#32759
1"
b1100 &
#32760
0"
#32761
1"
b1101 &
#32762
0"
#32763
1"
b1110 &
#32764
0"
#32765
1"
b1111 &
#32766
0"
#32767
1"
b0000 &
#32768
0"
#32769
1"
b0001 &
#32770
0"
#32771
1"
b0010 &
#32772
0"
#32773
1"
b0011 &
#32774
0"
#32775
1"
b0100 &
#32776
0"
#32777
1"
b0101 &
#32778
0"
#32779
1"
b0110 &
#32780
0"
#32781
1"
b0111 &
#32782
0"
#32783
1"
b1000 &
#32784
0"
#32785
1"
b1001 &
#32786
0"
#32787
1"
b1010 &
#32788
0"
#32789
1"
b1011 &
#32790
0"
#32791
1"
b1100 &
#32792
0"
#32793
1"
b1101 &
#32794
0"
#32795
1"
b1110 &
#32796
0"
#32797
1"
b1111 &
#32798
0"
#32799
1"
b0000 &
#32800
0"
#32801
1"
b0001 &
#32802
0"
#32803
1"
b0010 &
#32804
0"
#32805
1"
b0011 &
#32806
0"
#32807
1"
b0100 &
#32808
0"
#32809
1"
b0101 &
#32810
0"
#32811
1"
b0110 &
#32812
0"
#32813
1"
b0111 &
#32814
0"
#32815
1"
b1000 &
#32816
0"
#32817
1"
b1001 &
#32818
0"
#32819
1"
b1010 &
#32820
0"
#32821
1"
b1011 &
#32822
0"
#32823
1"
b1100 &
#32824
0"
#32825
1"
b1101 &
#32826
0"
#32827
1"
b1110 &
#32828
0"
#32829
1"
b1111 &
#32830
0"
#32831
1"
b0000 &
#32832
0"
#32833
1"
b0001 &
#32834
0"
#32835
1"
b0010 &
#32836
0"
#32837
1"
b0011 &
#32838
0"
#32839
1"
b0100 &
#32840
0"
#32841
1"
b0101 &
#32842
0"
#32843
1"
b0110 &
#32844
0"
#32845
1"
b0111 &
#32846
0"
#32847
1"
b1000 &
#32848
0"
#32849
1"
b1001 &
#32850
0"
#32851
1"
b1010 &
#32852
0"
#32853
1"
b1011 &
#32854
0"
#32855
1"
b1100 &
#32856
0"
#32857
1"
b1101 &
#32858
0"
#32859
1"
b1110 &
#32860
0"
#32861
1"
b1111 &
#32862
0"
#32863
1"
b0000 &
#32864
0"
#32865
1"
b0001 &
#32866
0"
#32867
1"
b0010 &
#32868
0"
#32869
1"
b0011 &
#32870
0"
#32871
1"
b0100 &
#32872
0"
#32873
1"
b0101 &
#32874
0"
#32875
1"
b0110 &
#32876
0"
#32877
1"
b0111 &
#32878
0"
#32879
1"
b1000 &
#32880
0"
#32881
1"
b1001 &
#32882
0"
#32883
1"
b1010 &
#32884
0"
#32885
1"
b1011 &
#32886
0"
#32887
1"
b1100 &
#32888
0"
#32889
1"
b1101 &
#32890
0"
#32891
1"
b1110 &
#32892
0"
#32893
1"
b1111 &
#32894
0"
#32895
1"
b0000 &
#32896
0"
#32897
1"
b0001 &
#32898
0"
#32899
1"
b0010 &
#32900
0"
#32901
1"
b0011 &
#32902
0"
#32903
1"
b0100 &
#32904
0"
#32905
1"
b0101 &
#32906
0"
#32907
1"
b0110 &
#32908
0"
#32909
1"
b0111 &
#32910
0"
#32911
1"
b1000 &
#32912
0"
#32913
1"
b1001 &
#32914
0"
#32915
1"
b1010 &
#32916
0"
#32917
1"
b1011 &
#32918
0"
#32919
1"
b1100 &
#32920
0"
#32921
1"
b1101 &
#32922
0"
#32923
1"
b1110 &
#32924
0"
#32925
1"
b1111 &
#32926
0"
#32927
1"
b0000 &
#32928
0"
#32929
1"
b0001 &
#32930
0"
#32931
1"
b0010 &
#32932
0"
#32933
1"
b0011 &
#32934
0"
#32935
1"
b0100 &
#32936
0"
#32937
1"
b0101 &
#32938
0"
#32939
1"
b0110 &
#32940
0"
#32941
1"
b0111 &
#32942
0"
#32943
1"
b1000 &
#32944
0"
#32945
1"
b1001 &
#32946
0"
#32947
1"
b1010 &
#32948
0"
#32949
1"
b1011 &
#32950
0"
#32951
1"
b1100 &
#32952
0"
#32953
1"
b1101 &
#32954
0"
#32955
1"
b1110 &
#32956
0"
#32957
1"
b1111 &
#32958
0"
#32959
1"
b0000 &
#32960
0"
#32961
1"
b0001 &
#32962
0"
#32963
1"
b0010 &
#32964
0"
#32965
1"
b0011 &
#32966
0"
#32967
1"
b0100 &
#32968
0"
#32969
1"
b0101 &
#32970
0"
#32971
1"
b0110 &
#32972
0"
#32973
1"
b0111 &
#32974
0"
#32975
1"
b1000 &
#32976
0"
#32977
1"
b1001 &
#32978
0"
#32979
1"
b1010 &
#32980
0"
#32981
1"
b1011 &
#32982
0"
#32983
1"
b1100 &
#32984
0"
#32985
1"
b1101 &
#32986
0"
#32987
1"
b1110 &
#32988
0"
#32989
1"
b1111 &
#32990
0"
#32991
1"
b0000 &
#32992
0"
#32993
1"
b0001 &
#32994
0"
#32995
1"
b0010 &
#32996
0"
#32997
1"
b0011 &
#32998
0"
#32999
1"
b0100 &
#33000
0"
#33001
1"
b0101 &
#33002
0"
#33003
1"
b0110 &
#33004
0"
#33005
1"
b0111 &
#33006
0"
#33007
1"
b1000 &
#33008
0"
#33009
1"
b1001 &
#33010
0"
#33011
1"
b1010 &
#33012
0"
#33013
1"
b1011 &
#33014
0"
#33015
1"
b1100 &
#33016
0"
#33017
1"
b1101 &
#33018
0"
#33019
1"
b1110 &
#33020
0"
#33021
1"
b1111 &
#33022
0"
#33023
1"
b0000 &
#33024
0"
#33025
1"
b0001 &
#33026
0"
#33027
1"
b0010 &
#33028
0"
#33029
1"
b0011 &
#33030
0"
#33031
1"
b0100 &
#33032
0"
#33033
1"
b0101 &
#33034
0"
#33035
1"
b0110 &
#33036
0"
#33037
1"
b0111 &
#33038
0"
#33039
1"
b1000 &
#33040
0"
#33041
1"
b1001 &
#33042
0"
#33043
1"
b1010 &
#33044
0"
#33045
1"
b1011 &
#33046
0"
#33047
1"
b1100 &
#33048
0"
#33049
1"
b1101 &
#33050
0"
#33051
1"
b1110 &
#33052
0"
#33053
1"
b1111 &
#33054
0"
#33055
1"
b0000 &
#33056
0"
#33057
1"
b0001 &
#33058
0"
#33059
1"
b0010 &
#33060
0"
#33061
1"
b0011 &
#33062
0"
#33063
1"
b0100 &
#33064
0"
#33065
1"
b0101 &
#33066
0"
#33067
1"
b0110 &
#33068
0"
#33069
1"
b0111 &
#33070
0"
#33071
1"
b1000 &
#33072
0"
#33073
1"
b1001 &
#33074
0"
#33075
1"
b1010 &
#33076
0"
#33077
1"
b1011 &
#33078
0"
#33079
1"
b1100 &
#33080
0"
#33081
1"
b1101 &
#33082
0"
#33083
1"
b1110 &
#33084
0"
#33085
1"
b1111 &
#33086
0"
#33087
1"
b0000 &
#33088
0"
#33089
1"
b0001 &
#33090
0"
#33091
1"
b0010 &
#33092
0"
#33093
1"
b0011 &
#33094
0"
#33095
1"
b0100 &
#33096
0"
#33097
1"
b0101 &
#33098
0"
#33099
1"
b0110 &
#33100
0"
#33101
1"
b0111 &
#33102
0"
#33103
1"
b1000 &
#33104
0"
#33105
1"
b1001 &
#33106
0"
#33107
1"
b1010 &
#33108
0"
#33109
1"
b1011 &
#33110
0"
#33111
1"
b1100 &
#33112
0"
#33113
1"
b1101 &
#33114
0"
#33115
1"
b1110 &
#33116
0"
#33117
1"
b1111 &
#33118
0"
#33119
1"
b0000 &
#33120
0"
#33121
1"
b0001 &
#33122
0"
#33123
1"
b0010 &
#33124
0"
#33125
1"
b0011 &
#33126
0"
#33127
1"
b0100 &
#33128
0"
#33129
1"
b0101 &
#33130
0"
#33131
1"
b0110 &
#33132
0"
#33133
1"
b0111 &
#33134
0"
#33135
1"
b1000 &
#33136
0"
#33137
1"
b1001 &
#33138
0"
#33139
1"
b1010 &
#33140
0"
#33141
1"
b1011 &
#33142
0"
#33143
1"
b1100 &
#33144
0"
#33145
1"
b1101 &
#33146
0"
#33147
1"
b1110 &
#33148
0"
#33149
1"
b1111 &
#33150
0"
#33151
1"
b0000 &
#33152
0"
#33153
1"
b0001 &
#33154
0"
#33155
1"
b0010 &
#33156
0"
#33157
1"
b0011 &
#33158
0"
#33159
1"
b0100 &
#33160
0"
#33161
1"
b0101 &
#33162
0"
#33163
1"
b0110 &
#33164
0"
#33165
1"
b0111 &
#33166
0"
#33167
1"
b1000 &
#33168
0"
#33169
1"
b1001 &
#33170
0"
#33171
1"
b1010 &
#33172
0"
#33173
1"
b1011 &
#33174
0"
#33175
1"
b1100 &
#33176
0"
#33177
1"
b1101 &
#33178
0"
#33179
1"
b1110 &
#33180
0"
#33181
1"
b1111 &
#33182
0"
#33183
1"
b0000 &
#33184
0"
#33185
1"
b0001 &
#33186
0"
#33187
1"
b0010 &
#33188
0"
#33189
1"
b0011 &
#33190
0"
#33191
1"
b0100 &
#33192
0"
#33193
1"
b0101 &
#33194
0"
#33195
1"
b0110 &
#33196
0"
#33197
1"
b0111 &
#33198
0"
#33199
1"
b1000 &
#33200
0"
#33201
1"
b1001 &
#33202
0"
#33203
1"
b1010 &
#33204
0"
#33205
1"
b1011 &
#33206
0"
#33207
1"
b1100 &
#33208
0"
#33209
1"
b1101 &
#33210
0"
#33211
1"
b1110 &
#33212
0"
#33213
1"
b1111 &
#33214
0"
#33215
1"
b0000 &
#33216
0"
#33217
1"
b0001 &
#33218
0"
#33219
1"
b0010 &
#33220
0"
#33221
1"
b0011 &
#33222
0"
#33223
1"
b0100 &
#33224
0"
#33225
1"
b0101 &
#33226
0"
#33227
1"
b0110 &
#33228
0"
#33229
1"
b0111 &
#33230
0"
#33231
1"
b1000 &
#33232
0"
#33233
1"
b1001 &
#33234
0"
#33235
1"
b1010 &
#33236
0"
#33237
1"
b1011 &
#33238
0"
#33239
1"
b1100 &
#33240
0"
#33241
1"
b1101 &
#33242
0"
#33243
1"
b1110 &
#33244
0"
#33245
1"
b1111 &
#33246
0"
#33247
1"
b0000 &
#33248
0"
#33249
1"
b0001 &
#33250
0"
#33251
1"
b0010 &
#33252
0"
#33253
1"
b0011 &
#33254
0"
#33255
1"
b0100 &
#33256
0"
#33257
1"
b0101 &
#33258
0"
#33259
1"
b0110 &
#33260
0"
#33261
1"
b0111 &
#33262
0"
#33263
1"
b1000 &
#33264
0"
#33265
1"
b1001 &
#33266
0"
#33267
1"
b1010 &
#33268
0"
#33269
1"
b1011 &
#33270
0"
#33271
1"
b1100 &
#33272
0"
#33273
1"
b1101 &
#33274
0"
#33275
1"
b1110 &
#33276
0"
#33277
1"
b1111 &
#33278
0"
#33279
1"
b0000 &
#33280
0"
#33281
1"
b0001 &
#33282
0"
#33283
1"
b0010 &
#33284
0"
#33285
1"
b0011 &
#33286
0"
#33287
1"
b0100 &
#33288
0"
#33289
1"
b0101 &
#33290
0"
#33291
1"
b0110 &
#33292
0"
#33293
1"
b0111 &
#33294
0"
#33295
1"
b1000 &
#33296
0"
#33297
1"
b1001 &
#33298
0"
#33299
1"
b1010 &
#33300
0"
#33301
1"
b1011 &
#33302
0"
#33303
1"
b1100 &
#33304
0"
#33305
1"
b1101 &
#33306
0"
#33307
1"
b1110 &
#33308
0"
#33309
1"
b1111 &
#33310
0"
#33311
1"
b0000 &
#33312
0"
#33313
1"
b0001 &
#33314
0"
#33315
1"
b0010 &
#33316
0"
#33317
1"
b0011 &
#33318
0"
#33319
1"
b0100 &
#33320
0"
#33321
1"
b0101 &
#33322
0"
#33323
1"
b0110 &
#33324
0"
#33325
1"
b0111 &
#33326
0"
#33327
1"
b1000 &
#33328
0"
#33329
1"
b1001 &
#33330
0"
#33331
1"
b1010 &
#33332
0"
#33333
1"
b1011 &
#33334
0"
#33335
1"
b1100 &
#33336
0"
#33337
1"
b1101 &
#33338
0"
#33339
1"
b1110 &
#33340
0"
#33341
1"
b1111 &
#33342
0"
#33343
1"
b0000 &
#33344
0"
#33345
1"
b0001 &
#33346
0"
#33347
1"
b0010 &
#33348
0"
#33349
1"
b0011 &
#33350
0"
#33351
1"
b0100 &
#33352
0"
#33353
1"
b0101 &
#33354
0"
#33355
1"
b0110 &
#33356
0"
#33357
1"
b0111 &
#33358
0"
#33359
1"
b1000 &
#33360
0"
#33361
1"
b1001 &
#33362
0"
#33363
1"
b1010 &
#33364
0"
#33365
1"
b1011 &
#33366
0"
#33367
1"
b1100 &
#33368
0"
#33369
1"
b1101 &
#33370
0"
#33371
1"
b1110 &
#33372
0"
#33373
1"
b1111 &
#33374
0"
#33375
1"
b0000 &
#33376
0"
#33377
1"
b0001 &
#33378
0"
#33379
1"
b0010 &
#33380
0"
#33381
1"
b0011 &
#33382
0"
#33383
1"
b0100 &
#33384
0"
#33385
1"
b0101 &
#33386
0"
#33387
1"
b0110 &
#33388
0"
#33389
1"
b0111 &
#33390
0"
#33391
1"
b1000 &
#33392
0"
#33393
1"
b1001 &
#33394
0"
#33395
1"
b1010 &
#33396
0"
#33397
1"
b1011 &
#33398
0"
#33399
1"
b1100 &
#33400
0"
#33401
1"
b1101 &
#33402
0"
#33403
1"
b1110 &
#33404
0"
#33405
1"
b1111 &
#33406
0"
#33407
1"
b0000 &
#33408
0"
#33409
1"
b0001 &
#33410
0"
#33411
1"
b0010 &
#33412
0"
#33413
1"
b0011 &
#33414
0"
#33415
1"
b0100 &
#33416
0"
#33417
1"
b0101 &
#33418
0"
#33419
1"
b0110 &
#33420
0"
#33421
1"
b0111 &
#33422
0"
#33423
1"
b1000 &
#33424
0"
#33425
1"
b1001 &
#33426
0"
#33427
1"
b1010 &
#33428
0"
#33429
1"
b1011 &
#33430
0"
#33431
1"
b1100 &
#33432
0"
#33433
1"
b1101 &
#33434
0"
#33435
1"
b1110 &
#33436
0"
#33437
1"
b1111 &
#33438
0"
#33439
1"
b0000 &
#33440
0"
#33441
1"
b0001 &
#33442
0"
#33443
1"
b0010 &
#33444
0"
#33445
1"
b0011 &
#33446
0"
#33447
1"
b0100 &
#33448
0"
#33449
1"
b0101 &
#33450
0"
#33451
1"
b0110 &
#33452
0"
#33453
1"
b0111 &
#33454
0"
#33455
1"
b1000 &
#33456
0"
#33457
1"
b1001 &
#33458
0"
#33459
1"
b1010 &
#33460
0"
#33461
1"
b1011 &
#33462
0"
#33463
1"
b1100 &
#33464
0"
#33465
1"
b1101 &
#33466
0"
#33467
1"
b1110 &
#33468
0"
#33469
1"
b1111 &
#33470
0"
#33471
1"
b0000 &
#33472
0"
#33473
1"
b0001 &
#33474
0"
#33475
1"
b0010 &
#33476
0"
#33477
1"
b0011 &
#33478
0"
#33479
1"
b0100 &
#33480
0"
#33481
1"
b0101 &
#33482
0"
#33483
1"
b0110 &
#33484
0"
#33485
1"
b0111 &
#33486
0"
#33487
1"
b1000 &
#33488
0"
#33489
1"
b1001 &
#33490
0"
#33491
1"
b1010 &
#33492
0"
#33493
1"
b1011 &
#33494
0"
#33495
1"
b1100 &
#33496
0"
#33497
1"
b1101 &
#33498
0"
#33499
1"
b1110 &
#33500
0"
#33501
1"
b1111 &
#33502
0"
#33503
1"
b0000 &
#33504
0"
#33505
1"
b0001 &
#33506
0"
#33507
1"
b0010 &
#33508
0"
#33509
1"
b0011 &
#33510
0"
#33511
1"
b0100 &
#33512
0"
#33513
1"
b0101 &
#33514
0"
#33515
1"
b0110 &
#33516
0"
#33517
1"
b0111 &
#33518
0"
#33519
1"
b1000 &
#33520
0"
#33521
1"
b1001 &
#33522
0"
#33523
1"
b1010 &
#33524
0"
#33525
1"
b1011 &
#33526
0"
#33527
1"
b1100 &
#33528
0"
#33529
1"
b1101 &
#33530
0"
#33531
1"
b1110 &
#33532
0"
#33533
1"
b1111 &
#33534
0"
#33535
1"
b0000 &
#33536
0"
#33537
1"
b0001 &
#33538
0"
#33539
1"
b0010 &
#33540
0"
#33541
1"
b0011 &
#33542
0"
#33543
1"
b0100 &
#33544
0"
#33545
1"
b0101 &
#33546
0"
#33547
1"
b0110 &
#33548
0"
#33549
1"
b0111 &
#33550
0"
#33551
1"
b1000 &
#33552
0"
#33553
1"
b1001 &
#33554
0"
#33555
1"
b1010 &
#33556
0"
#33557
1"
b1011 &
#33558
0"
#33559
1"
b1100 &
#33560
0"
#33561
1"
b1101 &
#33562
0"
#33563
1"
b1110 &
#33564
0"
#33565
1"
b1111 &
#33566
0"
#33567
1"
b0000 &
#33568
0"
#33569
1"
b0001 &
#33570
0"
#33571
1"
b0010 &
#33572
0"
#33573
1"
b0011 &
#33574
0"
#33575
1"
b0100 &
#33576
0"
#33577
1"
b0101 &
#33578
0"
#33579
1"
b0110 &
#33580
0"
#33581
1"
b0111 &
#33582
0"
#33583
1"
b1000 &
#33584
0"
#33585
1"
b1001 &
#33586
0"
#33587
1"
b1010 &
#33588
0"
#33589
1"
b1011 &
#33590
0"
#33591
1"
b1100 &
#33592
0"
#33593
1"
b1101 &
#33594
0"
#33595
1"
b1110 &
#33596
0"
#33597
1"
b1111 &
#33598
0"
#33599
1"
b0000 &
#33600
0"
#33601
1"
b0001 &
#33602
0"
#33603
1"
b0010 &
#33604
0"
#33605
1"
b0011 &
#33606
0"
#33607
1"
b0100 &
#33608
0"
#33609
1"
b0101 &
#33610
0"
#33611
1"
b0110 &
#33612
0"
#33613
1"
b0111 &
#33614
0"
#33615
1"
b1000 &
#33616
0"
#33617
1"
b1001 &
#33618
0"
#33619
1"
b1010 &
#33620
0"
#33621
1"
b1011 &
#33622
0"
#33623
1"
b1100 &
#33624
0"
#33625
1"
b1101 &
#33626
0"
#33627
1"
b1110 &
#33628
0"
#33629
1"
b1111 &
#33630
0"
#33631
1"
b0000 &
#33632
0"
#33633
1"
b0001 &
#33634
0"
#33635
1"
b0010 &
#33636
0"
#33637
1"
b0011 &
#33638
0"
#33639
1"
b0100 &
#33640
0"
#33641
1"
b0101 &
#33642
0"
#33643
1"
b0110 &
#33644
0"
#33645
1"
b0111 &
#33646
0"
#33647
1"
b1000 &
#33648
0"
#33649
1"
b1001 &
#33650
0"
#33651
1"
b1010 &
#33652
0"
#33653
1"
b1011 &
#33654
0"
#33655
1"
b1100 &
#33656
0"
#33657
1"
b1101 &
#33658
0"
#33659
1"
b1110 &
#33660
0"
#33661
1"
b1111 &
#33662
0"
#33663
1"
b0000 &
#33664
0"
#33665
1"
b0001 &
#33666
0"
#33667
1"
b0010 &
#33668
0"
#33669
1"
b0011 &
#33670
0"
#33671
1"
b0100 &
#33672
0"
#33673
1"
b0101 &
#33674
0"
#33675
1"
b0110 &
#33676
0"
#33677
1"
b0111 &
#33678
0"
#33679
1"
b1000 &
#33680
0"
#33681
1"
b1001 &
#33682
0"
#33683
1"
b1010 &
#33684
0"
#33685
1"
b1011 &
#33686
0"
#33687
1"
b1100 &
#33688
0"
#33689
1"
b1101 &
#33690
0"
#33691
1"
b1110 &
#33692
0"
#33693
1"
b1111 &
#33694
0"
#33695
1"
b0000 &
#33696
0"
#33697
1"
b0001 &
#33698
0"
#33699
1"
b0010 &
#33700
0"
#33701
1"
b0011 &
#33702
0"
#33703
1"
b0100 &
#33704
0"
#33705
1"
b0101 &
#33706
0"
#33707
1"
b0110 &
#33708
0"
#33709
1"
b0111 &
#33710
0"
#33711
1"
b1000 &
#33712
0"
#33713
1"
b1001 &
#33714
0"
#33715
1"
b1010 &
#33716
0"
#33717
1"
b1011 &
#33718
0"
#33719
1"
b1100 &
#33720
0"
#33721
1"
b1101 &
#33722
0"
#33723
1"
b1110 &
#33724
0"
#33725
1"
b1111 &
#33726
0"
#33727
1"
b0000 &
#33728
0"
#33729
1"
b0001 &
#33730
0"
#33731
1"
b0010 &
#33732
0"
#33733
1"
b0011 &
#33734
0"
#33735
1"
b0100 &
#33736
0"
#33737
1"
b0101 &
#33738
0"
#33739
1"
b0110 &
#33740
0"
#33741
1"
b0111 &
#33742
0"
#33743
1"
b1000 &
#33744
0"
#33745
1"
b1001 &
#33746
0"
#33747
1"
b1010 &
#33748
0"
#33749
1"
b1011 &
#33750
0"
#33751
1"
b1100 &
#33752
0"
#33753
1"
b1101 &
#33754
0"
#33755
1"
b1110 &
#33756
0"
#33757
1"
b1111 &
#33758
0"
#33759
1"
b0000 &
#33760
0"
#33761
1"
b0001 &
#33762
0"
#33763
1"
b0010 &
#33764
0"
#33765
1"
b0011 &
#33766
0"
#33767
1"
b0100 &
#33768
0"
#33769
1"
b0101 &
#33770
0"
#33771
1"
b0110 &
#33772
0"
#33773
1"
b0111 &
#33774
0"
#33775
1"
b1000 &
#33776
0"
#33777
1"
b1001 &
#33778
0"
#33779
1"
b1010 &
#33780
0"
#33781
1"
b1011 &
#33782
0"
#33783
1"
b1100 &
#33784
0"
#33785
1"
b1101 &
#33786
0"
#33787
1"
b1110 &
#33788
0"
#33789
1"
b1111 &
#33790
0"
#33791
1"
b0000 &
#33792
0"
#33793
1"
b0001 &
#33794
0"
#33795
1"
b0010 &
#33796
0"
#33797
1"
b0011 &
#33798
0"
#33799
1"
b0100 &
#33800
0"
#33801
1"
b0101 &
#33802
0"
#33803
1"
b0110 &
#33804
0"
#33805
1"
b0111 &
#33806
0"
#33807
1"
b1000 &
#33808
0"
#33809
1"
b1001 &
#33810
0"
#33811
1"
b1010 &
#33812
0"
#33813
1"
b1011 &
#33814
0"
#33815
1"
b1100 &
#33816
0"
#33817
1"
b1101 &
#33818
0"
#33819
1"
b1110 &
#33820
0"
#33821
1"
b1111 &
#33822
0"
#33823
1"
b0000 &
#33824
0"
#33825
1"
b0001 &
#33826
0"
#33827
1"
b0010 &
#33828
0"
#33829
1"
b0011 &
#33830
0"
#33831
1"
b0100 &
#33832
0"
#33833
1"
b0101 &
#33834
0"
#33835
1"
b0110 &
#33836
0"
#33837
1"
b0111 &
#33838
0"
#33839
1"
b1000 &
#33840
0"
#33841
1"
b1001 &
#33842
0"
#33843
1"
b1010 &
#33844
0"
#33845
1"
b1011 &
#33846
0"
#33847
1"
b1100 &
#33848
0"
#33849
1"
b1101 &
#33850
0"
#33851
1"
b1110 &
#33852
0"
#33853
1"
b1111 &
#33854
0"
#33855
1"
b0000 &
#33856
0"
#33857
1"
b0001 &
#33858
0"
#33859
1"
b0010 &
#33860
0"
#33861
1"
b0011 &
#33862
0"
#33863
1"
b0100 &
#33864
0"
#33865
1"
b0101 &
#33866
0"
#33867
1"
b0110 &
#33868
0"
#33869
1"
b0111 &
#33870
0"
#33871
1"
b1000 &
#33872
0"
#33873
1"
b1001 &
#33874
0"
#33875
1"
b1010 &
#33876
0"
#33877
1"
b1011 &
#33878
0"
#33879
1"
b1100 &
#33880
0"
#33881
1"
b1101 &
#33882
0"
#33883
1"
b1110 &
#33884
0"
#33885
1"
b1111 &
#33886
0"
#33887
1"
b0000 &
#33888
0"
#33889
1"
b0001 &
#33890
0"
#33891
1"
b0010 &
#33892
0"
#33893
1"
b0011 &
#33894
0"
#33895
1"
b0100 &
#33896
0"
#33897
1"
b0101 &
#33898
0"
#33899
1"
b0110 &
#33900
0"
#33901
1"
b0111 &
#33902
0"
#33903
1"
b1000 &
#33904
0"
#33905
1"
b1001 &
#33906
0"
#33907
1"
b1010 &
#33908
0"
#33909
1"
b1011 &
#33910
0"
#33911
1"
b1100 &
#33912
0"
#33913
1"
b1101 &
#33914
0"
#33915
1"
b1110 &
#33916
0"
#33917
1"
b1111 &
#33918
0"
#33919
1"
b0000 &
#33920
0"
#33921
1"
b0001 &
#33922
0"
#33923
1"
b0010 &
#33924
0"
#33925
1"
b0011 &
#33926
0"
#33927
1"
b0100 &
#33928
0"
#33929
1"
b0101 &
#33930
0"
#33931
1"
b0110 &
#33932
0"
#33933
1"
b0111 &
#33934
0"
#33935
1"
b1000 &
#33936
0"
#33937
1"
b1001 &
#33938
0"
#33939
1"
b1010 &
#33940
0"
#33941
1"
b1011 &
#33942
0"
#33943
1"
b1100 &
#33944
0"
#33945
1"
b1101 &
#33946
0"
#33947
1"
b1110 &
#33948
0"
#33949
1"
b1111 &
#33950
0"
#33951
1"
b0000 &
#33952
0"
#33953
1"
b0001 &
#33954
0"
#33955
1"
b0010 &
#33956
0"
#33957
1"
b0011 &
#33958
0"
#33959
1"
b0100 &
#33960
0"
#33961
1"
b0101 &
#33962
0"
#33963
1"
b0110 &
#33964
0"
#33965
1"
b0111 &
#33966
0"
#33967
1"
b1000 &
#33968
0"
#33969
1"
b1001 &
#33970
0"
#33971
1"
b1010 &
#33972
0"
#33973
1"
b1011 &
#33974
0"
#33975
1"
b1100 &
#33976
0"
#33977
1"
b1101 &
#33978
0"
#33979
1"
b1110 &
#33980
0"
#33981
1"
b1111 &
#33982
0"
#33983
1"
b0000 &
#33984
0"
#33985
1"
b0001 &
#33986
0"
#33987
1"
b0010 &
#33988
0"
#33989
1"
b0011 &
#33990
0"
#33991
1"
b0100 &
#33992
0"
#33993
1"
b0101 &
#33994
0"
#33995
1"
b0110 &
#33996
0"
#33997
1"
b0111 &
#33998
0"
#33999
1"
b1000 &
#34000
0"
#34001
1"
b1001 &
#34002
0"
#34003
1"
b1010 &
#34004
0"
#34005
1"
b1011 &
#34006
0"
#34007
1"
b1100 &
#34008
0"
#34009
1"
b1101 &
#34010
0"
#34011
1"
b1110 &
#34012
0"
#34013
1"
b1111 &
#34014
0"
#34015
1"
b0000 &
#34016
0"
#34017
1"
b0001 &
#34018
0"
#34019
1"
b0010 &
#34020
0"
#34021
1"
b0011 &
#34022
0"
#34023
1"
b0100 &
#34024
0"
#34025
1"
b0101 &
#34026
0"
#34027
1"
b0110 &
#34028
0"
#34029
1"
b0111 &
#34030
0"
#34031
1"
b1000 &
#34032
0"
#34033
1"
b1001 &
#34034
0"
#34035
1"
b1010 &
#34036
0"
#34037
1"
b1011 &
#34038
0"
#34039
1"
b1100 &
#34040
0"
#34041
1"
b1101 &
#34042
0"
#34043
1"
b1110 &
#34044
0"
#34045
1"
b1111 &
#34046
0"
#34047
1"
b0000 &
#34048
0"
#34049
1"
b0001 &
#34050
0"
#34051
1"
b0010 &
#34052
0"
#34053
1"
b0011 &
#34054
0"
#34055
1"
b0100 &
#34056
0"
#34057
1"
b0101 &
#34058
0"
#34059
1"
b0110 &
#34060
0"
#34061
1"
b0111 &
#34062
0"
#34063
1"
b1000 &
#34064
0"
#34065
1"
b1001 &
#34066
0"
#34067
1"
b1010 &
#34068
0"
#34069
1"
b1011 &
#34070
0"
#34071
1"
b1100 &
#34072
0"
#34073
1"
b1101 &
#34074
0"
#34075
1"
b1110 &
#34076
0"
#34077
1"
b1111 &
#34078
0"
#34079
1"
b0000 &
#34080
0"
#34081
1"
b0001 &
#34082
0"
#34083
1"
b0010 &
#34084
0"
#34085
1"
b0011 &
#34086
0"
#34087
1"
b0100 &
#34088
0"
#34089
1"
b0101 &
#34090
0"
#34091
1"
b0110 &
#34092
0"
#34093
1"
b0111 &
#34094
0"
#34095
1"
b1000 &
#34096
0"
#34097
1"
b1001 &
#34098
0"
#34099
1"
b1010 &
#34100
0"
#34101
1"
b1011 &
#34102
0"
#34103
1"
b1100 &
#34104
0"
#34105
1"
b1101 &
#34106
0"
#34107
1"
b1110 &
#34108
0"
#34109
1"
b1111 &
#34110
0"
#34111
1"
b0000 &
#34112
0"
#34113
1"
b0001 &
#34114
0"
#34115
1"
b0010 &
#34116
0"
#34117
1"
b0011 &
#34118
0"
#34119
1"
b0100 &
#34120
0"
#34121
1"
b0101 &
#34122
0"
#34123
1"
b0110 &
#34124
0"
#34125
1"
b0111 &
#34126
0"
#34127
1"
b1000 &
#34128
0"
#34129
1"
b1001 &
#34130
0"
#34131
1"
b1010 &
#34132
0"
#34133
1"
b1011 &
#34134
0"
#34135
1"
b1100 &
#34136
0"
#34137
1"
b1101 &
#34138
0"
#34139
1"
b1110 &
#34140
0"
#34141
1"
b1111 &
#34142
0"
#34143
1"
b0000 &
#34144
0"
#34145
1"
b0001 &
#34146
0"
#34147
1"
b0010 &
#34148
0"
#34149
1"
b0011 &
#34150
0"
#34151
1"
b0100 &
#34152
0"
#34153
1"
b0101 &
#34154
0"
#34155
1"
b0110 &
#34156
0"
#34157
1"
b0111 &
#34158
0"
#34159
1"
b1000 &
#34160
0"
#34161
1"
b1001 &
#34162
0"
#34163
1"
b1010 &
#34164
0"
#34165
1"
b1011 &
#34166
0"
#34167
1"
b1100 &
#34168
0"
#34169
1"
b1101 &
#34170
0"
#34171
1"
b1110 &
#34172
0"
#34173
1"
b1111 &
#34174
0"
#34175
1"
b0000 &
#34176
0"
#34177
1"
b0001 &
#34178
0"
#34179
1"
b0010 &
#34180
0"
#34181
1"
b0011 &
#34182
0"
#34183
1"
b0100 &
#34184
0"
#34185
1"
b0101 &
#34186
0"
#34187
1"
b0110 &
#34188
0"
#34189
1"
b0111 &
#34190
0"
#34191
1"
b1000 &
#34192
0"
#34193
1"
b1001 &
#34194
0"
#34195
1"
b1010 &
#34196
0"
#34197
1"
b1011 &
#34198
0"
#34199
1"
b1100 &
#34200
0"
#34201
1"
b1101 &
#34202
0"
#34203
1"
b1110 &
#34204
0"
#34205
1"
b1111 &
#34206
0"
#34207
1"
b0000 &
#34208
0"
#34209
1"
b0001 &
#34210
0"
#34211
1"
b0010 &
#34212
0"
#34213
1"
b0011 &
#34214
0"
#34215
1"
b0100 &
#34216
0"
#34217
1"
b0101 &
#34218
0"
#34219
1"
b0110 &
#34220
0"
#34221
1"
b0111 &
#34222
0"
#34223
1"
b1000 &
#34224
0"
#34225
1"
b1001 &
#34226
0"
#34227
1"
b1010 &
#34228
0"
#34229
1"
b1011 &
#34230
0"
#34231
1"
b1100 &
#34232
0"
#34233
1"
b1101 &
#34234
0"
#34235
1"
b1110 &
#34236
0"
#34237
1"
b1111 &
#34238
0"
#34239
1"
b0000 &
#34240
0"
#34241
1"
b0001 &
#34242
0"
#34243
1"
b0010 &
#34244
0"
#34245
1"
b0011 &
#34246
0"
#34247
1"
b0100 &
#34248
0"
#34249
1"
b0101 &
#34250
0"
#34251
1"
b0110 &
#34252
0"
#34253
1"
b0111 &
#34254
0"
#34255
1"
b1000 &
#34256
0"
#34257
1"
b1001 &
#34258
0"
#34259
1"
b1010 &
#34260
0"
#34261
1"
b1011 &
#34262
0"
#34263
1"
b1100 &
#34264
0"
#34265
1"
b1101 &
#34266
0"
#34267
1"
b1110 &
#34268
0"
#34269
1"
b1111 &
#34270
0"
#34271
1"
b0000 &
#34272
0"
#34273
1"
b0001 &
#34274
0"
#34275
1"
b0010 &
#34276
0"
#34277
1"
b0011 &
#34278
0"
#34279
1"
b0100 &
#34280
0"
#34281
1"
b0101 &
#34282
0"
#34283
1"
b0110 &
#34284
0"
#34285
1"
b0111 &
#34286
0"
#34287
1"
b1000 &
#34288
0"
#34289
1"
b1001 &
#34290
0"
#34291
1"
b1010 &
#34292
0"
#34293
1"
b1011 &
#34294
0"
#34295
1"
b1100 &
#34296
0"
#34297
1"
b1101 &
#34298
0"
#34299
1"
b1110 &
#34300
0"
#34301
1"
b1111 &
#34302
0"
#34303
1"
b0000 &
#34304
0"
#34305
1"
b0001 &
#34306
0"
#34307
1"
b0010 &
#34308
0"
#34309
1"
b0011 &
#34310
0"
#34311
1"
b0100 &
#34312
0"
#34313
1"
b0101 &
#34314
0"
#34315
1"
b0110 &
#34316
0"
#34317
1"
b0111 &
#34318
0"
#34319
1"
b1000 &
#34320
0"
#34321
1"
b1001 &
#34322
0"
#34323
1"
b1010 &
#34324
0"
#34325
1"
b1011 &
#34326
0"
#34327
1"
b1100 &
#34328
0"
#34329
1"
b1101 &
#34330
0"
#34331
1"
b1110 &
#34332
0"
#34333
1"
b1111 &
#34334
0"
#34335
1"
b0000 &
#34336
0"
#34337
1"
b0001 &
#34338
0"
#34339
1"
b0010 &
#34340
0"
#34341
1"
b0011 &
#34342
0"
#34343
1"
b0100 &
#34344
0"
#34345
1"
b0101 &
#34346
0"
#34347
1"
b0110 &
#34348
0"
#34349
1"
b0111 &
#34350
0"
#34351
1"
b1000 &
#34352
0"
#34353
1"
b1001 &
#34354
0"
#34355
1"
b1010 &
#34356
0"
#34357
1"
b1011 &
#34358
0"
#34359
1"
b1100 &
#34360
0"
#34361
1"
b1101 &
#34362
0"
#34363
1"
b1110 &
#34364
0"
#34365
1"
b1111 &
#34366
0"
#34367
1"
b0000 &
#34368
0"
#34369
1"
b0001 &
#34370
0"
#34371
1"
b0010 &
#34372
0"
#34373
1"
b0011 &
#34374
0"
#34375
1"
b0100 &
#34376
0"
#34377
1"
b0101 &
#34378
0"
#34379
1"
b0110 &
#34380
0"
#34381
1"
b0111 &
#34382
0"
#34383
1"
b1000 &
#34384
0"
#34385
1"
b1001 &
#34386
0"
#34387
1"
b1010 &
#34388
0"
#34389
1"
b1011 &
#34390
0"
#34391
1"
b1100 &
#34392
0"
#34393
1"
b1101 &
#34394
0"
#34395
1"
b1110 &
#34396
0"
#34397
1"
b1111 &
#34398
0"
#34399
1"
b0000 &
#34400
0"
#34401
1"
b0001 &
#34402
0"
#34403
1"
b0010 &
#34404
0"
#34405
1"
b0011 &
#34406
0"
#34407
1"
b0100 &
#34408
0"
#34409
1"
b0101 &
#34410
0"
#34411
1"
b0110 &
#34412
0"
#34413
1"
b0111 &
#34414
0"
#34415
1"
b1000 &
#34416
0"
#34417
1"
b1001 &
#34418
0"
#34419
1"
b1010 &
#34420
0"
#34421
1"
b1011 &
#34422
0"
#34423
1"
b1100 &
#34424
0"
#34425
1"
b1101 &
#34426
0"
#34427
1"
b1110 &
#34428
0"
#34429
1"
b1111 &
#34430
0"
#34431
1"
b0000 &
#34432
0"
#34433
1"
b0001 &
#34434
0"
#34435
1"
b0010 &
#34436
0"
#34437
1"
b0011 &
#34438
0"
#34439
1"
b0100 &
#34440
0"
#34441
1"
b0101 &
#34442
0"
#34443
1"
b0110 &
#34444
0"
#34445
1"
b0111 &
#34446
0"
#34447
1"
b1000 &
#34448
0"
#34449
1"
b1001 &
#34450
0"
#34451
1"
b1010 &
#34452
0"
#34453
1"
b1011 &
#34454
0"
#34455
1"
b1100 &
#34456
0"
#34457
1"
b1101 &
#34458
0"
#34459
1"
b1110 &
#34460
0"
#34461
1"
b1111 &
#34462
0"
#34463
1"
b0000 &
#34464
0"
#34465
1"
b0001 &
#34466
0"
#34467
1"
b0010 &
#34468
0"
#34469
1"
b0011 &
#34470
0"
#34471
1"
b0100 &
#34472
0"
#34473
1"
b0101 &
#34474
0"
#34475
1"
b0110 &
#34476
0"
#34477
1"
b0111 &
#34478
0"
#34479
1"
b1000 &
#34480
0"
#34481
1"
b1001 &
#34482
0"
#34483
1"
b1010 &
#34484
0"
#34485
1"
b1011 &
#34486
0"
#34487
1"
b1100 &
#34488
0"
#34489
1"
b1101 &
#34490
0"
#34491
1"
b1110 &
#34492
0"
#34493
1"
b1111 &
#34494
0"
#34495
1"
b0000 &
#34496
0"
#34497
1"
b0001 &
#34498
0"
#34499
1"
b0010 &
#34500
0"
#34501
1"
b0011 &
#34502
0"
#34503
1"
b0100 &
#34504
0"
#34505
1"
b0101 &
#34506
0"
#34507
1"
b0110 &
#34508
0"
#34509
1"
b0111 &
#34510
0"
#34511
1"
b1000 &
#34512
0"
#34513
1"
b1001 &
#34514
0"
#34515
1"
b1010 &
#34516
0"
#34517
1"
b1011 &
#34518
0"
#34519
1"
b1100 &
#34520
0"
#34521
1"
b1101 &
#34522
0"
#34523
1"
b1110 &
#34524
0"
#34525
1"
b1111 &
#34526
0"
#34527
1"
b0000 &
#34528
0"
#34529
1"
b0001 &
#34530
0"
#34531
1"
b0010 &
#34532
0"
#34533
1"
b0011 &
#34534
0"
#34535
1"
b0100 &
#34536
0"
#34537
1"
b0101 &
#34538
0"
#34539
1"
b0110 &
#34540
0"
#34541
1"
b0111 &
#34542
0"
#34543
1"
b1000 &
#34544
0"
#34545
1"
b1001 &
#34546
0"
#34547
1"
b1010 &
#34548
0"
#34549
1"
b1011 &
#34550
0"
#34551
1"
b1100 &
#34552
0"
#34553
1"
b1101 &
#34554
0"
#34555
1"
b1110 &
#34556
0"
#34557
1"
b1111 &
#34558
0"
#34559
1"
b0000 &
#34560
0"
#34561
1"
b0001 &
#34562
0"
#34563
1"
b0010 &
#34564
0"
#34565
1"
b0011 &
#34566
0"
#34567
1"
b0100 &
#34568
0"
#34569
1"
b0101 &
#34570
0"
#34571
1"
b0110 &
#34572
0"
#34573
1"
b0111 &
#34574
0"
#34575
1"
b1000 &
#34576
0"
#34577
1"
b1001 &
#34578
0"
#34579
1"
b1010 &
#34580
0"
#34581
1"
b1011 &
#34582
0"
#34583
1"
b1100 &
#34584
0"
#34585
1"
b1101 &
#34586
0"
#34587
1"
b1110 &
#34588
0"
#34589
1"
b1111 &
#34590
0"
#34591
1"
b0000 &
#34592
0"
#34593
1"
b0001 &
#34594
0"
#34595
1"
b0010 &
#34596
0"
#34597
1"
b0011 &
#34598
0"
#34599
1"
b0100 &
#34600
0"
#34601
1"
b0101 &
#34602
0"
#34603
1"
b0110 &
#34604
0"
#34605
1"
b0111 &
#34606
0"
#34607
1"
b1000 &
#34608
0"
#34609
1"
b1001 &
#34610
0"
#34611
1"
b1010 &
#34612
0"
#34613
1"
b1011 &
#34614
0"
#34615
1"
b1100 &
#34616
0"
#34617
1"
b1101 &
#34618
0"
#34619
1"
b1110 &
#34620
0"
#34621
1"
b1111 &
#34622
0"
#34623
1"
b0000 &
#34624
0"
#34625
1"
b0001 &
#34626
0"
#34627
1"
b0010 &
#34628
0"
#34629
1"
b0011 &
#34630
0"
#34631
1"
b0100 &
#34632
0"
#34633
1"
b0101 &
#34634
0"
#34635
1"
b0110 &
#34636
0"
#34637
1"
b0111 &
#34638
0"
#34639
1"
b1000 &
#34640
0"
#34641
1"
b1001 &
#34642
0"
#34643
1"
b1010 &
#34644
0"
#34645
1"
b1011 &
#34646
0"
#34647
1"
b1100 &
#34648
0"
#34649
1"
b1101 &
#34650
0"
#34651
1"
b1110 &
#34652
0"
#34653
1"
b1111 &
#34654
0"
#34655
1"
b0000 &
#34656
0"
#34657
1"
b0001 &
#34658
0"
#34659
1"
b0010 &
#34660
0"
#34661
1"
b0011 &
#34662
0"
#34663
1"
b0100 &
#34664
0"
#34665
1"
b0101 &
#34666
0"
#34667
1"
b0110 &
#34668
0"
#34669
1"
b0111 &
#34670
0"
#34671
1"
b1000 &
#34672
0"
#34673
1"
b1001 &
#34674
0"
#34675
1"
b1010 &
#34676
0"
#34677
1"
b1011 &
#34678
0"
#34679
1"
b1100 &
#34680
0"
#34681
1"
b1101 &
#34682
0"
#34683
1"
b1110 &
#34684
0"
#34685
1"
b1111 &
#34686
0"
#34687
1"
b0000 &
#34688
0"
#34689
1"
b0001 &
#34690
0"
#34691
1"
b0010 &
#34692
0"
#34693
1"
b0011 &
#34694
0"
#34695
1"
b0100 &
#34696
0"
#34697
1"
b0101 &
#34698
0"
#34699
1"
b0110 &
#34700
0"
#34701
1"
b0111 &
#34702
0"
#34703
1"
b1000 &
#34704
0"
#34705
1"
b1001 &
#34706
0"
#34707
1"
b1010 &
#34708
0"
#34709
1"
b1011 &
#34710
0"
#34711
1"
b1100 &
#34712
0"
#34713
1"
b1101 &
#34714
0"
#34715
1"
b1110 &
#34716
0"
#34717
1"
b1111 &
#34718
0"
#34719
1"
b0000 &
#34720
0"
#34721
1"
b0001 &
#34722
0"
#34723
1"
b0010 &
#34724
0"
#34725
1"
b0011 &
#34726
0"
#34727
1"
b0100 &
#34728
0"
#34729
1"
b0101 &
#34730
0"
#34731
1"
b0110 &
#34732
0"
#34733
1"
b0111 &
#34734
0"
#34735
1"
b1000 &
#34736
0"
#34737
1"
b1001 &
#34738
0"
#34739
1"
b1010 &
#34740
0"
#34741
1"
b1011 &
#34742
0"
#34743
1"
b1100 &
#34744
0"
#34745
1"
b1101 &
#34746
0"
#34747
1"
b1110 &
#34748
0"
#34749
1"
b1111 &
#34750
0"
#34751
1"
b0000 &
#34752
0"
#34753
1"
b0001 &
#34754
0"
#34755
1"
b0010 &
#34756
0"
#34757
1"
b0011 &
#34758
0"
#34759
1"
b0100 &
#34760
0"
#34761
1"
b0101 &
#34762
0"
#34763
1"
b0110 &
#34764
0"
#34765
1"
b0111 &
#34766
0"
#34767
1"
b1000 &
#34768
0"
#34769
1"
b1001 &
#34770
0"
#34771
1"
b1010 &
#34772
0"
#34773
1"
b1011 &
#34774
0"
#34775
1"
b1100 &
#34776
0"
#34777
1"
b1101 &
#34778
0"
#34779
1"
b1110 &
#34780
0"
#34781
1"
b1111 &
#34782
0"
#34783
1"
b0000 &
#34784
0"
#34785
1"
b0001 &
#34786
0"
#34787
1"
b0010 &
#34788
0"
#34789
1"
b0011 &
#34790
0"
#34791
1"
b0100 &
#34792
0"
#34793
1"
b0101 &
#34794
0"
#34795
1"
b0110 &
#34796
0"
#34797
1"
b0111 &
#34798
0"
#34799
1"
b1000 &
#34800
0"
#34801
1"
b1001 &
#34802
0"
#34803
1"
b1010 &
#34804
0"
#34805
1"
b1011 &
#34806
0"
#34807
1"
b1100 &
#34808
0"
#34809
1"
b1101 &
#34810
0"
#34811
1"
b1110 &
#34812
0"
#34813
1"
b1111 &
#34814
0"
#34815
1"
b0000 &
#34816
0"
#34817
1"
b0001 &
#34818
0"
#34819
1"
b0010 &
#34820
0"
#34821
1"
b0011 &
#34822
0"
#34823
1"
b0100 &
#34824
0"
#34825
1"
b0101 &
#34826
0"
#34827
1"
b0110 &
#34828
0"
#34829
1"
b0111 &
#34830
0"
#34831
1"
b1000 &
#34832
0"
#34833
1"
b1001 &
#34834
0"
#34835
1"
b1010 &
#34836
0"
#34837
1"
b1011 &
#34838
0"
#34839
1"
b1100 &
#34840
0"
#34841
1"
b1101 &
#34842
0"
#34843
1"
b1110 &
#34844
0"
#34845
1"
b1111 &
#34846
0"
#34847
1"
b0000 &
#34848
0"
#34849
1"
b0001 &
#34850
0"
#34851
1"
b0010 &
#34852
0"
#34853
1"
b0011 &
#34854
0"
#34855
1"
b0100 &
#34856
0"
#34857
1"
b0101 &
#34858
0"
#34859
1"
b0110 &
#34860
0"
#34861
1"
b0111 &
#34862
0"
#34863
1"
b1000 &
#34864
0"
#34865
1"
b1001 &
#34866
0"
#34867
1"
b1010 &
#34868
0"
#34869
1"
b1011 &
#34870
0"
#34871
1"
b1100 &
#34872
0"
#34873
1"
b1101 &
#34874
0"
#34875
1"
b1110 &
#34876
0"
#34877
1"
b1111 &
#34878
0"
#34879
1"
b0000 &
#34880
0"
#34881
1"
b0001 &
#34882
0"
#34883
1"
b0010 &
#34884
0"
#34885
1"
b0011 &
#34886
0"
#34887
1"
b0100 &
#34888
0"
#34889
1"
b0101 &
#34890
0"
#34891
1"
b0110 &
#34892
0"
#34893
1"
b0111 &
#34894
0"
#34895
1"
b1000 &
#34896
0"
#34897
1"
b1001 &
#34898
0"
#34899
1"
b1010 &
#34900
0"
#34901
1"
b1011 &
#34902
0"
#34903
1"
b1100 &
#34904
0"
#34905
1"
b1101 &
#34906
0"
#34907
1"
b1110 &
#34908
0"
#34909
1"
b1111 &
#34910
0"
#34911
1"
b0000 &
#34912
0"
#34913
1"
b0001 &
#34914
0"
#34915
1"
b0010 &
#34916
0"
#34917
1"
b0011 &
#34918
0"
#34919
1"
b0100 &
#34920
0"
#34921
1"
b0101 &
#34922
0"
#34923
1"
b0110 &
#34924
0"
#34925
1"
b0111 &
#34926
0"
#34927
1"
b1000 &
#34928
0"
#34929
1"
b1001 &
#34930
0"
#34931
1"
b1010 &
#34932
0"
#34933
1"
b1011 &
#34934
0"
#34935
1"
b1100 &
#34936
0"
#34937
1"
b1101 &
#34938
0"
#34939
1"
b1110 &
#34940
0"
#34941
1"
b1111 &
#34942
0"
#34943
1"
b0000 &
#34944
0"
#34945
1"
b0001 &
#34946
0"
#34947
1"
b0010 &
#34948
0"
#34949
1"
b0011 &
#34950
0"
#34951
1"
b0100 &
#34952
0"
#34953
1"
b0101 &
#34954
0"
#34955
1"
b0110 &
#34956
0"
#34957
1"
b0111 &
#34958
0"
#34959
1"
b1000 &
#34960
0"
#34961
1"
b1001 &
#34962
0"
#34963
1"
b1010 &
#34964
0"
#34965
1"
b1011 &
#34966
0"
#34967
1"
b1100 &
#34968
0"
#34969
1"
b1101 &
#34970
0"
#34971
1"
b1110 &
#34972
0"
#34973
1"
b1111 &
#34974
0"
#34975
1"
b0000 &
#34976
0"
#34977
1"
b0001 &
#34978
0"
#34979
1"
b0010 &
#34980
0"
#34981
1"
b0011 &
#34982
0"
#34983
1"
b0100 &
#34984
0"
#34985
1"
b0101 &
#34986
0"
#34987
1"
b0110 &
#34988
0"
#34989
1"
b0111 &
#34990
0"
#34991
1"
b1000 &
#34992
0"
#34993
1"
b1001 &
#34994
0"
#34995
1"
b1010 &
#34996
0"
#34997
1"
b1011 &
#34998
0"
#34999
1"
b1100 &
#35000
0"
#35001
1"
b1101 &
#35002
0"
#35003
1"
b1110 &
#35004
0"
#35005
1"
b1111 &
#35006
0"
#35007
1"
b0000 &
#35008
0"
#35009
1"
b0001 &
#35010
0"
#35011
1"
b0010 &
#35012
0"
#35013
1"
b0011 &
#35014
0"
#35015
1"
b0100 &
#35016
0"
#35017
1"
b0101 &
#35018
0"
#35019
1"
b0110 &
#35020
0"
#35021
1"
b0111 &
#35022
0"
#35023
1"
b1000 &
#35024
0"
#35025
1"
b1001 &
#35026
0"
#35027
1"
b1010 &
#35028
0"
#35029
1"
b1011 &
#35030
0"
#35031
1"
b1100 &
#35032
0"
#35033
1"
b1101 &
#35034
0"
#35035
1"
b1110 &
#35036
0"
#35037
1"
b1111 &
#35038
0"
#35039
1"
b0000 &
#35040
0"
#35041
1"
b0001 &
#35042
0"
#35043
1"
b0010 &
#35044
0"
#35045
1"
b0011 &
#35046
0"
#35047
1"
b0100 &
#35048
0"
#35049
1"
b0101 &
#35050
0"
#35051
1"
b0110 &
#35052
0"
#35053
1"
b0111 &
#35054
0"
#35055
1"
b1000 &
#35056
0"
#35057
1"
b1001 &
#35058
0"
#35059
1"
b1010 &
#35060
0"
#35061
1"
b1011 &
#35062
0"
#35063
1"
b1100 &
#35064
0"
#35065
1"
b1101 &
#35066
0"
#35067
1"
b1110 &
#35068
0"
#35069
1"
b1111 &
#35070
0"
#35071
1"
b0000 &
#35072
0"
#35073
1"
b0001 &
#35074
0"
#35075
1"
b0010 &
#35076
0"
#35077
1"
b0011 &
#35078
0"
#35079
1"
b0100 &
#35080
0"
#35081
1"
b0101 &
#35082
0"
#35083
1"
b0110 &
#35084
0"
#35085
1"
b0111 &
#35086
0"
#35087
1"
b1000 &
#35088
0"
#35089
1"
b1001 &
#35090
0"
#35091
1"
b1010 &
#35092
0"
#35093
1"
b1011 &
#35094
0"
#35095
1"
b1100 &
#35096
0"
#35097
1"
b1101 &
#35098
0"
#35099
1"
b1110 &
#35100
0"
#35101
1"
b1111 &
#35102
0"
#35103
1"
b0000 &
#35104
0"
#35105
1"
b0001 &
#35106
0"
#35107
1"
b0010 &
#35108
0"
#35109
1"
b0011 &
#35110
0"
#35111
1"
b0100 &
#35112
0"
#35113
1"
b0101 &
#35114
0"
#35115
1"
b0110 &
#35116
0"
#35117
1"
b0111 &
#35118
0"
#35119
1"
b1000 &
#35120
0"
#35121
1"
b1001 &
#35122
0"
#35123
1"
b1010 &
#35124
0"
#35125
1"
b1011 &
#35126
0"
#35127
1"
b1100 &
#35128
0"
#35129
1"
b1101 &
#35130
0"
#35131
1"
b1110 &
#35132
0"
#35133
1"
b1111 &
#35134
0"
#35135
1"
b0000 &
#35136
0"
#35137
1"
b0001 &
#35138
0"
#35139
1"
b0010 &
#35140
0"
#35141
1"
b0011 &
#35142
0"
#35143
1"
b0100 &
#35144
0"
#35145
1"
b0101 &
#35146
0"
#35147
1"
b0110 &
#35148
0"
#35149
1"
b0111 &
#35150
0"
#35151
1"
b1000 &
#35152
0"
#35153
1"
b1001 &
#35154
0"
#35155
1"
b1010 &
#35156
0"
#35157
1"
b1011 &
#35158
0"
#35159
1"
b1100 &
#35160
0"
#35161
1"
b1101 &
#35162
0"
#35163
1"
b1110 &
#35164
0"
#35165
1"
b1111 &
#35166
0"
#35167
1"
b0000 &
#35168
0"
#35169
1"
b0001 &
#35170
0"
#35171
1"
b0010 &
#35172
0"
#35173
1"
b0011 &
#35174
0"
#35175
1"
b0100 &
#35176
0"
#35177
1"
b0101 &
#35178
0"
#35179
1"
b0110 &
#35180
0"
#35181
1"
b0111 &
#35182
0"
#35183
1"
b1000 &
#35184
0"
#35185
1"
b1001 &
#35186
0"
#35187
1"
b1010 &
#35188
0"
#35189
1"
b1011 &
#35190
0"
#35191
1"
b1100 &
#35192
0"
#35193
1"
b1101 &
#35194
0"
#35195
1"
b1110 &
#35196
0"
#35197
1"
b1111 &
#35198
0"
#35199
1"
b0000 &
#35200
0"
#35201
1"
b0001 &
#35202
0"
#35203
1"
b0010 &
#35204
0"
#35205
1"
b0011 &
#35206
0"
#35207
1"
b0100 &
#35208
0"
#35209
1"
b0101 &
#35210
0"
#35211
1"
b0110 &
#35212
0"
#35213
1"
b0111 &
#35214
0"
#35215
1"
b1000 &
#35216
0"
#35217
1"
b1001 &
#35218
0"
#35219
1"
b1010 &
#35220
0"
#35221
1"
b1011 &
#35222
0"
#35223
1"
b1100 &
#35224
0"
#35225
1"
b1101 &
#35226
0"
#35227
1"
b1110 &
#35228
0"
#35229
1"
b1111 &
#35230
0"
#35231
1"
b0000 &
#35232
0"
#35233
1"
b0001 &
#35234
0"
#35235
1"
b0010 &
#35236
0"
#35237
1"
b0011 &
#35238
0"
#35239
1"
b0100 &
#35240
0"
#35241
1"
b0101 &
#35242
0"
#35243
1"
b0110 &
#35244
0"
#35245
1"
b0111 &
#35246
0"
#35247
1"
b1000 &
#35248
0"
#35249
1"
b1001 &
#35250
0"
#35251
1"
b1010 &
#35252
0"
#35253
1"
b1011 &
#35254
0"
#35255
1"
b1100 &
#35256
0"
#35257
1"
b1101 &
#35258
0"
#35259
1"
b1110 &
#35260
0"
#35261
1"
b1111 &
#35262
0"
#35263
1"
b0000 &
#35264
0"
#35265
1"
b0001 &
#35266
0"
#35267
1"
b0010 &
#35268
0"
#35269
1"
b0011 &
#35270
0"
#35271
1"
b0100 &
#35272
0"
#35273
1"
b0101 &
#35274
0"
#35275
1"
b0110 &
#35276
0"
#35277
1"
b0111 &
#35278
0"
#35279
1"
b1000 &
#35280
0"
#35281
1"
b1001 &
#35282
0"
#35283
1"
b1010 &
#35284
0"
#35285
1"
b1011 &
#35286
0"
#35287
1"
b1100 &
#35288
0"
#35289
1"
b1101 &
#35290
0"
#35291
1"
b1110 &
#35292
0"
#35293
1"
b1111 &
#35294
0"
#35295
1"
b0000 &
#35296
0"
#35297
1"
b0001 &
#35298
0"
#35299
1"
b0010 &
#35300
0"
#35301
1"
b0011 &
#35302
0"
#35303
1"
b0100 &
#35304
0"
#35305
1"
b0101 &
#35306
0"
#35307
1"
b0110 &
#35308
0"
#35309
1"
b0111 &
#35310
0"
#35311
1"
b1000 &
#35312
0"
#35313
1"
b1001 &
#35314
0"
#35315
1"
b1010 &
#35316
0"
#35317
1"
b1011 &
#35318
0"
#35319
1"
b1100 &
#35320
0"
#35321
1"
b1101 &
#35322
0"
#35323
1"
b1110 &
#35324
0"
#35325
1"
b1111 &
#35326
0"
#35327
1"
b0000 &
#35328
0"
#35329
1"
b0001 &
#35330
0"
#35331
1"
b0010 &
#35332
0"
#35333
1"
b0011 &
#35334
0"
#35335
1"
b0100 &
#35336
0"
#35337
1"
b0101 &
#35338
0"
#35339
1"
b0110 &
#35340
0"
#35341
1"
b0111 &
#35342
0"
#35343
1"
b1000 &
#35344
0"
#35345
1"
b1001 &
#35346
0"
#35347
1"
b1010 &
#35348
0"
#35349
1"
b1011 &
#35350
0"
#35351
1"
b1100 &
#35352
0"
#35353
1"
b1101 &
#35354
0"
#35355
1"
b1110 &
#35356
0"
#35357
1"
b1111 &
#35358
0"
#35359
1"
b0000 &
#35360
0"
#35361
1"
b0001 &
#35362
0"
#35363
1"
b0010 &
#35364
0"
#35365
1"
b0011 &
#35366
0"
#35367
1"
b0100 &
#35368
0"
#35369
1"
b0101 &
#35370
0"
#35371
1"
b0110 &
#35372
0"
#35373
1"
b0111 &
#35374
0"
#35375
1"
b1000 &
#35376
0"
#35377
1"
b1001 &
#35378
0"
#35379
1"
b1010 &
#35380
0"
#35381
1"
b1011 &
#35382
0"
#35383
1"
b1100 &
#35384
0"
#35385
1"
b1101 &
#35386
0"
#35387
1"
b1110 &
#35388
0"
#35389
1"
b1111 &
#35390
0"
#35391
1"
b0000 &
#35392
0"
#35393
1"
b0001 &
#35394
0"
#35395
1"
b0010 &
#35396
0"
#35397
1"
b0011 &
#35398
0"
#35399
1"
b0100 &
#35400
0"
#35401
1"
b0101 &
#35402
0"
#35403
1"
b0110 &
#35404
0"
#35405
1"
b0111 &
#35406
0"
#35407
1"
b1000 &
#35408
0"
#35409
1"
b1001 &
#35410
0"
#35411
1"
b1010 &
#35412
0"
#35413
1"
b1011 &
#35414
0"
#35415
1"
b1100 &
#35416
0"
#35417
1"
b1101 &
#35418
0"
#35419
1"
b1110 &
#35420
0"
#35421
1"
b1111 &
#35422
0"
#35423
1"
b0000 &
#35424
0"
#35425
1"
b0001 &
#35426
0"
#35427
1"
b0010 &
#35428
0"
#35429
1"
b0011 &
#35430
0"
#35431
1"
b0100 &
#35432
0"
#35433
1"
b0101 &
#35434
0"
#35435
1"
b0110 &
#35436
0"
#35437
1"
b0111 &
#35438
0"
#35439
1"
b1000 &
#35440
0"
#35441
1"
b1001 &
#35442
0"
#35443
1"
b1010 &
#35444
0"
#35445
1"
b1011 &
#35446
0"
#35447
1"
b1100 &
#35448
0"
#35449
1"
b1101 &
#35450
0"
#35451
1"
b1110 &
#35452
0"
#35453
1"
b1111 &
#35454
0"
#35455
1"
b0000 &
#35456
0"
#35457
1"
b0001 &
#35458
0"
#35459
1"
b0010 &
#35460
0"
#35461
1"
b0011 &
#35462
0"
#35463
1"
b0100 &
#35464
0"
#35465
1"
b0101 &
#35466
0"
#35467
1"
b0110 &
#35468
0"
#35469
1"
b0111 &
#35470
0"
#35471
1"
b1000 &
#35472
0"
#35473
1"
b1001 &
#35474
0"
#35475
1"
b1010 &
#35476
0"
#35477
1"
b1011 &
#35478
0"
#35479
1"
b1100 &
#35480
0"
#35481
1"
b1101 &
#35482
0"
#35483
1"
b1110 &
#35484
0"
#35485
1"
b1111 &
#35486
0"
#35487
1"
b0000 &
#35488
0"
#35489
1"
b0001 &
#35490
0"
#35491
1"
b0010 &
#35492
0"
#35493
1"
b0011 &
#35494
0"
#35495
1"
b0100 &
#35496
0"
#35497
1"
b0101 &
#35498
0"
#35499
1"
b0110 &
#35500
0"
#35501
1"
b0111 &
#35502
0"
#35503
1"
b1000 &
#35504
0"
#35505
1"
b1001 &
#35506
0"
#35507
1"
b1010 &
#35508
0"
#35509
1"
b1011 &
#35510
0"
#35511
1"
b1100 &
#35512
0"
#35513
1"
b1101 &
#35514
0"
#35515
1"
b1110 &
#35516
0"
#35517
1"
b1111 &
#35518
0"
#35519
1"
b0000 &
#35520
0"
#35521
1"
b0001 &
#35522
0"
#35523
1"
b0010 &
#35524
0"
#35525
1"
b0011 &
#35526
0"
#35527
1"
b0100 &
#35528
0"
#35529
1"
b0101 &
#35530
0"
#35531
1"
b0110 &
#35532
0"
#35533
1"
b0111 &
#35534
0"
#35535
1"
b1000 &
#35536
0"
#35537
1"
b1001 &
#35538
0"
#35539
1"
b1010 &
#35540
0"
#35541
1"
b1011 &
#35542
0"
#35543
1"
b1100 &
#35544
0"
#35545
1"
b1101 &
#35546
0"
#35547
1"
b1110 &
#35548
0"
#35549
1"
b1111 &
#35550
0"
#35551
1"
b0000 &
#35552
0"
#35553
1"
b0001 &
#35554
0"
#35555
1"
b0010 &
#35556
0"
#35557
1"
b0011 &
#35558
0"
#35559
1"
b0100 &
#35560
0"
#35561
1"
b0101 &
#35562
0"
#35563
1"
b0110 &
#35564
0"
#35565
1"
b0111 &
#35566
0"
#35567
1"
b1000 &
#35568
0"
#35569
1"
b1001 &
#35570
0"
#35571
1"
b1010 &
#35572
0"
#35573
1"
b1011 &
#35574
0"
#35575
1"
b1100 &
#35576
0"
#35577
1"
b1101 &
#35578
0"
#35579
1"
b1110 &
#35580
0"
#35581
1"
b1111 &
#35582
0"
#35583
1"
b0000 &
#35584
0"
#35585
1"
b0001 &
#35586
0"
#35587
1"
b0010 &
#35588
0"
#35589
1"
b0011 &
#35590
0"
#35591
1"
b0100 &
#35592
0"
#35593
1"
b0101 &
#35594
0"
#35595
1"
b0110 &
#35596
0"
#35597
1"
b0111 &
#35598
0"
#35599
1"
b1000 &
#35600
0"
#35601
1"
b1001 &
#35602
0"
#35603
1"
b1010 &
#35604
0"
#35605
1"
b1011 &
#35606
0"
#35607
1"
b1100 &
#35608
0"
#35609
1"
b1101 &
#35610
0"
#35611
1"
b1110 &
#35612
0"
#35613
1"
b1111 &
#35614
0"
#35615
1"
b0000 &
#35616
0"
#35617
1"
b0001 &
#35618
0"
#35619
1"
b0010 &
#35620
0"
#35621
1"
b0011 &
#35622
0"
#35623
1"
b0100 &
#35624
0"
#35625
1"
b0101 &
#35626
0"
#35627
1"
b0110 &
#35628
0"
#35629
1"
b0111 &
#35630
0"
#35631
1"
b1000 &
#35632
0"
#35633
1"
b1001 &
#35634
0"
#35635
1"
b1010 &
#35636
0"
#35637
1"
b1011 &
#35638
0"
#35639
1"
b1100 &
#35640
0"
#35641
1"
b1101 &
#35642
0"
#35643
1"
b1110 &
#35644
0"
#35645
1"
b1111 &
#35646
0"
#35647
1"
b0000 &
#35648
0"
#35649
1"
b0001 &
#35650
0"
#35651
1"
b0010 &
#35652
0"
#35653
1"
b0011 &
#35654
0"
#35655
1"
b0100 &
#35656
0"
#35657
1"
b0101 &
#35658
0"
#35659
1"
b0110 &
#35660
0"
#35661
1"
b0111 &
#35662
0"
#35663
1"
b1000 &
#35664
0"
#35665
1"
b1001 &
#35666
0"
#35667
1"
b1010 &
#35668
0"
#35669
1"
b1011 &
#35670
0"
#35671
1"
b1100 &
#35672
0"
#35673
1"
b1101 &
#35674
0"
#35675
1"
b1110 &
#35676
0"
#35677
1"
b1111 &
#35678
0"
#35679
1"
b0000 &
#35680
0"
#35681
1"
b0001 &
#35682
0"
#35683
1"
b0010 &
#35684
0"
#35685
1"
b0011 &
#35686
0"
#35687
1"
b0100 &
#35688
0"
#35689
1"
b0101 &
#35690
0"
#35691
1"
b0110 &
#35692
0"
#35693
1"
b0111 &
#35694
0"
#35695
1"
b1000 &
#35696
0"
#35697
1"
b1001 &
#35698
0"
#35699
1"
b1010 &
#35700
0"
#35701
1"
b1011 &
#35702
0"
#35703
1"
b1100 &
#35704
0"
#35705
1"
b1101 &
#35706
0"
#35707
1"
b1110 &
#35708
0"
#35709
1"
b1111 &
#35710
0"
#35711
1"
b0000 &
#35712
0"
#35713
1"
b0001 &
#35714
0"
#35715
1"
b0010 &
#35716
0"
#35717
1"
b0011 &
#35718
0"
#35719
1"
b0100 &
#35720
0"
#35721
1"
b0101 &
#35722
0"
#35723
1"
b0110 &
#35724
0"
#35725
1"
b0111 &
#35726
0"
#35727
1"
b1000 &
#35728
0"
#35729
1"
b1001 &
#35730
0"
#35731
1"
b1010 &
#35732
0"
#35733
1"
b1011 &
#35734
0"
#35735
1"
b1100 &
#35736
0"
#35737
1"
b1101 &
#35738
0"
#35739
1"
b1110 &
#35740
0"
#35741
1"
b1111 &
#35742
0"
#35743
1"
b0000 &
#35744
0"
#35745
1"
b0001 &
#35746
0"
#35747
1"
b0010 &
#35748
0"
#35749
1"
b0011 &
#35750
0"
#35751
1"
b0100 &
#35752
0"
#35753
1"
b0101 &
#35754
0"
#35755
1"
b0110 &
#35756
0"
#35757
1"
b0111 &
#35758
0"
#35759
1"
b1000 &
#35760
0"
#35761
1"
b1001 &
#35762
0"
#35763
1"
b1010 &
#35764
0"
#35765
1"
b1011 &
#35766
0"
#35767
1"
b1100 &
#35768
0"
#35769
1"
b1101 &
#35770
0"
#35771
1"
b1110 &
#35772
0"
#35773
1"
b1111 &
#35774
0"
#35775
1"
b0000 &
#35776
0"
#35777
1"
b0001 &
#35778
0"
#35779
1"
b0010 &
#35780
0"
#35781
1"
b0011 &
#35782
0"
#35783
1"
b0100 &
#35784
0"
#35785
1"
b0101 &
#35786
0"
#35787
1"
b0110 &
#35788
0"
#35789
1"
b0111 &
#35790
0"
#35791
1"
b1000 &
#35792
0"
#35793
1"
b1001 &
#35794
0"
#35795
1"
b1010 &
#35796
0"
#35797
1"
b1011 &
#35798
0"
#35799
1"
b1100 &
#35800
0"
#35801
1"
b1101 &
#35802
0"
#35803
1"
b1110 &
#35804
0"
#35805
1"
b1111 &
#35806
0"
#35807
1"
b0000 &
#35808
0"
#35809
1"
b0001 &
#35810
0"
#35811
1"
b0010 &
#35812
0"
#35813
1"
b0011 &
#35814
0"
#35815
1"
b0100 &
#35816
0"
#35817
1"
b0101 &
#35818
0"
#35819
1"
b0110 &
#35820
0"
#35821
1"
b0111 &
#35822
0"
#35823
1"
b1000 &
#35824
0"
#35825
1"
b1001 &
#35826
0"
#35827
1"
b1010 &
#35828
0"
#35829
1"
b1011 &
#35830
0"
#35831
1"
b1100 &
#35832
0"
#35833
1"
b1101 &
#35834
0"
#35835
1"
b1110 &
#35836
0"
#35837
1"
b1111 &
#35838
0"
#35839
1"
b0000 &
#35840
0"
#35841
1"
b0001 &
#35842
0"
#35843
1"
b0010 &
#35844
0"
#35845
1"
b0011 &
#35846
0"
#35847
1"
b0100 &
#35848
0"
#35849
1"
b0101 &
#35850
0"
#35851
1"
b0110 &
#35852
0"
#35853
1"
b0111 &
#35854
0"
#35855
1"
b1000 &
#35856
0"
#35857
1"
b1001 &
#35858
0"
#35859
1"
b1010 &
#35860
0"
#35861
1"
b1011 &
#35862
0"
#35863
1"
b1100 &
#35864
0"
#35865
1"
b1101 &
#35866
0"
#35867
1"
b1110 &
#35868
0"
#35869
1"
b1111 &
#35870
0"
#35871
1"
b0000 &
#35872
0"
#35873
1"
b0001 &
#35874
0"
#35875
1"
b0010 &
#35876
0"
#35877
1"
b0011 &
#35878
0"
#35879
1"
b0100 &
#35880
0"
#35881
1"
b0101 &
#35882
0"
#35883
1"
b0110 &
#35884
0"
#35885
1"
b0111 &
#35886
0"
#35887
1"
b1000 &
#35888
0"
#35889
1"
b1001 &
#35890
0"
#35891
1"
b1010 &
#35892
0"
#35893
1"
b1011 &
#35894
0"
#35895
1"
b1100 &
#35896
0"
#35897
1"
b1101 &
#35898
0"
#35899
1"
b1110 &
#35900
0"
#35901
1"
b1111 &
#35902
0"
#35903
1"
b0000 &
#35904
0"
#35905
1"
b0001 &
#35906
0"
#35907
1"
b0010 &
#35908
0"
#35909
1"
b0011 &
#35910
0"
#35911
1"
b0100 &
#35912
0"
#35913
1"
b0101 &
#35914
0"
#35915
1"
b0110 &
#35916
0"
#35917
1"
b0111 &
#35918
0"
#35919
1"
b1000 &
#35920
0"
#35921
1"
b1001 &
#35922
0"
#35923
1"
b1010 &
#35924
0"
#35925
1"
b1011 &
#35926
0"
#35927
1"
b1100 &
#35928
0"
#35929
1"
b1101 &
#35930
0"
#35931
1"
b1110 &
#35932
0"
#35933
1"
b1111 &
#35934
0"
#35935
1"
b0000 &
#35936
0"
#35937
1"
b0001 &
#35938
0"
#35939
1"
b0010 &
#35940
0"
#35941
1"
b0011 &
#35942
0"
#35943
1"
b0100 &
#35944
0"
#35945
1"
b0101 &
#35946
0"
#35947
1"
b0110 &
#35948
0"
#35949
1"
b0111 &
#35950
0"
#35951
1"
b1000 &
#35952
0"
#35953
1"
b1001 &
#35954
0"
#35955
1"
b1010 &
#35956
0"
#35957
1"
b1011 &
#35958
0"
#35959
1"
b1100 &
#35960
0"
#35961
1"
b1101 &
#35962
0"
#35963
1"
b1110 &
#35964
0"
#35965
1"
b1111 &
#35966
0"
#35967
1"
b0000 &
#35968
0"
#35969
1"
b0001 &
#35970
0"
#35971
1"
b0010 &
#35972
0"
#35973
1"
b0011 &
#35974
0"
#35975
1"
b0100 &
#35976
0"
#35977
1"
b0101 &
#35978
0"
#35979
1"
b0110 &
#35980
0"
#35981
1"
b0111 &
#35982
0"
#35983
1"
b1000 &
#35984
0"
#35985
1"
b1001 &
#35986
0"
#35987
1"
b1010 &
#35988
0"
#35989
1"
b1011 &
#35990
0"
#35991
1"
b1100 &
#35992
0"
#35993
1"
b1101 &
#35994
0"
#35995
1"
b1110 &
#35996
0"
#35997
1"
b1111 &
#35998
0"
#35999
1"
b0000 &
#36000
0"
#36001
1"
b0001 &
#36002
0"
#36003
1"
b0010 &
#36004
0"
#36005
1"
b0011 &
#36006
0"
#36007
1"
b0100 &
#36008
0"
#36009
1"
b0101 &
#36010
0"
#36011
1"
b0110 &
#36012
0"
#36013
1"
b0111 &
#36014
0"
#36015
1"
b1000 &
#36016
0"
#36017
1"
b1001 &
#36018
0"
#36019
1"
b1010 &
#36020
0"
#36021
1"
b1011 &
#36022
0"
#36023
1"
b1100 &
#36024
0"
#36025
1"
b1101 &
#36026
0"
#36027
1"
b1110 &
#36028
0"
#36029
1"
b1111 &
#36030
0"
#36031
1"
b0000 &
#36032
0"
#36033
1"
b0001 &
#36034
0"
#36035
1"
b0010 &
#36036
0"
#36037
1"
b0011 &
#36038
0"
#36039
1"
b0100 &
#36040
0"
#36041
1"
b0101 &
#36042
0"
#36043
1"
b0110 &
#36044
0"
#36045
1"
b0111 &
#36046
0"
#36047
1"
b1000 &
#36048
0"
#36049
1"
b1001 &
#36050
0"
#36051
1"
b1010 &
#36052
0"
#36053
1"
b1011 &
#36054
0"
#36055
1"
b1100 &
#36056
0"
#36057
1"
b1101 &
#36058
0"
#36059
1"
b1110 &
#36060
0"
#36061
1"
b1111 &
#36062
0"
#36063
1"
b0000 &
#36064
0"
#36065
1"
b0001 &
#36066
0"
#36067
1"
b0010 &
#36068
0"
#36069
1"
b0011 &
#36070
0"
#36071
1"
b0100 &
#36072
0"
#36073
1"
b0101 &
#36074
0"
#36075
1"
b0110 &
#36076
0"
#36077
1"
b0111 &
#36078
0"
#36079
1"
b1000 &
#36080
0"
#36081
1"
b1001 &
#36082
0"
#36083
1"
b1010 &
#36084
0"
#36085
1"
b1011 &
#36086
0"
#36087
1"
b1100 &
#36088
0"
#36089
1"
b1101 &
#36090
0"
#36091
1"
b1110 &
#36092
0"
#36093
1"
b1111 &
#36094
0"
#36095
1"
b0000 &
#36096
0"
#36097
1"
b0001 &
#36098
0"
#36099
1"
b0010 &
#36100
0"
#36101
1"
b0011 &
#36102
0"
#36103
1"
b0100 &
#36104
0"
#36105
1"
b0101 &
#36106
0"
#36107
1"
b0110 &
#36108
0"
#36109
1"
b0111 &
#36110
0"
#36111
1"
b1000 &
#36112
0"
#36113
1"
b1001 &
#36114
0"
#36115
1"
b1010 &
#36116
0"
#36117
1"
b1011 &
#36118
0"
#36119
1"
b1100 &
#36120
0"
#36121
1"
b1101 &
#36122
0"
#36123
1"
b1110 &
#36124
0"
#36125
1"
b1111 &
#36126
0"
#36127
1"
b0000 &
#36128
0"
#36129
1"
b0001 &
#36130
0"
#36131
1"
b0010 &
#36132
0"
#36133
1"
b0011 &
#36134
0"
#36135
1"
b0100 &
#36136
0"
#36137
1"
b0101 &
#36138
0"
#36139
1"
b0110 &
#36140
0"
#36141
1"
b0111 &
#36142
0"
#36143
1"
b1000 &
#36144
0"
#36145
1"
b1001 &
#36146
0"
#36147
1"
b1010 &
#36148
0"
#36149
1"
b1011 &
#36150
0"
#36151
1"
b1100 &
#36152
0"
#36153
1"
b1101 &
#36154
0"
#36155
1"
b1110 &
#36156
0"
#36157
1"
b1111 &
#36158
0"
#36159
1"
b0000 &
#36160
0"
#36161
1"
b0001 &
#36162
0"
#36163
1"
b0010 &
#36164
0"
#36165
1"
b0011 &
#36166
0"
#36167
1"
b0100 &
#36168
0"
#36169
1"
b0101 &
#36170
0"
#36171
1"
b0110 &
#36172
0"
#36173
1"
b0111 &
#36174
0"
#36175
1"
b1000 &
#36176
0"
#36177
1"
b1001 &
#36178
0"
#36179
1"
b1010 &
#36180
0"
#36181
1"
b1011 &
#36182
0"
#36183
1"
b1100 &
#36184
0"
#36185
1"
b1101 &
#36186
0"
#36187
1"
b1110 &
#36188
0"
#36189
1"
b1111 &
#36190
0"
#36191
1"
b0000 &
#36192
0"
#36193
1"
b0001 &
#36194
0"
#36195
1"
b0010 &
#36196
0"
#36197
1"
b0011 &
#36198
0"
#36199
1"
b0100 &
#36200
0"
#36201
1"
b0101 &
#36202
0"
#36203
1"
b0110 &
#36204
0"
#36205
1"
b0111 &
#36206
0"
#36207
1"
b1000 &
#36208
0"
#36209
1"
b1001 &
#36210
0"
#36211
1"
b1010 &
#36212
0"
#36213
1"
b1011 &
#36214
0"
#36215
1"
b1100 &
#36216
0"
#36217
1"
b1101 &
#36218
0"
#36219
1"
b1110 &
#36220
0"
#36221
1"
b1111 &
#36222
0"
#36223
1"
b0000 &
#36224
0"
#36225
1"
b0001 &
#36226
0"
#36227
1"
b0010 &
#36228
0"
#36229
1"
b0011 &
#36230
0"
#36231
1"
b0100 &
#36232
0"
#36233
1"
b0101 &
#36234
0"
#36235
1"
b0110 &
#36236
0"
#36237
1"
b0111 &
#36238
0"
#36239
1"
b1000 &
#36240
0"
#36241
1"
b1001 &
#36242
0"
#36243
1"
b1010 &
#36244
0"
#36245
1"
b1011 &
#36246
0"
#36247
1"
b1100 &
#36248
0"
#36249
1"
b1101 &
#36250
0"
#36251
1"
b1110 &
#36252
0"
#36253
1"
b1111 &
#36254
0"
#36255
1"
b0000 &
#36256
0"
#36257
1"
b0001 &
#36258
0"
#36259
1"
b0010 &
#36260
0"
#36261
1"
b0011 &
#36262
0"
#36263
1"
b0100 &
#36264
0"
#36265
1"
b0101 &
#36266
0"
#36267
1"
b0110 &
#36268
0"
#36269
1"
b0111 &
#36270
0"
#36271
1"
b1000 &
#36272
0"
#36273
1"
b1001 &
#36274
0"
#36275
1"
b1010 &
#36276
0"
#36277
1"
b1011 &
#36278
0"
#36279
1"
b1100 &
#36280
0"
#36281
1"
b1101 &
#36282
0"
#36283
1"
b1110 &
#36284
0"
#36285
1"
b1111 &
#36286
0"
#36287
1"
b0000 &
#36288
0"
#36289
1"
b0001 &
#36290
0"
#36291
1"
b0010 &
#36292
0"
#36293
1"
b0011 &
#36294
0"
#36295
1"
b0100 &
#36296
0"
#36297
1"
b0101 &
#36298
0"
#36299
1"
b0110 &
#36300
0"
#36301
1"
b0111 &
#36302
0"
#36303
1"
b1000 &
#36304
0"
#36305
1"
b1001 &
#36306
0"
#36307
1"
b1010 &
#36308
0"
#36309
1"
b1011 &
#36310
0"
#36311
1"
b1100 &
#36312
0"
#36313
1"
b1101 &
#36314
0"
#36315
1"
b1110 &
#36316
0"
#36317
1"
b1111 &
#36318
0"
#36319
1"
b0000 &
#36320
0"
#36321
1"
b0001 &
#36322
0"
#36323
1"
b0010 &
#36324
0"
#36325
1"
b0011 &
#36326
0"
#36327
1"
b0100 &
#36328
0"
#36329
1"
b0101 &
#36330
0"
#36331
1"
b0110 &
#36332
0"
#36333
1"
b0111 &
#36334
0"
#36335
1"
b1000 &
#36336
0"
#36337
1"
b1001 &
#36338
0"
#36339
1"
b1010 &
#36340
0"
#36341
1"
b1011 &
#36342
0"
#36343
1"
b1100 &
#36344
0"
#36345
1"
b1101 &
#36346
0"
#36347
1"
b1110 &
#36348
0"
#36349
1"
b1111 &
#36350
0"
#36351
1"
b0000 &
#36352
0"
#36353
1"
b0001 &
#36354
0"
#36355
1"
b0010 &
#36356
0"
#36357
1"
b0011 &
#36358
0"
#36359
1"
b0100 &
#36360
0"
#36361
1"
b0101 &
#36362
0"
#36363
1"
b0110 &
#36364
0"
#36365
1"
b0111 &
#36366
0"
#36367
1"
b1000 &
#36368
0"
#36369
1"
b1001 &
#36370
0"
#36371
1"
b1010 &
#36372
0"
#36373
1"
b1011 &
#36374
0"
#36375
1"
b1100 &
#36376
0"
#36377
1"
b1101 &
#36378
0"
#36379
1"
b1110 &
#36380
0"
#36381
1"
b1111 &
#36382
0"
#36383
1"
b0000 &
#36384
0"
#36385
1"
b0001 &
#36386
0"
#36387
1"
b0010 &
#36388
0"
#36389
1"
b0011 &
#36390
0"
#36391
1"
b0100 &
#36392
0"
#36393
1"
b0101 &
#36394
0"
#36395
1"
b0110 &
#36396
0"
#36397
1"
b0111 &
#36398
0"
#36399
1"
b1000 &
#36400
0"
#36401
1"
b1001 &
#36402
0"
#36403
1"
b1010 &
#36404
0"
#36405
1"
b1011 &
#36406
0"
#36407
1"
b1100 &
#36408
0"
#36409
1"
b1101 &
#36410
0"
#36411
1"
b1110 &
#36412
0"
#36413
1"
b1111 &
#36414
0"
#36415
1"
b0000 &
#36416
0"
#36417
1"
b0001 &
#36418
0"
#36419
1"
b0010 &
#36420
0"
#36421
1"
b0011 &
#36422
0"
#36423
1"
b0100 &
#36424
0"
#36425
1"
b0101 &
#36426
0"
#36427
1"
b0110 &
#36428
0"
#36429
1"
b0111 &
#36430
0"
#36431
1"
b1000 &
#36432
0"
#36433
1"
b1001 &
#36434
0"
#36435
1"
b1010 &
#36436
0"
#36437
1"
b1011 &
#36438
0"
#36439
1"
b1100 &
#36440
0"
#36441
1"
b1101 &
#36442
0"
#36443
1"
b1110 &
#36444
0"
#36445
1"
b1111 &
#36446
0"
#36447
1"
b0000 &
#36448
0"
#36449
1"
b0001 &
#36450
0"
#36451
1"
b0010 &
#36452
0"
#36453
1"
b0011 &
#36454
0"
#36455
1"
b0100 &
#36456
0"
#36457
1"
b0101 &
#36458
0"
#36459
1"
b0110 &
#36460
0"
#36461
1"
b0111 &
#36462
0"
#36463
1"
b1000 &
#36464
0"
#36465
1"
b1001 &
#36466
0"
#36467
1"
b1010 &
#36468
0"
#36469
1"
b1011 &
#36470
0"
#36471
1"
b1100 &
#36472
0"
#36473
1"
b1101 &
#36474
0"
#36475
1"
b1110 &
#36476
0"
#36477
1"
b1111 &
#36478
0"
#36479
1"
b0000 &
#36480
0"
#36481
1"
b0001 &
#36482
0"
#36483
1"
b0010 &
#36484
0"
#36485
1"
b0011 &
#36486
0"
#36487
1"
b0100 &
#36488
0"
#36489
1"
b0101 &
#36490
0"
#36491
1"
b0110 &
#36492
0"
#36493
1"
b0111 &
#36494
0"
#36495
1"
b1000 &
#36496
0"
#36497
1"
b1001 &
#36498
0"
#36499
1"
b1010 &
#36500
0"
#36501
1"
b1011 &
#36502
0"
#36503
1"
b1100 &
#36504
0"
#36505
1"
b1101 &
#36506
0"
#36507
1"
b1110 &
#36508
0"
#36509
1"
b1111 &
#36510
0"
#36511
1"
b0000 &
#36512
0"
#36513
1"
b0001 &
#36514
0"
#36515
1"
b0010 &
#36516
0"
#36517
1"
b0011 &
#36518
0"
#36519
1"
b0100 &
#36520
0"
#36521
1"
b0101 &
#36522
0"
#36523
1"
b0110 &
#36524
0"
#36525
1"
b0111 &
#36526
0"
#36527
1"
b1000 &
#36528
0"
#36529
1"
b1001 &
#36530
0"
#36531
1"
b1010 &
#36532
0"
#36533
1"
b1011 &
#36534
0"
#36535
1"
b1100 &
#36536
0"
#36537
1"
b1101 &
#36538
0"
#36539
1"
b1110 &
#36540
0"
#36541
1"
b1111 &
#36542
0"
#36543
1"
b0000 &
#36544
0"
#36545
1"
b0001 &
#36546
0"
#36547
1"
b0010 &
#36548
0"
#36549
1"
b0011 &
#36550
0"
#36551
1"
b0100 &
#36552
0"
#36553
1"
b0101 &
#36554
0"
#36555
1"
b0110 &
#36556
0"
#36557
1"
b0111 &
#36558
0"
#36559
1"
b1000 &
#36560
0"
#36561
1"
b1001 &
#36562
0"
#36563
1"
b1010 &
#36564
0"
#36565
1"
b1011 &
#36566
0"
#36567
1"
b1100 &
#36568
0"
#36569
1"
b1101 &
#36570
0"
#36571
1"
b1110 &
#36572
0"
#36573
1"
b1111 &
#36574
0"
#36575
1"
b0000 &
#36576
0"
#36577
1"
b0001 &
#36578
0"
#36579
1"
b0010 &
#36580
0"
#36581
1"
b0011 &
#36582
0"
#36583
1"
b0100 &
#36584
0"
#36585
1"
b0101 &
#36586
0"
#36587
1"
b0110 &
#36588
0"
#36589
1"
b0111 &
#36590
0"
#36591
1"
b1000 &
#36592
0"
#36593
1"
b1001 &
#36594
0"
#36595
1"
b1010 &
#36596
0"
#36597
1"
b1011 &
#36598
0"
#36599
1"
b1100 &
#36600
0"
#36601
1"
b1101 &
#36602
0"
#36603
1"
b1110 &
#36604
0"
#36605
1"
b1111 &
#36606
0"
#36607
1"
b0000 &
#36608
0"
#36609
1"
b0001 &
#36610
0"
#36611
1"
b0010 &
#36612
0"
#36613
1"
b0011 &
#36614
0"
#36615
1"
b0100 &
#36616
0"
#36617
1"
b0101 &
#36618
0"
#36619
1"
b0110 &
#36620
0"
#36621
1"
b0111 &
#36622
0"
#36623
1"
b1000 &
#36624
0"
#36625
1"
b1001 &
#36626
0"
#36627
1"
b1010 &
#36628
0"
#36629
1"
b1011 &
#36630
0"
#36631
1"
b1100 &
#36632
0"
#36633
1"
b1101 &
#36634
0"
#36635
1"
b1110 &
#36636
0"
#36637
1"
b1111 &
#36638
0"
#36639
1"
b0000 &
#36640
0"
#36641
1"
b0001 &
#36642
0"
#36643
1"
b0010 &
#36644
0"
#36645
1"
b0011 &
#36646
0"
#36647
1"
b0100 &
#36648
0"
#36649
1"
b0101 &
#36650
0"
#36651
1"
b0110 &
#36652
0"
#36653
1"
b0111 &
#36654
0"
#36655
1"
b1000 &
#36656
0"
#36657
1"
b1001 &
#36658
0"
#36659
1"
b1010 &
#36660
0"
#36661
1"
b1011 &
#36662
0"
#36663
1"
b1100 &
#36664
0"
#36665
1"
b1101 &
#36666
0"
#36667
1"
b1110 &
#36668
0"
#36669
1"
b1111 &
#36670
0"
#36671
1"
b0000 &
#36672
0"
#36673
1"
b0001 &
#36674
0"
#36675
1"
b0010 &
#36676
0"
#36677
1"
b0011 &
#36678
0"
#36679
1"
b0100 &
#36680
0"
#36681
1"
b0101 &
#36682
0"
#36683
1"
b0110 &
#36684
0"
#36685
1"
b0111 &
#36686
0"
#36687
1"
b1000 &
#36688
0"
#36689
1"
b1001 &
#36690
0"
#36691
1"
b1010 &
#36692
0"
#36693
1"
b1011 &
#36694
0"
#36695
1"
b1100 &
#36696
0"
#36697
1"
b1101 &
#36698
0"
#36699
1"
b1110 &
#36700
0"
#36701
1"
b1111 &
#36702
0"
#36703
1"
b0000 &
#36704
0"
#36705
1"
b0001 &
#36706
0"
#36707
1"
b0010 &
#36708
0"
#36709
1"
b0011 &
#36710
0"
#36711
1"
b0100 &
#36712
0"
#36713
1"
b0101 &
#36714
0"
#36715
1"
b0110 &
#36716
0"
#36717
1"
b0111 &
#36718
0"
#36719
1"
b1000 &
#36720
0"
#36721
1"
b1001 &
#36722
0"
#36723
1"
b1010 &
#36724
0"
#36725
1"
b1011 &
#36726
0"
#36727
1"
b1100 &
#36728
0"
#36729
1"
b1101 &
#36730
0"
#36731
1"
b1110 &
#36732
0"
#36733
1"
b1111 &
#36734
0"
#36735
1"
b0000 &
#36736
0"
#36737
1"
b0001 &
#36738
0"
#36739
1"
b0010 &
#36740
0"
#36741
1"
b0011 &
#36742
0"
#36743
1"
b0100 &
#36744
0"
#36745
1"
b0101 &
#36746
0"
#36747
1"
b0110 &
#36748
0"
#36749
1"
b0111 &
#36750
0"
#36751
1"
b1000 &
#36752
0"
#36753
1"
b1001 &
#36754
0"
#36755
1"
b1010 &
#36756
0"
#36757
1"
b1011 &
#36758
0"
#36759
1"
b1100 &
#36760
0"
#36761
1"
b1101 &
#36762
0"
#36763
1"
b1110 &
#36764
0"
#36765
1"
b1111 &
#36766
0"
#36767
1"
b0000 &
#36768
0"
#36769
1"
b0001 &
#36770
0"
#36771
1"
b0010 &
#36772
0"
#36773
1"
b0011 &
#36774
0"
#36775
1"
b0100 &
#36776
0"
#36777
1"
b0101 &
#36778
0"
#36779
1"
b0110 &
#36780
0"
#36781
1"
b0111 &
#36782
0"
#36783
1"
b1000 &
#36784
0"
#36785
1"
b1001 &
#36786
0"
#36787
1"
b1010 &
#36788
0"
#36789
1"
b1011 &
#36790
0"
#36791
1"
b1100 &
#36792
0"
#36793
1"
b1101 &
#36794
0"
#36795
1"
b1110 &
#36796
0"
#36797
1"
b1111 &
#36798
0"
#36799
1"
b0000 &
#36800
0"
#36801
1"
b0001 &
#36802
0"
#36803
1"
b0010 &
#36804
0"
#36805
1"
b0011 &
#36806
0"
#36807
1"
b0100 &
#36808
0"
#36809
1"
b0101 &
#36810
0"
#36811
1"
b0110 &
#36812
0"
#36813
1"
b0111 &
#36814
0"
#36815
1"
b1000 &
#36816
0"
#36817
1"
b1001 &
#36818
0"
#36819
1"
b1010 &
#36820
0"
#36821
1"
b1011 &
#36822
0"
#36823
1"
b1100 &
#36824
0"
#36825
1"
b1101 &
#36826
0"
#36827
1"
b1110 &
#36828
0"
#36829
1"
b1111 &
#36830
0"
#36831
1"
b0000 &
#36832
0"
#36833
1"
b0001 &
#36834
0"
#36835
1"
b0010 &
#36836
0"
#36837
1"
b0011 &
#36838
0"
#36839
1"
b0100 &
#36840
0"
#36841
1"
b0101 &
#36842
0"
#36843
1"
b0110 &
#36844
0"
#36845
1"
b0111 &
#36846
0"
#36847
1"
b1000 &
#36848
0"
#36849
1"
b1001 &
#36850
0"
#36851
1"
b1010 &
#36852
0"
#36853
1"
b1011 &
#36854
0"
#36855
1"
b1100 &
#36856
0"
#36857
1"
b1101 &
#36858
0"
#36859
1"
b1110 &
#36860
0"
#36861
1"
b1111 &
#36862
0"
#36863
1"
b0000 &
#36864
0"
#36865
1"
b0001 &
#36866
0"
#36867
1"
b0010 &
#36868
0"
#36869
1"
b0011 &
#36870
0"
#36871
1"
b0100 &
#36872
0"
#36873
1"
b0101 &
#36874
0"
#36875
1"
b0110 &
#36876
0"
#36877
1"
b0111 &
#36878
0"
#36879
1"
b1000 &
#36880
0"
#36881
1"
b1001 &
#36882
0"
#36883
1"
b1010 &
#36884
0"
#36885
1"
b1011 &
#36886
0"
#36887
1"
b1100 &
#36888
0"
#36889
1"
b1101 &
#36890
0"
#36891
1"
b1110 &
#36892
0"
#36893
1"
b1111 &
#36894
0"
#36895
1"
b0000 &
#36896
0"
#36897
1"
b0001 &
#36898
0"
#36899
1"
b0010 &
#36900
0"
#36901
1"
b0011 &
#36902
0"
#36903
1"
b0100 &
#36904
0"
#36905
1"
b0101 &
#36906
0"
#36907
1"
b0110 &
#36908
0"
#36909
1"
b0111 &
#36910
0"
#36911
1"
b1000 &
#36912
0"
#36913
1"
b1001 &
#36914
0"
#36915
1"
b1010 &
#36916
0"
#36917
1"
b1011 &
#36918
0"
#36919
1"
b1100 &
#36920
0"
#36921
1"
b1101 &
#36922
0"
#36923
1"
b1110 &
#36924
0"
#36925
1"
b1111 &
#36926
0"
#36927
1"
b0000 &
#36928
0"
#36929
1"
b0001 &
#36930
0"
#36931
1"
b0010 &
#36932
0"
#36933
1"
b0011 &
#36934
0"
#36935
1"
b0100 &
#36936
0"
#36937
1"
b0101 &
#36938
0"
#36939
1"
b0110 &
#36940
0"
#36941
1"
b0111 &
#36942
0"
#36943
1"
b1000 &
#36944
0"
#36945
1"
b1001 &
#36946
0"
#36947
1"
b1010 &
#36948
0"
#36949
1"
b1011 &
#36950
0"
#36951
1"
b1100 &
#36952
0"
#36953
1"
b1101 &
#36954
0"
#36955
1"
b1110 &
#36956
0"
#36957
1"
b1111 &
#36958
0"
#36959
1"
b0000 &
#36960
0"
#36961
1"
b0001 &
#36962
0"
#36963
1"
b0010 &
#36964
0"
#36965
1"
b0011 &
#36966
0"
#36967
1"
b0100 &
#36968
0"
#36969
1"
b0101 &
#36970
0"
#36971
1"
b0110 &
#36972
0"
#36973
1"
b0111 &
#36974
0"
#36975
1"
b1000 &
#36976
0"
#36977
1"
b1001 &
#36978
0"
#36979
1"
b1010 &
#36980
0"
#36981
1"
b1011 &
#36982
0"
#36983
1"
b1100 &
#36984
0"
#36985
1"
b1101 &
#36986
0"
#36987
1"
b1110 &
#36988
0"
#36989
1"
b1111 &
#36990
0"
#36991
1"
b0000 &
#36992
0"
#36993
1"
b0001 &
#36994
0"
#36995
1"
b0010 &
#36996
0"
#36997
1"
b0011 &
#36998
0"
#36999
1"
b0100 &
#37000
0"
#37001
1"
b0101 &
#37002
0"
#37003
1"
b0110 &
#37004
0"
#37005
1"
b0111 &
#37006
0"
#37007
1"
b1000 &
#37008
0"
#37009
1"
b1001 &
#37010
0"
#37011
1"
b1010 &
#37012
0"
#37013
1"
b1011 &
#37014
0"
#37015
1"
b1100 &
#37016
0"
#37017
1"
b1101 &
#37018
0"
#37019
1"
b1110 &
#37020
0"
#37021
1"
b1111 &
#37022
0"
#37023
1"
b0000 &
#37024
0"
#37025
1"
b0001 &
#37026
0"
#37027
1"
b0010 &
#37028
0"
#37029
1"
b0011 &
#37030
0"
#37031
1"
b0100 &
#37032
0"
#37033
1"
b0101 &
#37034
0"
#37035
1"
b0110 &
#37036
0"
#37037
1"
b0111 &
#37038
0"
#37039
1"
b1000 &
#37040
0"
#37041
1"
b1001 &
#37042
0"
#37043
1"
b1010 &
#37044
0"
#37045
1"
b1011 &
#37046
0"
#37047
1"
b1100 &
#37048
0"
#37049
1"
b1101 &
#37050
0"
#37051
1"
b1110 &
#37052
0"
#37053
1"
b1111 &
#37054
0"
#37055
1"
b0000 &
#37056
0"
#37057
1"
b0001 &
#37058
0"
#37059
1"
b0010 &
#37060
0"
#37061
1"
b0011 &
#37062
0"
#37063
1"
b0100 &
#37064
0"
#37065
1"
b0101 &
#37066
0"
#37067
1"
b0110 &
#37068
0"
#37069
1"
b0111 &
#37070
0"
#37071
1"
b1000 &
#37072
0"
#37073
1"
b1001 &
#37074
0"
#37075
1"
b1010 &
#37076
0"
#37077
1"
b1011 &
#37078
0"
#37079
1"
b1100 &
#37080
0"
#37081
1"
b1101 &
#37082
0"
#37083
1"
b1110 &
#37084
0"
#37085
1"
b1111 &
#37086
0"
#37087
1"
b0000 &
#37088
0"
#37089
1"
b0001 &
#37090
0"
#37091
1"
b0010 &
#37092
0"
#37093
1"
b0011 &
#37094
0"
#37095
1"
b0100 &
#37096
0"
#37097
1"
b0101 &
#37098
0"
#37099
1"
b0110 &
#37100
0"
#37101
1"
b0111 &
#37102
0"
#37103
1"
b1000 &
#37104
0"
#37105
1"
b1001 &
#37106
0"
#37107
1"
b1010 &
#37108
0"
#37109
1"
b1011 &
#37110
0"
#37111
1"
b1100 &
#37112
0"
#37113
1"
b1101 &
#37114
0"
#37115
1"
b1110 &
#37116
0"
#37117
1"
b1111 &
#37118
0"
#37119
1"
b0000 &
#37120
0"
#37121
1"
b0001 &
#37122
0"
#37123
1"
b0010 &
#37124
0"
#37125
1"
b0011 &
#37126
0"
#37127
1"
b0100 &
#37128
0"
#37129
1"
b0101 &
#37130
0"
#37131
1"
b0110 &
#37132
0"
#37133
1"
b0111 &
#37134
0"
#37135
1"
b1000 &
#37136
0"
#37137
1"
b1001 &
#37138
0"
#37139
1"
b1010 &
#37140
0"
#37141
1"
b1011 &
#37142
0"
#37143
1"
b1100 &
#37144
0"
#37145
1"
b1101 &
#37146
0"
#37147
1"
b1110 &
#37148
0"
#37149
1"
b1111 &
#37150
0"
#37151
1"
b0000 &
#37152
0"
#37153
1"
b0001 &
#37154
0"
#37155
1"
b0010 &
#37156
0"
#37157
1"
b0011 &
#37158
0"
#37159
1"
b0100 &
#37160
0"
#37161
1"
b0101 &
#37162
0"
#37163
1"
b0110 &
#37164
0"
#37165
1"
b0111 &
#37166
0"
#37167
1"
b1000 &
#37168
0"
#37169
1"
b1001 &
#37170
0"
#37171
1"
b1010 &
#37172
0"
#37173
1"
b1011 &
#37174
0"
#37175
1"
b1100 &
#37176
0"
#37177
1"
b1101 &
#37178
0"
#37179
1"
b1110 &
#37180
0"
#37181
1"
b1111 &
#37182
0"
#37183
1"
b0000 &
#37184
0"
#37185
1"
b0001 &
#37186
0"
#37187
1"
b0010 &
#37188
0"
#37189
1"
b0011 &
#37190
0"
#37191
1"
b0100 &
#37192
0"
#37193
1"
b0101 &
#37194
0"
#37195
1"
b0110 &
#37196
0"
#37197
1"
b0111 &
#37198
0"
#37199
1"
b1000 &
#37200
0"
#37201
1"
b1001 &
#37202
0"
#37203
1"
b1010 &
#37204
0"
#37205
1"
b1011 &
#37206
0"
#37207
1"
b1100 &
#37208
0"
#37209
1"
b1101 &
#37210
0"
#37211
1"
b1110 &
#37212
0"
#37213
1"
b1111 &
#37214
0"
#37215
1"
b0000 &
#37216
0"
#37217
1"
b0001 &
#37218
0"
#37219
1"
b0010 &
#37220
0"
#37221
1"
b0011 &
#37222
0"
#37223
1"
b0100 &
#37224
0"
#37225
1"
b0101 &
#37226
0"
#37227
1"
b0110 &
#37228
0"
#37229
1"
b0111 &
#37230
0"
#37231
1"
b1000 &
#37232
0"
#37233
1"
b1001 &
#37234
0"
#37235
1"
b1010 &
#37236
0"
#37237
1"
b1011 &
#37238
0"
#37239
1"
b1100 &
#37240
0"
#37241
1"
b1101 &
#37242
0"
#37243
1"
b1110 &
#37244
0"
#37245
1"
b1111 &
#37246
0"
#37247
1"
b0000 &
#37248
0"
#37249
1"
b0001 &
#37250
0"
#37251
1"
b0010 &
#37252
0"
#37253
1"
b0011 &
#37254
0"
#37255
1"
b0100 &
#37256
0"
#37257
1"
b0101 &
#37258
0"
#37259
1"
b0110 &
#37260
0"
#37261
1"
b0111 &
#37262
0"
#37263
1"
b1000 &
#37264
0"
#37265
1"
b1001 &
#37266
0"
#37267
1"
b1010 &
#37268
0"
#37269
1"
b1011 &
#37270
0"
#37271
1"
b1100 &
#37272
0"
#37273
1"
b1101 &
#37274
0"
#37275
1"
b1110 &
#37276
0"
#37277
1"
b1111 &
#37278
0"
#37279
1"
b0000 &
#37280
0"
#37281
1"
b0001 &
#37282
0"
#37283
1"
b0010 &
#37284
0"
#37285
1"
b0011 &
#37286
0"
#37287
1"
b0100 &
#37288
0"
#37289
1"
b0101 &
#37290
0"
#37291
1"
b0110 &
#37292
0"
#37293
1"
b0111 &
#37294
0"
#37295
1"
b1000 &
#37296
0"
#37297
1"
b1001 &
#37298
0"
#37299
1"
b1010 &
#37300
0"
#37301
1"
b1011 &
#37302
0"
#37303
1"
b1100 &
#37304
0"
#37305
1"
b1101 &
#37306
0"
#37307
1"
b1110 &
#37308
0"
#37309
1"
b1111 &
#37310
0"
#37311
1"
b0000 &
#37312
0"
#37313
1"
b0001 &
#37314
0"
#37315
1"
b0010 &
#37316
0"
#37317
1"
b0011 &
#37318
0"
#37319
1"
b0100 &
#37320
0"
#37321
1"
b0101 &
#37322
0"
#37323
1"
b0110 &
#37324
0"
#37325
1"
b0111 &
#37326
0"
#37327
1"
b1000 &
#37328
0"
#37329
1"
b1001 &
#37330
0"
#37331
1"
b1010 &
#37332
0"
#37333
1"
b1011 &
#37334
0"
#37335
1"
b1100 &
#37336
0"
#37337
1"
b1101 &
#37338
0"
#37339
1"
b1110 &
#37340
0"
#37341
1"
b1111 &
#37342
0"
#37343
1"
b0000 &
#37344
0"
#37345
1"
b0001 &
#37346
0"
#37347
1"
b0010 &
#37348
0"
#37349
1"
b0011 &
#37350
0"
#37351
1"
b0100 &
#37352
0"
#37353
1"
b0101 &
#37354
0"
#37355
1"
b0110 &
#37356
0"
#37357
1"
b0111 &
#37358
0"
#37359
1"
b1000 &
#37360
0"
#37361
1"
b1001 &
#37362
0"
#37363
1"
b1010 &
#37364
0"
#37365
1"
b1011 &
#37366
0"
#37367
1"
b1100 &
#37368
0"
#37369
1"
b1101 &
#37370
0"
#37371
1"
b1110 &
#37372
0"
#37373
1"
b1111 &
#37374
0"
#37375
1"
b0000 &
#37376
0"
#37377
1"
b0001 &
#37378
0"
#37379
1"
b0010 &
#37380
0"
#37381
1"
b0011 &
#37382
0"
#37383
1"
b0100 &
#37384
0"
#37385
1"
b0101 &
#37386
0"
#37387
1"
b0110 &
#37388
0"
#37389
1"
b0111 &
#37390
0"
#37391
1"
b1000 &
#37392
0"
#37393
1"
b1001 &
#37394
0"
#37395
1"
b1010 &
#37396
0"
#37397
1"
b1011 &
#37398
0"
#37399
1"
b1100 &
#37400
0"
#37401
1"
b1101 &
#37402
0"
#37403
1"
b1110 &
#37404
0"
#37405
1"
b1111 &
#37406
0"
#37407
1"
b0000 &
#37408
0"
#37409
1"
b0001 &
#37410
0"
#37411
1"
b0010 &
#37412
0"
#37413
1"
b0011 &
#37414
0"
#37415
1"
b0100 &
#37416
0"
#37417
1"
b0101 &
#37418
0"
#37419
1"
b0110 &
#37420
0"
#37421
1"
b0111 &
#37422
0"
#37423
1"
b1000 &
#37424
0"
#37425
1"
b1001 &
#37426
0"
#37427
1"
b1010 &
#37428
0"
#37429
1"
b1011 &
#37430
0"
#37431
1"
b1100 &
#37432
0"
#37433
1"
b1101 &
#37434
0"
#37435
1"
b1110 &
#37436
0"
#37437
1"
b1111 &
#37438
0"
#37439
1"
b0000 &
#37440
0"
#37441
1"
b0001 &
#37442
0"
#37443
1"
b0010 &
#37444
0"
#37445
1"
b0011 &
#37446
0"
#37447
1"
b0100 &
#37448
0"
#37449
1"
b0101 &
#37450
0"
#37451
1"
b0110 &
#37452
0"
#37453
1"
b0111 &
#37454
0"
#37455
1"
b1000 &
#37456
0"
#37457
1"
b1001 &
#37458
0"
#37459
1"
b1010 &
#37460
0"
#37461
1"
b1011 &
#37462
0"
#37463
1"
b1100 &
#37464
0"
#37465
1"
b1101 &
#37466
0"
#37467
1"
b1110 &
#37468
0"
#37469
1"
b1111 &
#37470
0"
#37471
1"
b0000 &
#37472
0"
#37473
1"
b0001 &
#37474
0"
#37475
1"
b0010 &
#37476
0"
#37477
1"
b0011 &
#37478
0"
#37479
1"
b0100 &
#37480
0"
#37481
1"
b0101 &
#37482
0"
#37483
1"
b0110 &
#37484
0"
#37485
1"
b0111 &
#37486
0"
#37487
1"
b1000 &
#37488
0"
#37489
1"
b1001 &
#37490
0"
#37491
1"
b1010 &
#37492
0"
#37493
1"
b1011 &
#37494
0"
#37495
1"
b1100 &
#37496
0"
#37497
1"
b1101 &
#37498
0"
#37499
1"
b1110 &
#37500
0"
#37501
1"
b1111 &
#37502
0"
#37503
1"
b0000 &
#37504
0"
#37505
1"
b0001 &
#37506
0"
#37507
1"
b0010 &
#37508
0"
#37509
1"
b0011 &
#37510
0"
#37511
1"
b0100 &
#37512
0"
#37513
1"
b0101 &
#37514
0"
#37515
1"
b0110 &
#37516
0"
#37517
1"
b0111 &
#37518
0"
#37519
1"
b1000 &
#37520
0"
#37521
1"
b1001 &
#37522
0"
#37523
1"
b1010 &
#37524
0"
#37525
1"
b1011 &
#37526
0"
#37527
1"
b1100 &
#37528
0"
#37529
1"
b1101 &
#37530
0"
#37531
1"
b1110 &
#37532
0"
#37533
1"
b1111 &
#37534
0"
#37535
1"
b0000 &
#37536
0"
#37537
1"
b0001 &
#37538
0"
#37539
1"
b0010 &
#37540
0"
#37541
1"
b0011 &
#37542
0"
#37543
1"
b0100 &
#37544
0"
#37545
1"
b0101 &
#37546
0"
#37547
1"
b0110 &
#37548
0"
#37549
1"
b0111 &
#37550
0"
#37551
1"
b1000 &
#37552
0"
#37553
1"
b1001 &
#37554
0"
#37555
1"
b1010 &
#37556
0"
#37557
1"
b1011 &
#37558
0"
#37559
1"
b1100 &
#37560
0"
#37561
1"
b1101 &
#37562
0"
#37563
1"
b1110 &
#37564
0"
#37565
1"
b1111 &
#37566
0"
#37567
1"
b0000 &
#37568
0"
#37569
1"
b0001 &
#37570
0"
#37571
1"
b0010 &
#37572
0"
#37573
1"
b0011 &
#37574
0"
#37575
1"
b0100 &
#37576
0"
#37577
1"
b0101 &
#37578
0"
#37579
1"
b0110 &
#37580
0"
#37581
1"
b0111 &
#37582
0"
#37583
1"
b1000 &
#37584
0"
#37585
1"
b1001 &
#37586
0"
#37587
1"
b1010 &
#37588
0"
#37589
1"
b1011 &
#37590
0"
#37591
1"
b1100 &
#37592
0"
#37593
1"
b1101 &
#37594
0"
#37595
1"
b1110 &
#37596
0"
#37597
1"
b1111 &
#37598
0"
#37599
1"
b0000 &
#37600
0"
#37601
1"
b0001 &
#37602
0"
#37603
1"
b0010 &
#37604
0"
#37605
1"
b0011 &
#37606
0"
#37607
1"
b0100 &
#37608
0"
#37609
1"
b0101 &
#37610
0"
#37611
1"
b0110 &
#37612
0"
#37613
1"
b0111 &
#37614
0"
#37615
1"
b1000 &
#37616
0"
#37617
1"
b1001 &
#37618
0"
#37619
1"
b1010 &
#37620
0"
#37621
1"
b1011 &
#37622
0"
#37623
1"
b1100 &
#37624
0"
#37625
1"
b1101 &
#37626
0"
#37627
1"
b1110 &
#37628
0"
#37629
1"
b1111 &
#37630
0"
#37631
1"
b0000 &
#37632
0"
#37633
1"
b0001 &
#37634
0"
#37635
1"
b0010 &
#37636
0"
#37637
1"
b0011 &
#37638
0"
#37639
1"
b0100 &
#37640
0"
#37641
1"
b0101 &
#37642
0"
#37643
1"
b0110 &
#37644
0"
#37645
1"
b0111 &
#37646
0"
#37647
1"
b1000 &
#37648
0"
#37649
1"
b1001 &
#37650
0"
#37651
1"
b1010 &
#37652
0"
#37653
1"
b1011 &
#37654
0"
#37655
1"
b1100 &
#37656
0"
#37657
1"
b1101 &
#37658
0"
#37659
1"
b1110 &
#37660
0"
#37661
1"
b1111 &
#37662
0"
#37663
1"
b0000 &
#37664
0"
#37665
1"
b0001 &
#37666
0"
#37667
1"
b0010 &
#37668
0"
#37669
1"
b0011 &
#37670
0"
#37671
1"
b0100 &
#37672
0"
#37673
1"
b0101 &
#37674
0"
#37675
1"
b0110 &
#37676
0"
#37677
1"
b0111 &
#37678
0"
#37679
1"
b1000 &
#37680
0"
#37681
1"
b1001 &
#37682
0"
#37683
1"
b1010 &
#37684
0"
#37685
1"
b1011 &
#37686
0"
#37687
1"
b1100 &
#37688
0"
#37689
1"
b1101 &
#37690
0"
#37691
1"
b1110 &
#37692
0"
#37693
1"
b1111 &
#37694
0"
#37695
1"
b0000 &
#37696
0"
#37697
1"
b0001 &
#37698
0"
#37699
1"
b0010 &
#37700
0"
#37701
1"
b0011 &
#37702
0"
#37703
1"
b0100 &
#37704
0"
#37705
1"
b0101 &
#37706
0"
#37707
1"
b0110 &
#37708
0"
#37709
1"
b0111 &
#37710
0"
#37711
1"
b1000 &
#37712
0"
#37713
1"
b1001 &
#37714
0"
#37715
1"
b1010 &
#37716
0"
#37717
1"
b1011 &
#37718
0"
#37719
1"
b1100 &
#37720
0"
#37721
1"
b1101 &
#37722
0"
#37723
1"
b1110 &
#37724
0"
#37725
1"
b1111 &
#37726
0"
#37727
1"
b0000 &
#37728
0"
#37729
1"
b0001 &
#37730
0"
#37731
1"
b0010 &
#37732
0"
#37733
1"
b0011 &
#37734
0"
#37735
1"
b0100 &
#37736
0"
#37737
1"
b0101 &
#37738
0"
#37739
1"
b0110 &
#37740
0"
#37741
1"
b0111 &
#37742
0"
#37743
1"
b1000 &
#37744
0"
#37745
1"
b1001 &
#37746
0"
#37747
1"
b1010 &
#37748
0"
#37749
1"
b1011 &
#37750
0"
#37751
1"
b1100 &
#37752
0"
#37753
1"
b1101 &
#37754
0"
#37755
1"
b1110 &
#37756
0"
#37757
1"
b1111 &
#37758
0"
#37759
1"
b0000 &
#37760
0"
#37761
1"
b0001 &
#37762
0"
#37763
1"
b0010 &
#37764
0"
#37765
1"
b0011 &
#37766
0"
#37767
1"
b0100 &
#37768
0"
#37769
1"
b0101 &
#37770
0"
#37771
1"
b0110 &
#37772
0"
#37773
1"
b0111 &
#37774
0"
#37775
1"
b1000 &
#37776
0"
#37777
1"
b1001 &
#37778
0"
#37779
1"
b1010 &
#37780
0"
#37781
1"
b1011 &
#37782
0"
#37783
1"
b1100 &
#37784
0"
#37785
1"
b1101 &
#37786
0"
#37787
1"
b1110 &
#37788
0"
#37789
1"
b1111 &
#37790
0"
#37791
1"
b0000 &
#37792
0"
#37793
1"
b0001 &
#37794
0"
#37795
1"
b0010 &
#37796
0"
#37797
1"
b0011 &
#37798
0"
#37799
1"
b0100 &
#37800
0"
#37801
1"
b0101 &
#37802
0"
#37803
1"
b0110 &
#37804
0"
#37805
1"
b0111 &
#37806
0"
#37807
1"
b1000 &
#37808
0"
#37809
1"
b1001 &
#37810
0"
#37811
1"
b1010 &
#37812
0"
#37813
1"
b1011 &
#37814
0"
#37815
1"
b1100 &
#37816
0"
#37817
1"
b1101 &
#37818
0"
#37819
1"
b1110 &
#37820
0"
#37821
1"
b1111 &
#37822
0"
#37823
1"
b0000 &
#37824
0"
#37825
1"
b0001 &
#37826
0"
#37827
1"
b0010 &
#37828
0"
#37829
1"
b0011 &
#37830
0"
#37831
1"
b0100 &
#37832
0"
#37833
1"
b0101 &
#37834
0"
#37835
1"
b0110 &
#37836
0"
#37837
1"
b0111 &
#37838
0"
#37839
1"
b1000 &
#37840
0"
#37841
1"
b1001 &
#37842
0"
#37843
1"
b1010 &
#37844
0"
#37845
1"
b1011 &
#37846
0"
#37847
1"
b1100 &
#37848
0"
#37849
1"
b1101 &
#37850
0"
#37851
1"
b1110 &
#37852
0"
#37853
1"
b1111 &
#37854
0"
#37855
1"
b0000 &
#37856
0"
#37857
1"
b0001 &
#37858
0"
#37859
1"
b0010 &
#37860
0"
#37861
1"
b0011 &
#37862
0"
#37863
1"
b0100 &
#37864
0"
#37865
1"
b0101 &
#37866
0"
#37867
1"
b0110 &
#37868
0"
#37869
1"
b0111 &
#37870
0"
#37871
1"
b1000 &
#37872
0"
#37873
1"
b1001 &
#37874
0"
#37875
1"
b1010 &
#37876
0"
#37877
1"
b1011 &
#37878
0"
#37879
1"
b1100 &
#37880
0"
#37881
1"
b1101 &
#37882
0"
#37883
1"
b1110 &
#37884
0"
#37885
1"
b1111 &
#37886
0"
#37887
1"
b0000 &
#37888
0"
#37889
1"
b0001 &
#37890
0"
#37891
1"
b0010 &
#37892
0"
#37893
1"
b0011 &
#37894
0"
#37895
1"
b0100 &
#37896
0"
#37897
1"
b0101 &
#37898
0"
#37899
1"
b0110 &
#37900
0"
#37901
1"
b0111 &
#37902
0"
#37903
1"
b1000 &
#37904
0"
#37905
1"
b1001 &
#37906
0"
#37907
1"
b1010 &
#37908
0"
#37909
1"
b1011 &
#37910
0"
#37911
1"
b1100 &
#37912
0"
#37913
1"
b1101 &
#37914
0"
#37915
1"
b1110 &
#37916
0"
#37917
1"
b1111 &
#37918
0"
#37919
1"
b0000 &
#37920
0"
#37921
1"
b0001 &
#37922
0"
#37923
1"
b0010 &
#37924
0"
#37925
1"
b0011 &
#37926
0"
#37927
1"
b0100 &
#37928
0"
#37929
1"
b0101 &
#37930
0"
#37931
1"
b0110 &
#37932
0"
#37933
1"
b0111 &
#37934
0"
#37935
1"
b1000 &
#37936
0"
#37937
1"
b1001 &
#37938
0"
#37939
1"
b1010 &
#37940
0"
#37941
1"
b1011 &
#37942
0"
#37943
1"
b1100 &
#37944
0"
#37945
1"
b1101 &
#37946
0"
#37947
1"
b1110 &
#37948
0"
#37949
1"
b1111 &
#37950
0"
#37951
1"
b0000 &
#37952
0"
#37953
1"
b0001 &
#37954
0"
#37955
1"
b0010 &
#37956
0"
#37957
1"
b0011 &
#37958
0"
#37959
1"
b0100 &
#37960
0"
#37961
1"
b0101 &
#37962
0"
#37963
1"
b0110 &
#37964
0"
#37965
1"
b0111 &
#37966
0"
#37967
1"
b1000 &
#37968
0"
#37969
1"
b1001 &
#37970
0"
#37971
1"
b1010 &
#37972
0"
#37973
1"
b1011 &
#37974
0"
#37975
1"
b1100 &
#37976
0"
#37977
1"
b1101 &
#37978
0"
#37979
1"
b1110 &
#37980
0"
#37981
1"
b1111 &
#37982
0"
#37983
1"
b0000 &
#37984
0"
#37985
1"
b0001 &
#37986
0"
#37987
1"
b0010 &
#37988
0"
#37989
1"
b0011 &
#37990
0"
#37991
1"
b0100 &
#37992
0"
#37993
1"
b0101 &
#37994
0"
#37995
1"
b0110 &
#37996
0"
#37997
1"
b0111 &
#37998
0"
#37999
1"
b1000 &
#38000
0"
#38001
1"
b1001 &
#38002
0"
#38003
1"
b1010 &
#38004
0"
#38005
1"
b1011 &
#38006
0"
#38007
1"
b1100 &
#38008
0"
#38009
1"
b1101 &
#38010
0"
#38011
1"
b1110 &
#38012
0"
#38013
1"
b1111 &
#38014
0"
#38015
1"
b0000 &
#38016
0"
#38017
1"
b0001 &
#38018
0"
#38019
1"
b0010 &
#38020
0"
#38021
1"
b0011 &
#38022
0"
#38023
1"
b0100 &
#38024
0"
#38025
1"
b0101 &
#38026
0"
#38027
1"
b0110 &
#38028
0"
#38029
1"
b0111 &
#38030
0"
#38031
1"
b1000 &
#38032
0"
#38033
1"
b1001 &
#38034
0"
#38035
1"
b1010 &
#38036
0"
#38037
1"
b1011 &
#38038
0"
#38039
1"
b1100 &
#38040
0"
#38041
1"
b1101 &
#38042
0"
#38043
1"
b1110 &
#38044
0"
#38045
1"
b1111 &
#38046
0"
#38047
1"
b0000 &
#38048
0"
#38049
1"
b0001 &
#38050
0"
#38051
1"
b0010 &
#38052
0"
#38053
1"
b0011 &
#38054
0"
#38055
1"
b0100 &
#38056
0"
#38057
1"
b0101 &
#38058
0"
#38059
1"
b0110 &
#38060
0"
#38061
1"
b0111 &
#38062
0"
#38063
1"
b1000 &
#38064
0"
#38065
1"
b1001 &
#38066
0"
#38067
1"
b1010 &
#38068
0"
#38069
1"
b1011 &
#38070
0"
#38071
1"
b1100 &
#38072
0"
#38073
1"
b1101 &
#38074
0"
#38075
1"
b1110 &
#38076
0"
#38077
1"
b1111 &
#38078
0"
#38079
1"
b0000 &
#38080
0"
#38081
1"
b0001 &
#38082
0"
#38083
1"
b0010 &
#38084
0"
#38085
1"
b0011 &
#38086
0"
#38087
1"
b0100 &
#38088
0"
#38089
1"
b0101 &
#38090
0"
#38091
1"
b0110 &
#38092
0"
#38093
1"
b0111 &
#38094
0"
#38095
1"
b1000 &
#38096
0"
#38097
1"
b1001 &
#38098
0"
#38099
1"
b1010 &
#38100
0"
#38101
1"
b1011 &
#38102
0"
#38103
1"
b1100 &
#38104
0"
#38105
1"
b1101 &
#38106
0"
#38107
1"
b1110 &
#38108
0"
#38109
1"
b1111 &
#38110
0"
#38111
1"
b0000 &
#38112
0"
#38113
1"
b0001 &
#38114
0"
#38115
1"
b0010 &
#38116
0"
#38117
1"
b0011 &
#38118
0"
#38119
1"
b0100 &
#38120
0"
#38121
1"
b0101 &
#38122
0"
#38123
1"
b0110 &
#38124
0"
#38125
1"
b0111 &
#38126
0"
#38127
1"
b1000 &
#38128
0"
#38129
1"
b1001 &
#38130
0"
#38131
1"
b1010 &
#38132
0"
#38133
1"
b1011 &
#38134
0"
#38135
1"
b1100 &
#38136
0"
#38137
1"
b1101 &
#38138
0"
#38139
1"
b1110 &
#38140
0"
#38141
1"
b1111 &
#38142
0"
#38143
1"
b0000 &
#38144
0"
#38145
1"
b0001 &
#38146
0"
#38147
1"
b0010 &
#38148
0"
#38149
1"
b0011 &
#38150
0"
#38151
1"
b0100 &
#38152
0"
#38153
1"
b0101 &
#38154
0"
#38155
1"
b0110 &
#38156
0"
#38157
1"
b0111 &
#38158
0"
#38159
1"
b1000 &
#38160
0"
#38161
1"
b1001 &
#38162
0"
#38163
1"
b1010 &
#38164
0"
#38165
1"
b1011 &
#38166
0"
#38167
1"
b1100 &
#38168
0"
#38169
1"
b1101 &
#38170
0"
#38171
1"
b1110 &
#38172
0"
#38173
1"
b1111 &
#38174
0"
#38175
1"
b0000 &
#38176
0"
#38177
1"
b0001 &
#38178
0"
#38179
1"
b0010 &
#38180
0"
#38181
1"
b0011 &
#38182
0"
#38183
1"
b0100 &
#38184
0"
#38185
1"
b0101 &
#38186
0"
#38187
1"
b0110 &
#38188
0"
#38189
1"
b0111 &
#38190
0"
#38191
1"
b1000 &
#38192
0"
#38193
1"
b1001 &
#38194
0"
#38195
1"
b1010 &
#38196
0"
#38197
1"
b1011 &
#38198
0"
#38199
1"
b1100 &
#38200
0"
#38201
1"
b1101 &
#38202
0"
#38203
1"
b1110 &
#38204
0"
#38205
1"
b1111 &
#38206
0"
#38207
1"
b0000 &
#38208
0"
#38209
1"
b0001 &
#38210
0"
#38211
1"
b0010 &
#38212
0"
#38213
1"
b0011 &
#38214
0"
#38215
1"
b0100 &
#38216
0"
#38217
1"
b0101 &
#38218
0"
#38219
1"
b0110 &
#38220
0"
#38221
1"
b0111 &
#38222
0"
#38223
1"
b1000 &
#38224
0"
#38225
1"
b1001 &
#38226
0"
#38227
1"
b1010 &
#38228
0"
#38229
1"
b1011 &
#38230
0"
#38231
1"
b1100 &
#38232
0"
#38233
1"
b1101 &
#38234
0"
#38235
1"
b1110 &
#38236
0"
#38237
1"
b1111 &
#38238
0"
#38239
1"
b0000 &
#38240
0"
#38241
1"
b0001 &
#38242
0"
#38243
1"
b0010 &
#38244
0"
#38245
1"
b0011 &
#38246
0"
#38247
1"
b0100 &
#38248
0"
#38249
1"
b0101 &
#38250
0"
#38251
1"
b0110 &
#38252
0"
#38253
1"
b0111 &
#38254
0"
#38255
1"
b1000 &
#38256
0"
#38257
1"
b1001 &
#38258
0"
#38259
1"
b1010 &
#38260
0"
#38261
1"
b1011 &
#38262
0"
#38263
1"
b1100 &
#38264
0"
#38265
1"
b1101 &
#38266
0"
#38267
1"
b1110 &
#38268
0"
#38269
1"
b1111 &
#38270
0"
#38271
1"
b0000 &
#38272
0"
#38273
1"
b0001 &
#38274
0"
#38275
1"
b0010 &
#38276
0"
#38277
1"
b0011 &
#38278
0"
#38279
1"
b0100 &
#38280
0"
#38281
1"
b0101 &
#38282
0"
#38283
1"
b0110 &
#38284
0"
#38285
1"
b0111 &
#38286
0"
#38287
1"
b1000 &
#38288
0"
#38289
1"
b1001 &
#38290
0"
#38291
1"
b1010 &
#38292
0"
#38293
1"
b1011 &
#38294
0"
#38295
1"
b1100 &
#38296
0"
#38297
1"
b1101 &
#38298
0"
#38299
1"
b1110 &
#38300
0"
#38301
1"
b1111 &
#38302
0"
#38303
1"
b0000 &
#38304
0"
#38305
1"
b0001 &
#38306
0"
#38307
1"
b0010 &
#38308
0"
#38309
1"
b0011 &
#38310
0"
#38311
1"
b0100 &
#38312
0"
#38313
1"
b0101 &
#38314
0"
#38315
1"
b0110 &
#38316
0"
#38317
1"
b0111 &
#38318
0"
#38319
1"
b1000 &
#38320
0"
#38321
1"
b1001 &
#38322
0"
#38323
1"
b1010 &
#38324
0"
#38325
1"
b1011 &
#38326
0"
#38327
1"
b1100 &
#38328
0"
#38329
1"
b1101 &
#38330
0"
#38331
1"
b1110 &
#38332
0"
#38333
1"
b1111 &
#38334
0"
#38335
1"
b0000 &
#38336
0"
#38337
1"
b0001 &
#38338
0"
#38339
1"
b0010 &
#38340
0"
#38341
1"
b0011 &
#38342
0"
#38343
1"
b0100 &
#38344
0"
#38345
1"
b0101 &
#38346
0"
#38347
1"
b0110 &
#38348
0"
#38349
1"
b0111 &
#38350
0"
#38351
1"
b1000 &
#38352
0"
#38353
1"
b1001 &
#38354
0"
#38355
1"
b1010 &
#38356
0"
#38357
1"
b1011 &
#38358
0"
#38359
1"
b1100 &
#38360
0"
#38361
1"
b1101 &
#38362
0"
#38363
1"
b1110 &
#38364
0"
#38365
1"
b1111 &
#38366
0"
#38367
1"
b0000 &
#38368
0"
#38369
1"
b0001 &
#38370
0"
#38371
1"
b0010 &
#38372
0"
#38373
1"
b0011 &
#38374
0"
#38375
1"
b0100 &
#38376
0"
#38377
1"
b0101 &
#38378
0"
#38379
1"
b0110 &
#38380
0"
#38381
1"
b0111 &
#38382
0"
#38383
1"
b1000 &
#38384
0"
#38385
1"
b1001 &
#38386
0"
#38387
1"
b1010 &
#38388
0"
#38389
1"
b1011 &
#38390
0"
#38391
1"
b1100 &
#38392
0"
#38393
1"
b1101 &
#38394
0"
#38395
1"
b1110 &
#38396
0"
#38397
1"
b1111 &
#38398
0"
#38399
1"
b0000 &
#38400
0"
#38401
1"
b0001 &
#38402
0"
#38403
1"
b0010 &
#38404
0"
#38405
1"
b0011 &
#38406
0"
#38407
1"
b0100 &
#38408
0"
#38409
1"
b0101 &
#38410
0"
#38411
1"
b0110 &
#38412
0"
#38413
1"
b0111 &
#38414
0"
#38415
1"
b1000 &
#38416
0"
#38417
1"
b1001 &
#38418
0"
#38419
1"
b1010 &
#38420
0"
#38421
1"
b1011 &
#38422
0"
#38423
1"
b1100 &
#38424
0"
#38425
1"
b1101 &
#38426
0"
#38427
1"
b1110 &
#38428
0"
#38429
1"
b1111 &
#38430
0"
#38431
1"
b0000 &
#38432
0"
#38433
1"
b0001 &
#38434
0"
#38435
1"
b0010 &
#38436
0"
#38437
1"
b0011 &
#38438
0"
#38439
1"
b0100 &
#38440
0"
#38441
1"
b0101 &
#38442
0"
#38443
1"
b0110 &
#38444
0"
#38445
1"
b0111 &
#38446
0"
#38447
1"
b1000 &
#38448
0"
#38449
1"
b1001 &
#38450
0"
#38451
1"
b1010 &
#38452
0"
#38453
1"
b1011 &
#38454
0"
#38455
1"
b1100 &
#38456
0"
#38457
1"
b1101 &
#38458
0"
#38459
1"
b1110 &
#38460
0"
#38461
1"
b1111 &
#38462
0"
#38463
1"
b0000 &
#38464
0"
#38465
1"
b0001 &
#38466
0"
#38467
1"
b0010 &
#38468
0"
#38469
1"
b0011 &
#38470
0"
#38471
1"
b0100 &
#38472
0"
#38473
1"
b0101 &
#38474
0"
#38475
1"
b0110 &
#38476
0"
#38477
1"
b0111 &
#38478
0"
#38479
1"
b1000 &
#38480
0"
#38481
1"
b1001 &
#38482
0"
#38483
1"
b1010 &
#38484
0"
#38485
1"
b1011 &
#38486
0"
#38487
1"
b1100 &
#38488
0"
#38489
1"
b1101 &
#38490
0"
#38491
1"
b1110 &
#38492
0"
#38493
1"
b1111 &
#38494
0"
#38495
1"
b0000 &
#38496
0"
#38497
1"
b0001 &
#38498
0"
#38499
1"
b0010 &
#38500
0"
#38501
1"
b0011 &
#38502
0"
#38503
1"
b0100 &
#38504
0"
#38505
1"
b0101 &
#38506
0"
#38507
1"
b0110 &
#38508
0"
#38509
1"
b0111 &
#38510
0"
#38511
1"
b1000 &
#38512
0"
#38513
1"
b1001 &
#38514
0"
#38515
1"
b1010 &
#38516
0"
#38517
1"
b1011 &
#38518
0"
#38519
1"
b1100 &
#38520
0"
#38521
1"
b1101 &
#38522
0"
#38523
1"
b1110 &
#38524
0"
#38525
1"
b1111 &
#38526
0"
#38527
1"
b0000 &
#38528
0"
#38529
1"
b0001 &
#38530
0"
#38531
1"
b0010 &
#38532
0"
#38533
1"
b0011 &
#38534
0"
#38535
1"
b0100 &
#38536
0"
#38537
1"
b0101 &
#38538
0"
#38539
1"
b0110 &
#38540
0"
#38541
1"
b0111 &
#38542
0"
#38543
1"
b1000 &
#38544
0"
#38545
1"
b1001 &
#38546
0"
#38547
1"
b1010 &
#38548
0"
#38549
1"
b1011 &
#38550
0"
#38551
1"
b1100 &
#38552
0"
#38553
1"
b1101 &
#38554
0"
#38555
1"
b1110 &
#38556
0"
#38557
1"
b1111 &
#38558
0"
#38559
1"
b0000 &
#38560
0"
#38561
1"
b0001 &
#38562
0"
#38563
1"
b0010 &
#38564
0"
#38565
1"
b0011 &
#38566
0"
#38567
1"
b0100 &
#38568
0"
#38569
1"
b0101 &
#38570
0"
#38571
1"
b0110 &
#38572
0"
#38573
1"
b0111 &
#38574
0"
#38575
1"
b1000 &
#38576
0"
#38577
1"
b1001 &
#38578
0"
#38579
1"
b1010 &
#38580
0"
#38581
1"
b1011 &
#38582
0"
#38583
1"
b1100 &
#38584
0"
#38585
1"
b1101 &
#38586
0"
#38587
1"
b1110 &
#38588
0"
#38589
1"
b1111 &
#38590
0"
#38591
1"
b0000 &
#38592
0"
#38593
1"
b0001 &
#38594
0"
#38595
1"
b0010 &
#38596
0"
#38597
1"
b0011 &
#38598
0"
#38599
1"
b0100 &
#38600
0"
#38601
1"
b0101 &
#38602
0"
#38603
1"
b0110 &
#38604
0"
#38605
1"
b0111 &
#38606
0"
#38607
1"
b1000 &
#38608
0"
#38609
1"
b1001 &
#38610
0"
#38611
1"
b1010 &
#38612
0"
#38613
1"
b1011 &
#38614
0"
#38615
1"
b1100 &
#38616
0"
#38617
1"
b1101 &
#38618
0"
#38619
1"
b1110 &
#38620
0"
#38621
1"
b1111 &
#38622
0"
#38623
1"
b0000 &
#38624
0"
#38625
1"
b0001 &
#38626
0"
#38627
1"
b0010 &
#38628
0"
#38629
1"
b0011 &
#38630
0"
#38631
1"
b0100 &
#38632
0"
#38633
1"
b0101 &
#38634
0"
#38635
1"
b0110 &
#38636
0"
#38637
1"
b0111 &
#38638
0"
#38639
1"
b1000 &
#38640
0"
#38641
1"
b1001 &
#38642
0"
#38643
1"
b1010 &
#38644
0"
#38645
1"
b1011 &
#38646
0"
#38647
1"
b1100 &
#38648
0"
#38649
1"
b1101 &
#38650
0"
#38651
1"
b1110 &
#38652
0"
#38653
1"
b1111 &
#38654
0"
#38655
1"
b0000 &
#38656
0"
#38657
1"
b0001 &
#38658
0"
#38659
1"
b0010 &
#38660
0"
#38661
1"
b0011 &
#38662
0"
#38663
1"
b0100 &
#38664
0"
#38665
1"
b0101 &
#38666
0"
#38667
1"
b0110 &
#38668
0"
#38669
1"
b0111 &
#38670
0"
#38671
1"
b1000 &
#38672
0"
#38673
1"
b1001 &
#38674
0"
#38675
1"
b1010 &
#38676
0"
#38677
1"
b1011 &
#38678
0"
#38679
1"
b1100 &
#38680
0"
#38681
1"
b1101 &
#38682
0"
#38683
1"
b1110 &
#38684
0"
#38685
1"
b1111 &
#38686
0"
#38687
1"
b0000 &
#38688
0"
#38689
1"
b0001 &
#38690
0"
#38691
1"
b0010 &
#38692
0"
#38693
1"
b0011 &
#38694
0"
#38695
1"
b0100 &
#38696
0"
#38697
1"
b0101 &
#38698
0"
#38699
1"
b0110 &
#38700
0"
#38701
1"
b0111 &
#38702
0"
#38703
1"
b1000 &
#38704
0"
#38705
1"
b1001 &
#38706
0"
#38707
1"
b1010 &
#38708
0"
#38709
1"
b1011 &
#38710
0"
#38711
1"
b1100 &
#38712
0"
#38713
1"
b1101 &
#38714
0"
#38715
1"
b1110 &
#38716
0"
#38717
1"
b1111 &
#38718
0"
#38719
1"
b0000 &
#38720
0"
#38721
1"
b0001 &
#38722
0"
#38723
1"
b0010 &
#38724
0"
#38725
1"
b0011 &
#38726
0"
#38727
1"
b0100 &
#38728
0"
#38729
1"
b0101 &
#38730
0"
#38731
1"
b0110 &
#38732
0"
#38733
1"
b0111 &
#38734
0"
#38735
1"
b1000 &
#38736
0"
#38737
1"
b1001 &
#38738
0"
#38739
1"
b1010 &
#38740
0"
#38741
1"
b1011 &
#38742
0"
#38743
1"
b1100 &
#38744
0"
#38745
1"
b1101 &
#38746
0"
#38747
1"
b1110 &
#38748
0"
#38749
1"
b1111 &
#38750
0"
#38751
1"
b0000 &
#38752
0"
#38753
1"
b0001 &
#38754
0"
#38755
1"
b0010 &
#38756
0"
#38757
1"
b0011 &
#38758
0"
#38759
1"
b0100 &
#38760
0"
#38761
1"
b0101 &
#38762
0"
#38763
1"
b0110 &
#38764
0"
#38765
1"
b0111 &
#38766
0"
#38767
1"
b1000 &
#38768
0"
#38769
1"
b1001 &
#38770
0"
#38771
1"
b1010 &
#38772
0"
#38773
1"
b1011 &
#38774
0"
#38775
1"
b1100 &
#38776
0"
#38777
1"
b1101 &
#38778
0"
#38779
1"
b1110 &
#38780
0"
#38781
1"
b1111 &
#38782
0"
#38783
1"
b0000 &
#38784
0"
#38785
1"
b0001 &
#38786
0"
#38787
1"
b0010 &
#38788
0"
#38789
1"
b0011 &
#38790
0"
#38791
1"
b0100 &
#38792
0"
#38793
1"
b0101 &
#38794
0"
#38795
1"
b0110 &
#38796
0"
#38797
1"
b0111 &
#38798
0"
#38799
1"
b1000 &
#38800
0"
#38801
1"
b1001 &
#38802
0"
#38803
1"
b1010 &
#38804
0"
#38805
1"
b1011 &
#38806
0"
#38807
1"
b1100 &
#38808
0"
#38809
1"
b1101 &
#38810
0"
#38811
1"
b1110 &
#38812
0"
#38813
1"
b1111 &
#38814
0"
#38815
1"
b0000 &
#38816
0"
#38817
1"
b0001 &
#38818
0"
#38819
1"
b0010 &
#38820
0"
#38821
1"
b0011 &
#38822
0"
#38823
1"
b0100 &
#38824
0"
#38825
1"
b0101 &
#38826
0"
#38827
1"
b0110 &
#38828
0"
#38829
1"
b0111 &
#38830
0"
#38831
1"
b1000 &
#38832
0"
#38833
1"
b1001 &
#38834
0"
#38835
1"
b1010 &
#38836
0"
#38837
1"
b1011 &
#38838
0"
#38839
1"
b1100 &
#38840
0"
#38841
1"
b1101 &
#38842
0"
#38843
1"
b1110 &
#38844
0"
#38845
1"
b1111 &
#38846
0"
#38847
1"
b0000 &
#38848
0"
#38849
1"
b0001 &
#38850
0"
#38851
1"
b0010 &
#38852
0"
#38853
1"
b0011 &
#38854
0"
#38855
1"
b0100 &
#38856
0"
#38857
1"
b0101 &
#38858
0"
#38859
1"
b0110 &
#38860
0"
#38861
1"
b0111 &
#38862
0"
#38863
1"
b1000 &
#38864
0"
#38865
1"
b1001 &
#38866
0"
#38867
1"
b1010 &
#38868
0"
#38869
1"
b1011 &
#38870
0"
#38871
1"
b1100 &
#38872
0"
#38873
1"
b1101 &
#38874
0"
#38875
1"
b1110 &
#38876
0"
#38877
1"
b1111 &
#38878
0"
#38879
1"
b0000 &
#38880
0"
#38881
1"
b0001 &
#38882
0"
#38883
1"
b0010 &
#38884
0"
#38885
1"
b0011 &
#38886
0"
#38887
1"
b0100 &
#38888
0"
#38889
1"
b0101 &
#38890
0"
#38891
1"
b0110 &
#38892
0"
#38893
1"
b0111 &
#38894
0"
#38895
1"
b1000 &
#38896
0"
#38897
1"
b1001 &
#38898
0"
#38899
1"
b1010 &
#38900
0"
#38901
1"
b1011 &
#38902
0"
#38903
1"
b1100 &
#38904
0"
#38905
1"
b1101 &
#38906
0"
#38907
1"
b1110 &
#38908
0"
#38909
1"
b1111 &
#38910
0"
#38911
1"
b0000 &
#38912
0"
#38913
1"
b0001 &
#38914
0"
#38915
1"
b0010 &
#38916
0"
#38917
1"
b0011 &
#38918
0"
#38919
1"
b0100 &
#38920
0"
#38921
1"
b0101 &
#38922
0"
#38923
1"
b0110 &
#38924
0"
#38925
1"
b0111 &
#38926
0"
#38927
1"
b1000 &
#38928
0"
#38929
1"
b1001 &
#38930
0"
#38931
1"
b1010 &
#38932
0"
#38933
1"
b1011 &
#38934
0"
#38935
1"
b1100 &
#38936
0"
#38937
1"
b1101 &
#38938
0"
#38939
1"
b1110 &
#38940
0"
#38941
1"
b1111 &
#38942
0"
#38943
1"
b0000 &
#38944
0"
#38945
1"
b0001 &
#38946
0"
#38947
1"
b0010 &
#38948
0"
#38949
1"
b0011 &
#38950
0"
#38951
1"
b0100 &
#38952
0"
#38953
1"
b0101 &
#38954
0"
#38955
1"
b0110 &
#38956
0"
#38957
1"
b0111 &
#38958
0"
#38959
1"
b1000 &
#38960
0"
#38961
1"
b1001 &
#38962
0"
#38963
1"
b1010 &
#38964
0"
#38965
1"
b1011 &
#38966
0"
#38967
1"
b1100 &
#38968
0"
#38969
1"
b1101 &
#38970
0"
#38971
1"
b1110 &
#38972
0"
#38973
1"
b1111 &
#38974
0"
#38975
1"
b0000 &
#38976
0"
#38977
1"
b0001 &
#38978
0"
#38979
1"
b0010 &
#38980
0"
#38981
1"
b0011 &
#38982
0"
#38983
1"
b0100 &
#38984
0"
#38985
1"
b0101 &
#38986
0"
#38987
1"
b0110 &
#38988
0"
#38989
1"
b0111 &
#38990
0"
#38991
1"
b1000 &
#38992
0"
#38993
1"
b1001 &
#38994
0"
#38995
1"
b1010 &
#38996
0"
#38997
1"
b1011 &
#38998
0"
#38999
1"
b1100 &
#39000
0"
#39001
1"
b1101 &
#39002
0"
#39003
1"
b1110 &
#39004
0"
#39005
1"
b1111 &
#39006
0"
#39007
1"
b0000 &
#39008
0"
#39009
1"
b0001 &
#39010
0"
#39011
1"
b0010 &
#39012
0"
#39013
1"
b0011 &
#39014
0"
#39015
1"
b0100 &
#39016
0"
#39017
1"
b0101 &
#39018
0"
#39019
1"
b0110 &
#39020
0"
#39021
1"
b0111 &
#39022
0"
#39023
1"
b1000 &
#39024
0"
#39025
1"
b1001 &
#39026
0"
#39027
1"
b1010 &
#39028
0"
#39029
1"
b1011 &
#39030
0"
#39031
1"
b1100 &
#39032
0"
#39033
1"
b1101 &
#39034
0"
#39035
1"
b1110 &
#39036
0"
#39037
1"
b1111 &
#39038
0"
#39039
1"
b0000 &
#39040
0"
#39041
1"
b0001 &
#39042
0"
#39043
1"
b0010 &
#39044
0"
#39045
1"
b0011 &
#39046
0"
#39047
1"
b0100 &
#39048
0"
#39049
1"
b0101 &
#39050
0"
#39051
1"
b0110 &
#39052
0"
#39053
1"
b0111 &
#39054
0"
#39055
1"
b1000 &
#39056
0"
#39057
1"
b1001 &
#39058
0"
#39059
1"
b1010 &
#39060
0"
#39061
1"
b1011 &
#39062
0"
#39063
1"
b1100 &
#39064
0"
#39065
1"
b1101 &
#39066
0"
#39067
1"
b1110 &
#39068
0"
#39069
1"
b1111 &
#39070
0"
#39071
1"
b0000 &
#39072
0"
#39073
1"
b0001 &
#39074
0"
#39075
1"
b0010 &
#39076
0"
#39077
1"
b0011 &
#39078
0"
#39079
1"
b0100 &
#39080
0"
#39081
1"
b0101 &
#39082
0"
#39083
1"
b0110 &
#39084
0"
#39085
1"
b0111 &
#39086
0"
#39087
1"
b1000 &
#39088
0"
#39089
1"
b1001 &
#39090
0"
#39091
1"
b1010 &
#39092
0"
#39093
1"
b1011 &
#39094
0"
#39095
1"
b1100 &
#39096
0"
#39097
1"
b1101 &
#39098
0"
#39099
1"
b1110 &
#39100
0"
#39101
1"
b1111 &
#39102
0"
#39103
1"
b0000 &
#39104
0"
#39105
1"
b0001 &
#39106
0"
#39107
1"
b0010 &
#39108
0"
#39109
1"
b0011 &
#39110
0"
#39111
1"
b0100 &
#39112
0"
#39113
1"
b0101 &
#39114
0"
#39115
1"
b0110 &
#39116
0"
#39117
1"
b0111 &
#39118
0"
#39119
1"
b1000 &
#39120
0"
#39121
1"
b1001 &
#39122
0"
#39123
1"
b1010 &
#39124
0"
#39125
1"
b1011 &
#39126
0"
#39127
1"
b1100 &
#39128
0"
#39129
1"
b1101 &
#39130
0"
#39131
1"
b1110 &
#39132
0"
#39133
1"
b1111 &
#39134
0"
#39135
1"
b0000 &
#39136
0"
#39137
1"
b0001 &
#39138
0"
#39139
1"
b0010 &
#39140
0"
#39141
1"
b0011 &
#39142
0"
#39143
1"
b0100 &
#39144
0"
#39145
1"
b0101 &
#39146
0"
#39147
1"
b0110 &
#39148
0"
#39149
1"
b0111 &
#39150
0"
#39151
1"
b1000 &
#39152
0"
#39153
1"
b1001 &
#39154
0"
#39155
1"
b1010 &
#39156
0"
#39157
1"
b1011 &
#39158
0"
#39159
1"
b1100 &
#39160
0"
#39161
1"
b1101 &
#39162
0"
#39163
1"
b1110 &
#39164
0"
#39165
1"
b1111 &
#39166
0"
#39167
1"
b0000 &
#39168
0"
#39169
1"
b0001 &
#39170
0"
#39171
1"
b0010 &
#39172
0"
#39173
1"
b0011 &
#39174
0"
#39175
1"
b0100 &
#39176
0"
#39177
1"
b0101 &
#39178
0"
#39179
1"
b0110 &
#39180
0"
#39181
1"
b0111 &
#39182
0"
#39183
1"
b1000 &
#39184
0"
#39185
1"
b1001 &
#39186
0"
#39187
1"
b1010 &
#39188
0"
#39189
1"
b1011 &
#39190
0"
#39191
1"
b1100 &
#39192
0"
#39193
1"
b1101 &
#39194
0"
#39195
1"
b1110 &
#39196
0"
#39197
1"
b1111 &
#39198
0"
#39199
1"
b0000 &
#39200
0"
#39201
1"
b0001 &
#39202
0"
#39203
1"
b0010 &
#39204
0"
#39205
1"
b0011 &
#39206
0"
#39207
1"
b0100 &
#39208
0"
#39209
1"
b0101 &
#39210
0"
#39211
1"
b0110 &
#39212
0"
#39213
1"
b0111 &
#39214
0"
#39215
1"
b1000 &
#39216
0"
#39217
1"
b1001 &
#39218
0"
#39219
1"
b1010 &
#39220
0"
#39221
1"
b1011 &
#39222
0"
#39223
1"
b1100 &
#39224
0"
#39225
1"
b1101 &
#39226
0"
#39227
1"
b1110 &
#39228
0"
#39229
1"
b1111 &
#39230
0"
#39231
1"
b0000 &
#39232
0"
#39233
1"
b0001 &
#39234
0"
#39235
1"
b0010 &
#39236
0"
#39237
1"
b0011 &
#39238
0"
#39239
1"
b0100 &
#39240
0"
#39241
1"
b0101 &
#39242
0"
#39243
1"
b0110 &
#39244
0"
#39245
1"
b0111 &
#39246
0"
#39247
1"
b1000 &
#39248
0"
#39249
1"
b1001 &
#39250
0"
#39251
1"
b1010 &
#39252
0"
#39253
1"
b1011 &
#39254
0"
#39255
1"
b1100 &
#39256
0"
#39257
1"
b1101 &
#39258
0"
#39259
1"
b1110 &
#39260
0"
#39261
1"
b1111 &
#39262
0"
#39263
1"
b0000 &
#39264
0"
#39265
1"
b0001 &
#39266
0"
#39267
1"
b0010 &
#39268
0"
#39269
1"
b0011 &
#39270
0"
#39271
1"
b0100 &
#39272
0"
#39273
1"
b0101 &
#39274
0"
#39275
1"
b0110 &
#39276
0"
#39277
1"
b0111 &
#39278
0"
#39279
1"
b1000 &
#39280
0"
#39281
1"
b1001 &
#39282
0"
#39283
1"
b1010 &
#39284
0"
#39285
1"
b1011 &
#39286
0"
#39287
1"
b1100 &
#39288
0"
#39289
1"
b1101 &
#39290
0"
#39291
1"
b1110 &
#39292
0"
#39293
1"
b1111 &
#39294
0"
#39295
1"
b0000 &
#39296
0"
#39297
1"
b0001 &
#39298
0"
#39299
1"
b0010 &
#39300
0"
#39301
1"
b0011 &
#39302
0"
#39303
1"
b0100 &
#39304
0"
#39305
1"
b0101 &
#39306
0"
#39307
1"
b0110 &
#39308
0"
#39309
1"
b0111 &
#39310
0"
#39311
1"
b1000 &
#39312
0"
#39313
1"
b1001 &
#39314
0"
#39315
1"
b1010 &
#39316
0"
#39317
1"
b1011 &
#39318
0"
#39319
1"
b1100 &
#39320
0"
#39321
1"
b1101 &
#39322
0"
#39323
1"
b1110 &
#39324
0"
#39325
1"
b1111 &
#39326
0"
#39327
1"
b0000 &
#39328
0"
#39329
1"
b0001 &
#39330
0"
#39331
1"
b0010 &
#39332
0"
#39333
1"
b0011 &
#39334
0"
#39335
1"
b0100 &
#39336
0"
#39337
1"
b0101 &
#39338
0"
#39339
1"
b0110 &
#39340
0"
#39341
1"
b0111 &
#39342
0"
#39343
1"
b1000 &
#39344
0"
#39345
1"
b1001 &
#39346
0"
#39347
1"
b1010 &
#39348
0"
#39349
1"
b1011 &
#39350
0"
#39351
1"
b1100 &
#39352
0"
#39353
1"
b1101 &
#39354
0"
#39355
1"
b1110 &
#39356
0"
#39357
1"
b1111 &
#39358
0"
#39359
1"
b0000 &
#39360
0"
#39361
1"
b0001 &
#39362
0"
#39363
1"
b0010 &
#39364
0"
#39365
1"
b0011 &
#39366
0"
#39367
1"
b0100 &
#39368
0"
#39369
1"
b0101 &
#39370
0"
#39371
1"
b0110 &
#39372
0"
#39373
1"
b0111 &
#39374
0"
#39375
1"
b1000 &
#39376
0"
#39377
1"
b1001 &
#39378
0"
#39379
1"
b1010 &
#39380
0"
#39381
1"
b1011 &
#39382
0"
#39383
1"
b1100 &
#39384
0"
#39385
1"
b1101 &
#39386
0"
#39387
1"
b1110 &
#39388
0"
#39389
1"
b1111 &
#39390
0"
#39391
1"
b0000 &
#39392
0"
#39393
1"
b0001 &
#39394
0"
#39395
1"
b0010 &
#39396
0"
#39397
1"
b0011 &
#39398
0"
#39399
1"
b0100 &
#39400
0"
#39401
1"
b0101 &
#39402
0"
#39403
1"
b0110 &
#39404
0"
#39405
1"
b0111 &
#39406
0"
#39407
1"
b1000 &
#39408
0"
#39409
1"
b1001 &
#39410
0"
#39411
1"
b1010 &
#39412
0"
#39413
1"
b1011 &
#39414
0"
#39415
1"
b1100 &
#39416
0"
#39417
1"
b1101 &
#39418
0"
#39419
1"
b1110 &
#39420
0"
#39421
1"
b1111 &
#39422
0"
#39423
1"
b0000 &
#39424
0"
#39425
1"
b0001 &
#39426
0"
#39427
1"
b0010 &
#39428
0"
#39429
1"
b0011 &
#39430
0"
#39431
1"
b0100 &
#39432
0"
#39433
1"
b0101 &
#39434
0"
#39435
1"
b0110 &
#39436
0"
#39437
1"
b0111 &
#39438
0"
#39439
1"
b1000 &
#39440
0"
#39441
1"
b1001 &
#39442
0"
#39443
1"
b1010 &
#39444
0"
#39445
1"
b1011 &
#39446
0"
#39447
1"
b1100 &
#39448
0"
#39449
1"
b1101 &
#39450
0"
#39451
1"
b1110 &
#39452
0"
#39453
1"
b1111 &
#39454
0"
#39455
1"
b0000 &
#39456
0"
#39457
1"
b0001 &
#39458
0"
#39459
1"
b0010 &
#39460
0"
#39461
1"
b0011 &
#39462
0"
#39463
1"
b0100 &
#39464
0"
#39465
1"
b0101 &
#39466
0"
#39467
1"
b0110 &
#39468
0"
#39469
1"
b0111 &
#39470
0"
#39471
1"
b1000 &
#39472
0"
#39473
1"
b1001 &
#39474
0"
#39475
1"
b1010 &
#39476
0"
#39477
1"
b1011 &
#39478
0"
#39479
1"
b1100 &
#39480
0"
#39481
1"
b1101 &
#39482
0"
#39483
1"
b1110 &
#39484
0"
#39485
1"
b1111 &
#39486
0"
#39487
1"
b0000 &
#39488
0"
#39489
1"
b0001 &
#39490
0"
#39491
1"
b0010 &
#39492
0"
#39493
1"
b0011 &
#39494
0"
#39495
1"
b0100 &
#39496
0"
#39497
1"
b0101 &
#39498
0"
#39499
1"
b0110 &
#39500
0"
#39501
1"
b0111 &
#39502
0"
#39503
1"
b1000 &
#39504
0"
#39505
1"
b1001 &
#39506
0"
#39507
1"
b1010 &
#39508
0"
#39509
1"
b1011 &
#39510
0"
#39511
1"
b1100 &
#39512
0"
#39513
1"
b1101 &
#39514
0"
#39515
1"
b1110 &
#39516
0"
#39517
1"
b1111 &
#39518
0"
#39519
1"
b0000 &
#39520
0"
#39521
1"
b0001 &
#39522
0"
#39523
1"
b0010 &
#39524
0"
#39525
1"
b0011 &
#39526
0"
#39527
1"
b0100 &
#39528
0"
#39529
1"
b0101 &
#39530
0"
#39531
1"
b0110 &
#39532
0"
#39533
1"
b0111 &
#39534
0"
#39535
1"
b1000 &
#39536
0"
#39537
1"
b1001 &
#39538
0"
#39539
1"
b1010 &
#39540
0"
#39541
1"
b1011 &
#39542
0"
#39543
1"
b1100 &
#39544
0"
#39545
1"
b1101 &
#39546
0"
#39547
1"
b1110 &
#39548
0"
#39549
1"
b1111 &
#39550
0"
#39551
1"
b0000 &
#39552
0"
#39553
1"
b0001 &
#39554
0"
#39555
1"
b0010 &
#39556
0"
#39557
1"
b0011 &
#39558
0"
#39559
1"
b0100 &
#39560
0"
#39561
1"
b0101 &
#39562
0"
#39563
1"
b0110 &
#39564
0"
#39565
1"
b0111 &
#39566
0"
#39567
1"
b1000 &
#39568
0"
#39569
1"
b1001 &
#39570
0"
#39571
1"
b1010 &
#39572
0"
#39573
1"
b1011 &
#39574
0"
#39575
1"
b1100 &
#39576
0"
#39577
1"
b1101 &
#39578
0"
#39579
1"
b1110 &
#39580
0"
#39581
1"
b1111 &
#39582
0"
#39583
1"
b0000 &
#39584
0"
#39585
1"
b0001 &
#39586
0"
#39587
1"
b0010 &
#39588
0"
#39589
1"
b0011 &
#39590
0"
#39591
1"
b0100 &
#39592
0"
#39593
1"
b0101 &
#39594
0"
#39595
1"
b0110 &
#39596
0"
#39597
1"
b0111 &
#39598
0"
#39599
1"
b1000 &
#39600
0"
#39601
1"
b1001 &
#39602
0"
#39603
1"
b1010 &
#39604
0"
#39605
1"
b1011 &
#39606
0"
#39607
1"
b1100 &
#39608
0"
#39609
1"
b1101 &
#39610
0"
#39611
1"
b1110 &
#39612
0"
#39613
1"
b1111 &
#39614
0"
#39615
1"
b0000 &
#39616
0"
#39617
1"
b0001 &
#39618
0"
#39619
1"
b0010 &
#39620
0"
#39621
1"
b0011 &
#39622
0"
#39623
1"
b0100 &
#39624
0"
#39625
1"
b0101 &
#39626
0"
#39627
1"
b0110 &
#39628
0"
#39629
1"
b0111 &
#39630
0"
#39631
1"
b1000 &
#39632
0"
#39633
1"
b1001 &
#39634
0"
#39635
1"
b1010 &
#39636
0"
#39637
1"
b1011 &
#39638
0"
#39639
1"
b1100 &
#39640
0"
#39641
1"
b1101 &
#39642
0"
#39643
1"
b1110 &
#39644
0"
#39645
1"
b1111 &
#39646
0"
#39647
1"
b0000 &
#39648
0"
#39649
1"
b0001 &
#39650
0"
#39651
1"
b0010 &
#39652
0"
#39653
1"
b0011 &
#39654
0"
#39655
1"
b0100 &
#39656
0"
#39657
1"
b0101 &
#39658
0"
#39659
1"
b0110 &
#39660
0"
#39661
1"
b0111 &
#39662
0"
#39663
1"
b1000 &
#39664
0"
#39665
1"
b1001 &
#39666
0"
#39667
1"
b1010 &
#39668
0"
#39669
1"
b1011 &
#39670
0"
#39671
1"
b1100 &
#39672
0"
#39673
1"
b1101 &
#39674
0"
#39675
1"
b1110 &
#39676
0"
#39677
1"
b1111 &
#39678
0"
#39679
1"
b0000 &
#39680
0"
#39681
1"
b0001 &
#39682
0"
#39683
1"
b0010 &
#39684
0"
#39685
1"
b0011 &
#39686
0"
#39687
1"
b0100 &
#39688
0"
#39689
1"
b0101 &
#39690
0"
#39691
1"
b0110 &
#39692
0"
#39693
1"
b0111 &
#39694
0"
#39695
1"
b1000 &
#39696
0"
#39697
1"
b1001 &
#39698
0"
#39699
1"
b1010 &
#39700
0"
#39701
1"
b1011 &
#39702
0"
#39703
1"
b1100 &
#39704
0"
#39705
1"
b1101 &
#39706
0"
#39707
1"
b1110 &
#39708
0"
#39709
1"
b1111 &
#39710
0"
#39711
1"
b0000 &
#39712
0"
#39713
1"
b0001 &
#39714
0"
#39715
1"
b0010 &
#39716
0"
#39717
1"
b0011 &
#39718
0"
#39719
1"
b0100 &
#39720
0"
#39721
1"
b0101 &
#39722
0"
#39723
1"
b0110 &
#39724
0"
#39725
1"
b0111 &
#39726
0"
#39727
1"
b1000 &
#39728
0"
#39729
1"
b1001 &
#39730
0"
#39731
1"
b1010 &
#39732
0"
#39733
1"
b1011 &
#39734
0"
#39735
1"
b1100 &
#39736
0"
#39737
1"
b1101 &
#39738
0"
#39739
1"
b1110 &
#39740
0"
#39741
1"
b1111 &
#39742
0"
#39743
1"
b0000 &
#39744
0"
#39745
1"
b0001 &
#39746
0"
#39747
1"
b0010 &
#39748
0"
#39749
1"
b0011 &
#39750
0"
#39751
1"
b0100 &
#39752
0"
#39753
1"
b0101 &
#39754
0"
#39755
1"
b0110 &
#39756
0"
#39757
1"
b0111 &
#39758
0"
#39759
1"
b1000 &
#39760
0"
#39761
1"
b1001 &
#39762
0"
#39763
1"
b1010 &
#39764
0"
#39765
1"
b1011 &
#39766
0"
#39767
1"
b1100 &
#39768
0"
#39769
1"
b1101 &
#39770
0"
#39771
1"
b1110 &
#39772
0"
#39773
1"
b1111 &
#39774
0"
#39775
1"
b0000 &
#39776
0"
#39777
1"
b0001 &
#39778
0"
#39779
1"
b0010 &
#39780
0"
#39781
1"
b0011 &
#39782
0"
#39783
1"
b0100 &
#39784
0"
#39785
1"
b0101 &
#39786
0"
#39787
1"
b0110 &
#39788
0"
#39789
1"
b0111 &
#39790
0"
#39791
1"
b1000 &
#39792
0"
#39793
1"
b1001 &
#39794
0"
#39795
1"
b1010 &
#39796
0"
#39797
1"
b1011 &
#39798
0"
#39799
1"
b1100 &
#39800
0"
#39801
1"
b1101 &
#39802
0"
#39803
1"
b1110 &
#39804
0"
#39805
1"
b1111 &
#39806
0"
#39807
1"
b0000 &
#39808
0"
#39809
1"
b0001 &
#39810
0"
#39811
1"
b0010 &
#39812
0"
#39813
1"
b0011 &
#39814
0"
#39815
1"
b0100 &
#39816
0"
#39817
1"
b0101 &
#39818
0"
#39819
1"
b0110 &
#39820
0"
#39821
1"
b0111 &
#39822
0"
#39823
1"
b1000 &
#39824
0"
#39825
1"
b1001 &
#39826
0"
#39827
1"
b1010 &
#39828
0"
#39829
1"
b1011 &
#39830
0"
#39831
1"
b1100 &
#39832
0"
#39833
1"
b1101 &
#39834
0"
#39835
1"
b1110 &
#39836
0"
#39837
1"
b1111 &
#39838
0"
#39839
1"
b0000 &
#39840
0"
#39841
1"
b0001 &
#39842
0"
#39843
1"
b0010 &
#39844
0"
#39845
1"
b0011 &
#39846
0"
#39847
1"
b0100 &
#39848
0"
#39849
1"
b0101 &
#39850
0"
#39851
1"
b0110 &
#39852
0"
#39853
1"
b0111 &
#39854
0"
#39855
1"
b1000 &
#39856
0"
#39857
1"
b1001 &
#39858
0"
#39859
1"
b1010 &
#39860
0"
#39861
1"
b1011 &
#39862
0"
#39863
1"
b1100 &
#39864
0"
#39865
1"
b1101 &
#39866
0"
#39867
1"
b1110 &
#39868
0"
#39869
1"
b1111 &
#39870
0"
#39871
1"
b0000 &
#39872
0"
#39873
1"
b0001 &
#39874
0"
#39875
1"
b0010 &
#39876
0"
#39877
1"
b0011 &
#39878
0"
#39879
1"
b0100 &
#39880
0"
#39881
1"
b0101 &
#39882
0"
#39883
1"
b0110 &
#39884
0"
#39885
1"
b0111 &
#39886
0"
#39887
1"
b1000 &
#39888
0"
#39889
1"
b1001 &
#39890
0"
#39891
1"
b1010 &
#39892
0"
#39893
1"
b1011 &
#39894
0"
#39895
1"
b1100 &
#39896
0"
#39897
1"
b1101 &
#39898
0"
#39899
1"
b1110 &
#39900
0"
#39901
1"
b1111 &
#39902
0"
#39903
1"
b0000 &
#39904
0"
#39905
1"
b0001 &
#39906
0"
#39907
1"
b0010 &
#39908
0"
#39909
1"
b0011 &
#39910
0"
#39911
1"
b0100 &
#39912
0"
#39913
1"
b0101 &
#39914
0"
#39915
1"
b0110 &
#39916
0"
#39917
1"
b0111 &
#39918
0"
#39919
1"
b1000 &
#39920
0"
#39921
1"
b1001 &
#39922
0"
#39923
1"
b1010 &
#39924
0"
#39925
1"
b1011 &
#39926
0"
#39927
1"
b1100 &
#39928
0"
#39929
1"
b1101 &
#39930
0"
#39931
1"
b1110 &
#39932
0"
#39933
1"
b1111 &
#39934
0"
#39935
1"
b0000 &
#39936
0"
#39937
1"
b0001 &
#39938
0"
#39939
1"
b0010 &
#39940
0"
#39941
1"
b0011 &
#39942
0"
#39943
1"
b0100 &
#39944
0"
#39945
1"
b0101 &
#39946
0"
#39947
1"
b0110 &
#39948
0"
#39949
1"
b0111 &
#39950
0"
#39951
1"
b1000 &
#39952
0"
#39953
1"
b1001 &
#39954
0"
#39955
1"
b1010 &
#39956
0"
#39957
1"
b1011 &
#39958
0"
#39959
1"
b1100 &
#39960
0"
#39961
1"
b1101 &
#39962
0"
#39963
1"
b1110 &
#39964
0"
#39965
1"
b1111 &
#39966
0"
#39967
1"
b0000 &
#39968
0"
#39969
1"
b0001 &
#39970
0"
#39971
1"
b0010 &
#39972
0"
#39973
1"
b0011 &
#39974
0"
#39975
1"
b0100 &
#39976
0"
#39977
1"
b0101 &
#39978
0"
#39979
1"
b0110 &
#39980
0"
#39981
1"
b0111 &
#39982
0"
#39983
1"
b1000 &
#39984
0"
#39985
1"
b1001 &
#39986
0"
#39987
1"
b1010 &
#39988
0"
#39989
1"
b1011 &
#39990
0"
#39991
1"
b1100 &
#39992
0"
#39993
1"
b1101 &
#39994
0"
#39995
1"
b1110 &
#39996
0"
#39997
1"
b1111 &
#39998
0"
#39999
1"
b0000 &
#40000
0"
#40001
1"
b0001 &
#40002
0"
#40003
1"
b0010 &
#40004
0"
#40005
1"
b0011 &
#40006
0"
#40007
1"
b0100 &
#40008
0"
#40009
1"
b0101 &
#40010
0"
#40011
1"
b0110 &
#40012
0"
#40013
1"
b0111 &
#40014
0"
#40015
1"
b1000 &
#40016
0"
#40017
1"
b1001 &
#40018
0"
#40019
1"
b1010 &
#40020
0"
#40021
1"
b1011 &
#40022
0"
#40023
1"
b1100 &
#40024
0"
#40025
1"
b1101 &
#40026
0"
#40027
1"
b1110 &
#40028
0"
#40029
1"
b1111 &
#40030
0"
#40031
1"
b0000 &
#40032
0"
#40033
1"
b0001 &
#40034
0"
#40035
1"
b0010 &
#40036
0"
#40037
1"
b0011 &
#40038
0"
#40039
1"
b0100 &
#40040
0"
#40041
1"
b0101 &
#40042
0"
#40043
1"
b0110 &
#40044
0"
#40045
1"
b0111 &
#40046
0"
#40047
1"
b1000 &
#40048
0"
#40049
1"
b1001 &
#40050
0"
#40051
1"
b1010 &
#40052
0"
#40053
1"
b1011 &
#40054
0"
#40055
1"
b1100 &
#40056
0"
#40057
1"
b1101 &
#40058
0"
#40059
1"
b1110 &
#40060
0"
#40061
1"
b1111 &
#40062
0"
#40063
1"
b0000 &
#40064
0"
#40065
1"
b0001 &
#40066
0"
#40067
1"
b0010 &
#40068
0"
#40069
1"
b0011 &
#40070
0"
#40071
1"
b0100 &
#40072
0"
#40073
1"
b0101 &
#40074
0"
#40075
1"
b0110 &
#40076
0"
#40077
1"
b0111 &
#40078
0"
#40079
1"
b1000 &
#40080
0"
#40081
1"
b1001 &
#40082
0"
#40083
1"
b1010 &
#40084
0"
#40085
1"
b1011 &
#40086
0"
#40087
1"
b1100 &
#40088
0"
#40089
1"
b1101 &
#40090
0"
#40091
1"
b1110 &
#40092
0"
#40093
1"
b1111 &
#40094
0"
#40095
1"
b0000 &
#40096
0"
#40097
1"
b0001 &
#40098
0"
#40099
1"
b0010 &
#40100
0"
#40101
1"
b0011 &
#40102
0"
#40103
1"
b0100 &
#40104
0"
#40105
1"
b0101 &
#40106
0"
#40107
1"
b0110 &
#40108
0"
#40109
1"
b0111 &
#40110
0"
#40111
1"
b1000 &
#40112
0"
#40113
1"
b1001 &
#40114
0"
#40115
1"
b1010 &
#40116
0"
#40117
1"
b1011 &
#40118
0"
#40119
1"
b1100 &
#40120
0"
#40121
1"
b1101 &
#40122
0"
#40123
1"
b1110 &
#40124
0"
#40125
1"
b1111 &
#40126
0"
#40127
1"
b0000 &
#40128
0"
#40129
1"
b0001 &
#40130
0"
#40131
1"
b0010 &
#40132
0"
#40133
1"
b0011 &
#40134
0"
#40135
1"
b0100 &
#40136
0"
#40137
1"
b0101 &
#40138
0"
#40139
1"
b0110 &
#40140
0"
#40141
1"
b0111 &
#40142
0"
#40143
1"
b1000 &
#40144
0"
#40145
1"
b1001 &
#40146
0"
#40147
1"
b1010 &
#40148
0"
#40149
1"
b1011 &
#40150
0"
#40151
1"
b1100 &
#40152
0"
#40153
1"
b1101 &
#40154
0"
#40155
1"
b1110 &
#40156
0"
#40157
1"
b1111 &
#40158
0"
#40159
1"
b0000 &
#40160
0"
#40161
1"
b0001 &
#40162
0"
#40163
1"
b0010 &
#40164
0"
#40165
1"
b0011 &
#40166
0"
#40167
1"
b0100 &
#40168
0"
#40169
1"
b0101 &
#40170
0"
#40171
1"
b0110 &
#40172
0"
#40173
1"
b0111 &
#40174
0"
#40175
1"
b1000 &
#40176
0"
#40177
1"
b1001 &
#40178
0"
#40179
1"
b1010 &
#40180
0"
#40181
1"
b1011 &
#40182
0"
#40183
1"
b1100 &
#40184
0"
#40185
1"
b1101 &
#40186
0"
#40187
1"
b1110 &
#40188
0"
#40189
1"
b1111 &
#40190
0"
#40191
1"
b0000 &
#40192
0"
#40193
1"
b0001 &
#40194
0"
#40195
1"
b0010 &
#40196
0"
#40197
1"
b0011 &
#40198
0"
#40199
1"
b0100 &
#40200
0"
#40201
1"
b0101 &
#40202
0"
#40203
1"
b0110 &
#40204
0"
#40205
1"
b0111 &
#40206
0"
#40207
1"
b1000 &
#40208
0"
#40209
1"
b1001 &
#40210
0"
#40211
1"
b1010 &
#40212
0"
#40213
1"
b1011 &
#40214
0"
#40215
1"
b1100 &
#40216
0"
#40217
1"
b1101 &
#40218
0"
#40219
1"
b1110 &
#40220
0"
#40221
1"
b1111 &
#40222
0"
#40223
1"
b0000 &
#40224
0"
#40225
1"
b0001 &
#40226
0"
#40227
1"
b0010 &
#40228
0"
#40229
1"
b0011 &
#40230
0"
#40231
1"
b0100 &
#40232
0"
#40233
1"
b0101 &
#40234
0"
#40235
1"
b0110 &
#40236
0"
#40237
1"
b0111 &
#40238
0"
#40239
1"
b1000 &
#40240
0"
#40241
1"
b1001 &
#40242
0"
#40243
1"
b1010 &
#40244
0"
#40245
1"
b1011 &
#40246
0"
#40247
1"
b1100 &
#40248
0"
#40249
1"
b1101 &
#40250
0"
#40251
1"
b1110 &
#40252
0"
#40253
1"
b1111 &
#40254
0"
#40255
1"
b0000 &
#40256
0"
#40257
1"
b0001 &
#40258
0"
#40259
1"
b0010 &
#40260
0"
#40261
1"
b0011 &
#40262
0"
#40263
1"
b0100 &
#40264
0"
#40265
1"
b0101 &
#40266
0"
#40267
1"
b0110 &
#40268
0"
#40269
1"
b0111 &
#40270
0"
#40271
1"
b1000 &
#40272
0"
#40273
1"
b1001 &
#40274
0"
#40275
1"
b1010 &
#40276
0"
#40277
1"
b1011 &
#40278
0"
#40279
1"
b1100 &
#40280
0"
#40281
1"
b1101 &
#40282
0"
#40283
1"
b1110 &
#40284
0"
#40285
1"
b1111 &
#40286
0"
#40287
1"
b0000 &
#40288
0"
#40289
1"
b0001 &
#40290
0"
#40291
1"
b0010 &
#40292
0"
#40293
1"
b0011 &
#40294
0"
#40295
1"
b0100 &
#40296
0"
#40297
1"
b0101 &
#40298
0"
#40299
1"
b0110 &
#40300
0"
#40301
1"
b0111 &
#40302
0"
#40303
1"
b1000 &
#40304
0"
#40305
1"
b1001 &
#40306
0"
#40307
1"
b1010 &
#40308
0"
#40309
1"
b1011 &
#40310
0"
#40311
1"
b1100 &
#40312
0"
#40313
1"
b1101 &
#40314
0"
#40315
1"
b1110 &
#40316
0"
#40317
1"
b1111 &
#40318
0"
#40319
1"
b0000 &
#40320
0"
#40321
1"
b0001 &
#40322
0"
#40323
1"
b0010 &
#40324
0"
#40325
1"
b0011 &
#40326
0"
#40327
1"
b0100 &
#40328
0"
#40329
1"
b0101 &
#40330
0"
#40331
1"
b0110 &
#40332
0"
#40333
1"
b0111 &
#40334
0"
#40335
1"
b1000 &
#40336
0"
#40337
1"
b1001 &
#40338
0"
#40339
1"
b1010 &
#40340
0"
#40341
1"
b1011 &
#40342
0"
#40343
1"
b1100 &
#40344
0"
#40345
1"
b1101 &
#40346
0"
#40347
1"
b1110 &
#40348
0"
#40349
1"
b1111 &
#40350
0"
#40351
1"
b0000 &
#40352
0"
#40353
1"
b0001 &
#40354
0"
#40355
1"
b0010 &
#40356
0"
#40357
1"
b0011 &
#40358
0"
#40359
1"
b0100 &
#40360
0"
#40361
1"
b0101 &
#40362
0"
#40363
1"
b0110 &
#40364
0"
#40365
1"
b0111 &
#40366
0"
#40367
1"
b1000 &
#40368
0"
#40369
1"
b1001 &
#40370
0"
#40371
1"
b1010 &
#40372
0"
#40373
1"
b1011 &
#40374
0"
#40375
1"
b1100 &
#40376
0"
#40377
1"
b1101 &
#40378
0"
#40379
1"
b1110 &
#40380
0"
#40381
1"
b1111 &
#40382
0"
#40383
1"
b0000 &
#40384
0"
#40385
1"
b0001 &
#40386
0"
#40387
1"
b0010 &
#40388
0"
#40389
1"
b0011 &
#40390
0"
#40391
1"
b0100 &
#40392
0"
#40393
1"
b0101 &
#40394
0"
#40395
1"
b0110 &
#40396
0"
#40397
1"
b0111 &
#40398
0"
#40399
1"
b1000 &
#40400
0"
#40401
1"
b1001 &
#40402
0"
#40403
1"
b1010 &
#40404
0"
#40405
1"
b1011 &
#40406
0"
#40407
1"
b1100 &
#40408
0"
#40409
1"
b1101 &
#40410
0"
#40411
1"
b1110 &
#40412
0"
#40413
1"
b1111 &
#40414
0"
#40415
1"
b0000 &
#40416
0"
#40417
1"
b0001 &
#40418
0"
#40419
1"
b0010 &
#40420
0"
#40421
1"
b0011 &
#40422
0"
#40423
1"
b0100 &
#40424
0"
#40425
1"
b0101 &
#40426
0"
#40427
1"
b0110 &
#40428
0"
#40429
1"
b0111 &
#40430
0"
#40431
1"
b1000 &
#40432
0"
#40433
1"
b1001 &
#40434
0"
#40435
1"
b1010 &
#40436
0"
#40437
1"
b1011 &
#40438
0"
#40439
1"
b1100 &
#40440
0"
#40441
1"
b1101 &
#40442
0"
#40443
1"
b1110 &
#40444
0"
#40445
1"
b1111 &
#40446
0"
#40447
1"
b0000 &
#40448
0"
#40449
1"
b0001 &
#40450
0"
#40451
1"
b0010 &
#40452
0"
#40453
1"
b0011 &
#40454
0"
#40455
1"
b0100 &
#40456
0"
#40457
1"
b0101 &
#40458
0"
#40459
1"
b0110 &
#40460
0"
#40461
1"
b0111 &
#40462
0"
#40463
1"
b1000 &
#40464
0"
#40465
1"
b1001 &
#40466
0"
#40467
1"
b1010 &
#40468
0"
#40469
1"
b1011 &
#40470
0"
#40471
1"
b1100 &
#40472
0"
#40473
1"
b1101 &
#40474
0"
#40475
1"
b1110 &
#40476
0"
#40477
1"
b1111 &
#40478
0"
#40479
1"
b0000 &
#40480
0"
#40481
1"
b0001 &
#40482
0"
#40483
1"
b0010 &
#40484
0"
#40485
1"
b0011 &
#40486
0"
#40487
1"
b0100 &
#40488
0"
#40489
1"
b0101 &
#40490
0"
#40491
1"
b0110 &
#40492
0"
#40493
1"
b0111 &
#40494
0"
#40495
1"
b1000 &
#40496
0"
#40497
1"
b1001 &
#40498
0"
#40499
1"
b1010 &
#40500
0"
#40501
1"
b1011 &
#40502
0"
#40503
1"
b1100 &
#40504
0"
#40505
1"
b1101 &
#40506
0"
#40507
1"
b1110 &
#40508
0"
#40509
1"
b1111 &
#40510
0"
#40511
1"
b0000 &
#40512
0"
#40513
1"
b0001 &
#40514
0"
#40515
1"
b0010 &
#40516
0"
#40517
1"
b0011 &
#40518
0"
#40519
1"
b0100 &
#40520
0"
#40521
1"
b0101 &
#40522
0"
#40523
1"
b0110 &
#40524
0"
#40525
1"
b0111 &
#40526
0"
#40527
1"
b1000 &
#40528
0"
#40529
1"
b1001 &
#40530
0"
#40531
1"
b1010 &
#40532
0"
#40533
1"
b1011 &
#40534
0"
#40535
1"
b1100 &
#40536
0"
#40537
1"
b1101 &
#40538
0"
#40539
1"
b1110 &
#40540
0"
#40541
1"
b1111 &
#40542
0"
#40543
1"
b0000 &
#40544
0"
#40545
1"
b0001 &
#40546
0"
#40547
1"
b0010 &
#40548
0"
#40549
1"
b0011 &
#40550
0"
#40551
1"
b0100 &
#40552
0"
#40553
1"
b0101 &
#40554
0"
#40555
1"
b0110 &
#40556
0"
#40557
1"
b0111 &
#40558
0"
#40559
1"
b1000 &
#40560
0"
#40561
1"
b1001 &
#40562
0"
#40563
1"
b1010 &
#40564
0"
#40565
1"
b1011 &
#40566
0"
#40567
1"
b1100 &
#40568
0"
#40569
1"
b1101 &
#40570
0"
#40571
1"
b1110 &
#40572
0"
#40573
1"
b1111 &
#40574
0"
#40575
1"
b0000 &
#40576
0"
#40577
1"
b0001 &
#40578
0"
#40579
1"
b0010 &
#40580
0"
#40581
1"
b0011 &
#40582
0"
#40583
1"
b0100 &
#40584
0"
#40585
1"
b0101 &
#40586
0"
#40587
1"
b0110 &
#40588
0"
#40589
1"
b0111 &
#40590
0"
#40591
1"
b1000 &
#40592
0"
#40593
1"
b1001 &
#40594
0"
#40595
1"
b1010 &
#40596
0"
#40597
1"
b1011 &
#40598
0"
#40599
1"
b1100 &
#40600
0"
#40601
1"
b1101 &
#40602
0"
#40603
1"
b1110 &
#40604
0"
#40605
1"
b1111 &
#40606
0"
#40607
1"
b0000 &
#40608
0"
#40609
1"
b0001 &
#40610
0"
#40611
1"
b0010 &
#40612
0"
#40613
1"
b0011 &
#40614
0"
#40615
1"
b0100 &
#40616
0"
#40617
1"
b0101 &
#40618
0"
#40619
1"
b0110 &
#40620
0"
#40621
1"
b0111 &
#40622
0"
#40623
1"
b1000 &
#40624
0"
#40625
1"
b1001 &
#40626
0"
#40627
1"
b1010 &
#40628
0"
#40629
1"
b1011 &
#40630
0"
#40631
1"
b1100 &
#40632
0"
#40633
1"
b1101 &
#40634
0"
#40635
1"
b1110 &
#40636
0"
#40637
1"
b1111 &
#40638
0"
#40639
1"
b0000 &
#40640
0"
#40641
1"
b0001 &
#40642
0"
#40643
1"
b0010 &
#40644
0"
#40645
1"
b0011 &
#40646
0"
#40647
1"
b0100 &
#40648
0"
#40649
1"
b0101 &
#40650
0"
#40651
1"
b0110 &
#40652
0"
#40653
1"
b0111 &
#40654
0"
#40655
1"
b1000 &
#40656
0"
#40657
1"
b1001 &
#40658
0"
#40659
1"
b1010 &
#40660
0"
#40661
1"
b1011 &
#40662
0"
#40663
1"
b1100 &
#40664
0"
#40665
1"
b1101 &
#40666
0"
#40667
1"
b1110 &
#40668
0"
#40669
1"
b1111 &
#40670
0"
#40671
1"
b0000 &
#40672
0"
#40673
1"
b0001 &
#40674
0"
#40675
1"
b0010 &
#40676
0"
#40677
1"
b0011 &
#40678
0"
#40679
1"
b0100 &
#40680
0"
#40681
1"
b0101 &
#40682
0"
#40683
1"
b0110 &
#40684
0"
#40685
1"
b0111 &
#40686
0"
#40687
1"
b1000 &
#40688
0"
#40689
1"
b1001 &
#40690
0"
#40691
1"
b1010 &
#40692
0"
#40693
1"
b1011 &
#40694
0"
#40695
1"
b1100 &
#40696
0"
#40697
1"
b1101 &
#40698
0"
#40699
1"
b1110 &
#40700
0"
#40701
1"
b1111 &
#40702
0"
#40703
1"
b0000 &
#40704
0"
#40705
1"
b0001 &
#40706
0"
#40707
1"
b0010 &
#40708
0"
#40709
1"
b0011 &
#40710
0"
#40711
1"
b0100 &
#40712
0"
#40713
1"
b0101 &
#40714
0"
#40715
1"
b0110 &
#40716
0"
#40717
1"
b0111 &
#40718
0"
#40719
1"
b1000 &
#40720
0"
#40721
1"
b1001 &
#40722
0"
#40723
1"
b1010 &
#40724
0"
#40725
1"
b1011 &
#40726
0"
#40727
1"
b1100 &
#40728
0"
#40729
1"
b1101 &
#40730
0"
#40731
1"
b1110 &
#40732
0"
#40733
1"
b1111 &
#40734
0"
#40735
1"
b0000 &
#40736
0"
#40737
1"
b0001 &
#40738
0"
#40739
1"
b0010 &
#40740
0"
#40741
1"
b0011 &
#40742
0"
#40743
1"
b0100 &
#40744
0"
#40745
1"
b0101 &
#40746
0"
#40747
1"
b0110 &
#40748
0"
#40749
1"
b0111 &
#40750
0"
#40751
1"
b1000 &
#40752
0"
#40753
1"
b1001 &
#40754
0"
#40755
1"
b1010 &
#40756
0"
#40757
1"
b1011 &
#40758
0"
#40759
1"
b1100 &
#40760
0"
#40761
1"
b1101 &
#40762
0"
#40763
1"
b1110 &
#40764
0"
#40765
1"
b1111 &
#40766
0"
#40767
1"
b0000 &
#40768
0"
#40769
1"
b0001 &
#40770
0"
#40771
1"
b0010 &
#40772
0"
#40773
1"
b0011 &
#40774
0"
#40775
1"
b0100 &
#40776
0"
#40777
1"
b0101 &
#40778
0"
#40779
1"
b0110 &
#40780
0"
#40781
1"
b0111 &
#40782
0"
#40783
1"
b1000 &
#40784
0"
#40785
1"
b1001 &
#40786
0"
#40787
1"
b1010 &
#40788
0"
#40789
1"
b1011 &
#40790
0"
#40791
1"
b1100 &
#40792
0"
#40793
1"
b1101 &
#40794
0"
#40795
1"
b1110 &
#40796
0"
#40797
1"
b1111 &
#40798
0"
#40799
1"
b0000 &
#40800
0"
#40801
1"
b0001 &
#40802
0"
#40803
1"
b0010 &
#40804
0"
#40805
1"
b0011 &
#40806
0"
#40807
1"
b0100 &
#40808
0"
#40809
1"
b0101 &
#40810
0"
#40811
1"
b0110 &
#40812
0"
#40813
1"
b0111 &
#40814
0"
#40815
1"
b1000 &
#40816
0"
#40817
1"
b1001 &
#40818
0"
#40819
1"
b1010 &
#40820
0"
#40821
1"
b1011 &
#40822
0"
#40823
1"
b1100 &
#40824
0"
#40825
1"
b1101 &
#40826
0"
#40827
1"
b1110 &
#40828
0"
#40829
1"
b1111 &
#40830
0"
#40831
1"
b0000 &
#40832
0"
#40833
1"
b0001 &
#40834
0"
#40835
1"
b0010 &
#40836
0"
#40837
1"
b0011 &
#40838
0"
#40839
1"
b0100 &
#40840
0"
#40841
1"
b0101 &
#40842
0"
#40843
1"
b0110 &
#40844
0"
#40845
1"
b0111 &
#40846
0"
#40847
1"
b1000 &
#40848
0"
#40849
1"
b1001 &
#40850
0"
#40851
1"
b1010 &
#40852
0"
#40853
1"
b1011 &
#40854
0"
#40855
1"
b1100 &
#40856
0"
#40857
1"
b1101 &
#40858
0"
#40859
1"
b1110 &
#40860
0"
#40861
1"
b1111 &
#40862
0"
#40863
1"
b0000 &
#40864
0"
#40865
1"
b0001 &
#40866
0"
#40867
1"
b0010 &
#40868
0"
#40869
1"
b0011 &
#40870
0"
#40871
1"
b0100 &
#40872
0"
#40873
1"
b0101 &
#40874
0"
#40875
1"
b0110 &
#40876
0"
#40877
1"
b0111 &
#40878
0"
#40879
1"
b1000 &
#40880
0"
#40881
1"
b1001 &
#40882
0"
#40883
1"
b1010 &
#40884
0"
#40885
1"
b1011 &
#40886
0"
#40887
1"
b1100 &
#40888
0"
#40889
1"
b1101 &
#40890
0"
#40891
1"
b1110 &
#40892
0"
#40893
1"
b1111 &
#40894
0"
#40895
1"
b0000 &
#40896
0"
#40897
1"
b0001 &
#40898
0"
#40899
1"
b0010 &
#40900
0"
#40901
1"
b0011 &
#40902
0"
#40903
1"
b0100 &
#40904
0"
#40905
1"
b0101 &
#40906
0"
#40907
1"
b0110 &
#40908
0"
#40909
1"
b0111 &
#40910
0"
#40911
1"
b1000 &
#40912
0"
#40913
1"
b1001 &
#40914
0"
#40915
1"
b1010 &
#40916
0"
#40917
1"
b1011 &
#40918
0"
#40919
1"
b1100 &
#40920
0"
#40921
1"
b1101 &
#40922
0"
#40923
1"
b1110 &
#40924
0"
#40925
1"
b1111 &
#40926
0"
#40927
1"
b0000 &
#40928
0"
#40929
1"
b0001 &
#40930
0"
#40931
1"
b0010 &
#40932
0"
#40933
1"
b0011 &
#40934
0"
#40935
1"
b0100 &
#40936
0"
#40937
1"
b0101 &
#40938
0"
#40939
1"
b0110 &
#40940
0"
#40941
1"
b0111 &
#40942
0"
#40943
1"
b1000 &
#40944
0"
#40945
1"
b1001 &
#40946
0"
#40947
1"
b1010 &
#40948
0"
#40949
1"
b1011 &
#40950
0"
#40951
1"
b1100 &
#40952
0"
#40953
1"
b1101 &
#40954
0"
#40955
1"
b1110 &
#40956
0"
#40957
1"
b1111 &
#40958
0"
#40959
1"
b0000 &
#40960
0"
#40961
1"
b0001 &
#40962
0"
#40963
1"
b0010 &
#40964
0"
#40965
1"
b0011 &
#40966
0"
#40967
1"
b0100 &
#40968
0"
#40969
1"
b0101 &
#40970
0"
#40971
1"
b0110 &
#40972
0"
#40973
1"
b0111 &
#40974
0"
#40975
1"
b1000 &
#40976
0"
#40977
1"
b1001 &
#40978
0"
#40979
1"
b1010 &
#40980
0"
#40981
1"
b1011 &
#40982
0"
#40983
1"
b1100 &
#40984
0"
#40985
1"
b1101 &
#40986
0"
#40987
1"
b1110 &
#40988
0"
#40989
1"
b1111 &
#40990
0"
#40991
1"
b0000 &
#40992
0"
#40993
1"
b0001 &
#40994
0"
#40995
1"
b0010 &
#40996
0"
#40997
1"
b0011 &
#40998
0"
#40999
1"
b0100 &
#41000
0"
#41001
1"
b0101 &
#41002
0"
#41003
1"
b0110 &
#41004
0"
#41005
1"
b0111 &
#41006
0"
#41007
1"
b1000 &
#41008
0"
#41009
1"
b1001 &
#41010
0"
#41011
1"
b1010 &
#41012
0"
#41013
1"
b1011 &
#41014
0"
#41015
1"
b1100 &
#41016
0"
#41017
1"
b1101 &
#41018
0"
#41019
1"
b1110 &
#41020
0"
#41021
1"
b1111 &
#41022
0"
#41023
1"
b0000 &
#41024
0"
#41025
1"
b0001 &
#41026
0"
#41027
1"
b0010 &
#41028
0"
#41029
1"
b0011 &
#41030
0"
#41031
1"
b0100 &
#41032
0"
#41033
1"
b0101 &
#41034
0"
#41035
1"
b0110 &
#41036
0"
#41037
1"
b0111 &
#41038
0"
#41039
1"
b1000 &
#41040
0"
#41041
1"
b1001 &
#41042
0"
#41043
1"
b1010 &
#41044
0"
#41045
1"
b1011 &
#41046
0"
#41047
1"
b1100 &
#41048
0"
#41049
1"
b1101 &
#41050
0"
#41051
1"
b1110 &
#41052
0"
#41053
1"
b1111 &
#41054
0"
#41055
1"
b0000 &
#41056
0"
#41057
1"
b0001 &
#41058
0"
#41059
1"
b0010 &
#41060
0"
#41061
1"
b0011 &
#41062
0"
#41063
1"
b0100 &
#41064
0"
#41065
1"
b0101 &
#41066
0"
#41067
1"
b0110 &
#41068
0"
#41069
1"
b0111 &
#41070
0"
#41071
1"
b1000 &
#41072
0"
#41073
1"
b1001 &
#41074
0"
#41075
1"
b1010 &
#41076
0"
#41077
1"
b1011 &
#41078
0"
#41079
1"
b1100 &
#41080
0"
#41081
1"
b1101 &
#41082
0"
#41083
1"
b1110 &
#41084
0"
#41085
1"
b1111 &
#41086
0"
#41087
1"
b0000 &
#41088
0"
#41089
1"
b0001 &
#41090
0"
#41091
1"
b0010 &
#41092
0"
#41093
1"
b0011 &
#41094
0"
#41095
1"
b0100 &
#41096
0"
#41097
1"
b0101 &
#41098
0"
#41099
1"
b0110 &
#41100
0"
#41101
1"
b0111 &
#41102
0"
#41103
1"
b1000 &
#41104
0"
#41105
1"
b1001 &
#41106
0"
#41107
1"
b1010 &
#41108
0"
#41109
1"
b1011 &
#41110
0"
#41111
1"
b1100 &
#41112
0"
#41113
1"
b1101 &
#41114
0"
#41115
1"
b1110 &
#41116
0"
#41117
1"
b1111 &
#41118
0"
#41119
1"
b0000 &
#41120
0"
#41121
1"
b0001 &
#41122
0"
#41123
1"
b0010 &
#41124
0"
#41125
1"
b0011 &
#41126
0"
#41127
1"
b0100 &
#41128
0"
#41129
1"
b0101 &
#41130
0"
#41131
1"
b0110 &
#41132
0"
#41133
1"
b0111 &
#41134
0"
#41135
1"
b1000 &
#41136
0"
#41137
1"
b1001 &
#41138
0"
#41139
1"
b1010 &
#41140
0"
#41141
1"
b1011 &
#41142
0"
#41143
1"
b1100 &
#41144
0"
#41145
1"
b1101 &
#41146
0"
#41147
1"
b1110 &
#41148
0"
#41149
1"
b1111 &
#41150
0"
#41151
1"
b0000 &
#41152
0"
#41153
1"
b0001 &
#41154
0"
#41155
1"
b0010 &
#41156
0"
#41157
1"
b0011 &
#41158
0"
#41159
1"
b0100 &
#41160
0"
#41161
1"
b0101 &
#41162
0"
#41163
1"
b0110 &
#41164
0"
#41165
1"
b0111 &
#41166
0"
#41167
1"
b1000 &
#41168
0"
#41169
1"
b1001 &
#41170
0"
#41171
1"
b1010 &
#41172
0"
#41173
1"
b1011 &
#41174
0"
#41175
1"
b1100 &
#41176
0"
#41177
1"
b1101 &
#41178
0"
#41179
1"
b1110 &
#41180
0"
#41181
1"
b1111 &
#41182
0"
#41183
1"
b0000 &
#41184
0"
#41185
1"
b0001 &
#41186
0"
#41187
1"
b0010 &
#41188
0"
#41189
1"
b0011 &
#41190
0"
#41191
1"
b0100 &
#41192
0"
#41193
1"
b0101 &
#41194
0"
#41195
1"
b0110 &
#41196
0"
#41197
1"
b0111 &
#41198
0"
#41199
1"
b1000 &
#41200
0"
#41201
1"
b1001 &
#41202
0"
#41203
1"
b1010 &
#41204
0"
#41205
1"
b1011 &
#41206
0"
#41207
1"
b1100 &
#41208
0"
#41209
1"
b1101 &
#41210
0"
#41211
1"
b1110 &
#41212
0"
#41213
1"
b1111 &
#41214
0"
#41215
1"
b0000 &
#41216
0"
#41217
1"
b0001 &
#41218
0"
#41219
1"
b0010 &
#41220
0"
#41221
1"
b0011 &
#41222
0"
#41223
1"
b0100 &
#41224
0"
#41225
1"
b0101 &
#41226
0"
#41227
1"
b0110 &
#41228
0"
#41229
1"
b0111 &
#41230
0"
#41231
1"
b1000 &
#41232
0"
#41233
1"
b1001 &
#41234
0"
#41235
1"
b1010 &
#41236
0"
#41237
1"
b1011 &
#41238
0"
#41239
1"
b1100 &
#41240
0"
#41241
1"
b1101 &
#41242
0"
#41243
1"
b1110 &
#41244
0"
#41245
1"
b1111 &
#41246
0"
#41247
1"
b0000 &
#41248
0"
#41249
1"
b0001 &
#41250
0"
#41251
1"
b0010 &
#41252
0"
#41253
1"
b0011 &
#41254
0"
#41255
1"
b0100 &
#41256
0"
#41257
1"
b0101 &
#41258
0"
#41259
1"
b0110 &
#41260
0"
#41261
1"
b0111 &
#41262
0"
#41263
1"
b1000 &
#41264
0"
#41265
1"
b1001 &
#41266
0"
#41267
1"
b1010 &
#41268
0"
#41269
1"
b1011 &
#41270
0"
#41271
1"
b1100 &
#41272
0"
#41273
1"
b1101 &
#41274
0"
#41275
1"
b1110 &
#41276
0"
#41277
1"
b1111 &
#41278
0"
#41279
1"
b0000 &
#41280
0"
#41281
1"
b0001 &
#41282
0"
#41283
1"
b0010 &
#41284
0"
#41285
1"
b0011 &
#41286
0"
#41287
1"
b0100 &
#41288
0"
#41289
1"
b0101 &
#41290
0"
#41291
1"
b0110 &
#41292
0"
#41293
1"
b0111 &
#41294
0"
#41295
1"
b1000 &
#41296
0"
#41297
1"
b1001 &
#41298
0"
#41299
1"
b1010 &
#41300
0"
#41301
1"
b1011 &
#41302
0"
#41303
1"
b1100 &
#41304
0"
#41305
1"
b1101 &
#41306
0"
#41307
1"
b1110 &
#41308
0"
#41309
1"
b1111 &
#41310
0"
#41311
1"
b0000 &
#41312
0"
#41313
1"
b0001 &
#41314
0"
#41315
1"
b0010 &
#41316
0"
#41317
1"
b0011 &
#41318
0"
#41319
1"
b0100 &
#41320
0"
#41321
1"
b0101 &
#41322
0"
#41323
1"
b0110 &
#41324
0"
#41325
1"
b0111 &
#41326
0"
#41327
1"
b1000 &
#41328
0"
#41329
1"
b1001 &
#41330
0"
#41331
1"
b1010 &
#41332
0"
#41333
1"
b1011 &
#41334
0"
#41335
1"
b1100 &
#41336
0"
#41337
1"
b1101 &
#41338
0"
#41339
1"
b1110 &
#41340
0"
#41341
1"
b1111 &
#41342
0"
#41343
1"
b0000 &
#41344
0"
#41345
1"
b0001 &
#41346
0"
#41347
1"
b0010 &
#41348
0"
#41349
1"
b0011 &
#41350
0"
#41351
1"
b0100 &
#41352
0"
#41353
1"
b0101 &
#41354
0"
#41355
1"
b0110 &
#41356
0"
#41357
1"
b0111 &
#41358
0"
#41359
1"
b1000 &
#41360
0"
#41361
1"
b1001 &
#41362
0"
#41363
1"
b1010 &
#41364
0"
#41365
1"
b1011 &
#41366
0"
#41367
1"
b1100 &
#41368
0"
#41369
1"
b1101 &
#41370
0"
#41371
1"
b1110 &
#41372
0"
#41373
1"
b1111 &
#41374
0"
#41375
1"
b0000 &
#41376
0"
#41377
1"
b0001 &
#41378
0"
#41379
1"
b0010 &
#41380
0"
#41381
1"
b0011 &
#41382
0"
#41383
1"
b0100 &
#41384
0"
#41385
1"
b0101 &
#41386
0"
#41387
1"
b0110 &
#41388
0"
#41389
1"
b0111 &
#41390
0"
#41391
1"
b1000 &
#41392
0"
#41393
1"
b1001 &
#41394
0"
#41395
1"
b1010 &
#41396
0"
#41397
1"
b1011 &
#41398
0"
#41399
1"
b1100 &
#41400
0"
#41401
1"
b1101 &
#41402
0"
#41403
1"
b1110 &
#41404
0"
#41405
1"
b1111 &
#41406
0"
#41407
1"
b0000 &
#41408
0"
#41409
1"
b0001 &
#41410
0"
#41411
1"
b0010 &
#41412
0"
#41413
1"
b0011 &
#41414
0"
#41415
1"
b0100 &
#41416
0"
#41417
1"
b0101 &
#41418
0"
#41419
1"
b0110 &
#41420
0"
#41421
1"
b0111 &
#41422
0"
#41423
1"
b1000 &
#41424
0"
#41425
1"
b1001 &
#41426
0"
#41427
1"
b1010 &
#41428
0"
#41429
1"
b1011 &
#41430
0"
#41431
1"
b1100 &
#41432
0"
#41433
1"
b1101 &
#41434
0"
#41435
1"
b1110 &
#41436
0"
#41437
1"
b1111 &
#41438
0"
#41439
1"
b0000 &
#41440
0"
#41441
1"
b0001 &
#41442
0"
#41443
1"
b0010 &
#41444
0"
#41445
1"
b0011 &
#41446
0"
#41447
1"
b0100 &
#41448
0"
#41449
1"
b0101 &
#41450
0"
#41451
1"
b0110 &
#41452
0"
#41453
1"
b0111 &
#41454
0"
#41455
1"
b1000 &
#41456
0"
#41457
1"
b1001 &
#41458
0"
#41459
1"
b1010 &
#41460
0"
#41461
1"
b1011 &
#41462
0"
#41463
1"
b1100 &
#41464
0"
#41465
1"
b1101 &
#41466
0"
#41467
1"
b1110 &
#41468
0"
#41469
1"
b1111 &
#41470
0"
#41471
1"
b0000 &
#41472
0"
#41473
1"
b0001 &
#41474
0"
#41475
1"
b0010 &
#41476
0"
#41477
1"
b0011 &
#41478
0"
#41479
1"
b0100 &
#41480
0"
#41481
1"
b0101 &
#41482
0"
#41483
1"
b0110 &
#41484
0"
#41485
1"
b0111 &
#41486
0"
#41487
1"
b1000 &
#41488
0"
#41489
1"
b1001 &
#41490
0"
#41491
1"
b1010 &
#41492
0"
#41493
1"
b1011 &
#41494
0"
#41495
1"
b1100 &
#41496
0"
#41497
1"
b1101 &
#41498
0"
#41499
1"
b1110 &
#41500
0"
#41501
1"
b1111 &
#41502
0"
#41503
1"
b0000 &
#41504
0"
#41505
1"
b0001 &
#41506
0"
#41507
1"
b0010 &
#41508
0"
#41509
1"
b0011 &
#41510
0"
#41511
1"
b0100 &
#41512
0"
#41513
1"
b0101 &
#41514
0"
#41515
1"
b0110 &
#41516
0"
#41517
1"
b0111 &
#41518
0"
#41519
1"
b1000 &
#41520
0"
#41521
1"
b1001 &
#41522
0"
#41523
1"
b1010 &
#41524
0"
#41525
1"
b1011 &
#41526
0"
#41527
1"
b1100 &
#41528
0"
#41529
1"
b1101 &
#41530
0"
#41531
1"
b1110 &
#41532
0"
#41533
1"
b1111 &
#41534
0"
#41535
1"
b0000 &
#41536
0"
#41537
1"
b0001 &
#41538
0"
#41539
1"
b0010 &
#41540
0"
#41541
1"
b0011 &
#41542
0"
#41543
1"
b0100 &
#41544
0"
#41545
1"
b0101 &
#41546
0"
#41547
1"
b0110 &
#41548
0"
#41549
1"
b0111 &
#41550
0"
#41551
1"
b1000 &
#41552
0"
#41553
1"
b1001 &
#41554
0"
#41555
1"
b1010 &
#41556
0"
#41557
1"
b1011 &
#41558
0"
#41559
1"
b1100 &
#41560
0"
#41561
1"
b1101 &
#41562
0"
#41563
1"
b1110 &
#41564
0"
#41565
1"
b1111 &
#41566
0"
#41567
1"
b0000 &
#41568
0"
#41569
1"
b0001 &
#41570
0"
#41571
1"
b0010 &
#41572
0"
#41573
1"
b0011 &
#41574
0"
#41575
1"
b0100 &
#41576
0"
#41577
1"
b0101 &
#41578
0"
#41579
1"
b0110 &
#41580
0"
#41581
1"
b0111 &
#41582
0"
#41583
1"
b1000 &
#41584
0"
#41585
1"
b1001 &
#41586
0"
#41587
1"
b1010 &
#41588
0"
#41589
1"
b1011 &
#41590
0"
#41591
1"
b1100 &
#41592
0"
#41593
1"
b1101 &
#41594
0"
#41595
1"
b1110 &
#41596
0"
#41597
1"
b1111 &
#41598
0"
#41599
1"
b0000 &
#41600
0"
#41601
1"
b0001 &
#41602
0"
#41603
1"
b0010 &
#41604
0"
#41605
1"
b0011 &
#41606
0"
#41607
1"
b0100 &
#41608
0"
#41609
1"
b0101 &
#41610
0"
#41611
1"
b0110 &
#41612
0"
#41613
1"
b0111 &
#41614
0"
#41615
1"
b1000 &
#41616
0"
#41617
1"
b1001 &
#41618
0"
#41619
1"
b1010 &
#41620
0"
#41621
1"
b1011 &
#41622
0"
#41623
1"
b1100 &
#41624
0"
#41625
1"
b1101 &
#41626
0"
#41627
1"
b1110 &
#41628
0"
#41629
1"
b1111 &
#41630
0"
#41631
1"
b0000 &
#41632
0"
#41633
1"
b0001 &
#41634
0"
#41635
1"
b0010 &
#41636
0"
#41637
1"
b0011 &
#41638
0"
#41639
1"
b0100 &
#41640
0"
#41641
1"
b0101 &
#41642
0"
#41643
1"
b0110 &
#41644
0"
#41645
1"
b0111 &
#41646
0"
#41647
1"
b1000 &
#41648
0"
#41649
1"
b1001 &
#41650
0"
#41651
1"
b1010 &
#41652
0"
#41653
1"
b1011 &
#41654
0"
#41655
1"
b1100 &
#41656
0"
#41657
1"
b1101 &
#41658
0"
#41659
1"
b1110 &
#41660
0"
#41661
1"
b1111 &
#41662
0"
#41663
1"
b0000 &
#41664
0"
#41665
1"
b0001 &
#41666
0"
#41667
1"
b0010 &
#41668
0"
#41669
1"
b0011 &
#41670
0"
#41671
1"
b0100 &
#41672
0"
#41673
1"
b0101 &
#41674
0"
#41675
1"
b0110 &
#41676
0"
#41677
1"
b0111 &
#41678
0"
#41679
1"
b1000 &
#41680
0"
#41681
1"
b1001 &
#41682
0"
#41683
1"
b1010 &
#41684
0"
#41685
1"
b1011 &
#41686
0"
#41687
1"
b1100 &
#41688
0"
#41689
1"
b1101 &
#41690
0"
#41691
1"
b1110 &
#41692
0"
#41693
1"
b1111 &
#41694
0"
#41695
1"
b0000 &
#41696
0"
#41697
1"
b0001 &
#41698
0"
#41699
1"
b0010 &
#41700
0"
#41701
1"
b0011 &
#41702
0"
#41703
1"
b0100 &
#41704
0"
#41705
1"
b0101 &
#41706
0"
#41707
1"
b0110 &
#41708
0"
#41709
1"
b0111 &
#41710
0"
#41711
1"
b1000 &
#41712
0"
#41713
1"
b1001 &
#41714
0"
#41715
1"
b1010 &
#41716
0"
#41717
1"
b1011 &
#41718
0"
#41719
1"
b1100 &
#41720
0"
#41721
1"
b1101 &
#41722
0"
#41723
1"
b1110 &
#41724
0"
#41725
1"
b1111 &
#41726
0"
#41727
1"
b0000 &
#41728
0"
#41729
1"
b0001 &
#41730
0"
#41731
1"
b0010 &
#41732
0"
#41733
1"
b0011 &
#41734
0"
#41735
1"
b0100 &
#41736
0"
#41737
1"
b0101 &
#41738
0"
#41739
1"
b0110 &
#41740
0"
#41741
1"
b0111 &
#41742
0"
#41743
1"
b1000 &
#41744
0"
#41745
1"
b1001 &
#41746
0"
#41747
1"
b1010 &
#41748
0"
#41749
1"
b1011 &
#41750
0"
#41751
1"
b1100 &
#41752
0"
#41753
1"
b1101 &
#41754
0"
#41755
1"
b1110 &
#41756
0"
#41757
1"
b1111 &
#41758
0"
#41759
1"
b0000 &
#41760
0"
#41761
1"
b0001 &
#41762
0"
#41763
1"
b0010 &
#41764
0"
#41765
1"
b0011 &
#41766
0"
#41767
1"
b0100 &
#41768
0"
#41769
1"
b0101 &
#41770
0"
#41771
1"
b0110 &
#41772
0"
#41773
1"
b0111 &
#41774
0"
#41775
1"
b1000 &
#41776
0"
#41777
1"
b1001 &
#41778
0"
#41779
1"
b1010 &
#41780
0"
#41781
1"
b1011 &
#41782
0"
#41783
1"
b1100 &
#41784
0"
#41785
1"
b1101 &
#41786
0"
#41787
1"
b1110 &
#41788
0"
#41789
1"
b1111 &
#41790
0"
#41791
1"
b0000 &
#41792
0"
#41793
1"
b0001 &
#41794
0"
#41795
1"
b0010 &
#41796
0"
#41797
1"
b0011 &
#41798
0"
#41799
1"
b0100 &
#41800
0"
#41801
1"
b0101 &
#41802
0"
#41803
1"
b0110 &
#41804
0"
#41805
1"
b0111 &
#41806
0"
#41807
1"
b1000 &
#41808
0"
#41809
1"
b1001 &
#41810
0"
#41811
1"
b1010 &
#41812
0"
#41813
1"
b1011 &
#41814
0"
#41815
1"
b1100 &
#41816
0"
#41817
1"
b1101 &
#41818
0"
#41819
1"
b1110 &
#41820
0"
#41821
1"
b1111 &
#41822
0"
#41823
1"
b0000 &
#41824
0"
#41825
1"
b0001 &
#41826
0"
#41827
1"
b0010 &
#41828
0"
#41829
1"
b0011 &
#41830
0"
#41831
1"
b0100 &
#41832
0"
#41833
1"
b0101 &
#41834
0"
#41835
1"
b0110 &
#41836
0"
#41837
1"
b0111 &
#41838
0"
#41839
1"
b1000 &
#41840
0"
#41841
1"
b1001 &
#41842
0"
#41843
1"
b1010 &
#41844
0"
#41845
1"
b1011 &
#41846
0"
#41847
1"
b1100 &
#41848
0"
#41849
1"
b1101 &
#41850
0"
#41851
1"
b1110 &
#41852
0"
#41853
1"
b1111 &
#41854
0"
#41855
1"
b0000 &
#41856
0"
#41857
1"
b0001 &
#41858
0"
#41859
1"
b0010 &
#41860
0"
#41861
1"
b0011 &
#41862
0"
#41863
1"
b0100 &
#41864
0"
#41865
1"
b0101 &
#41866
0"
#41867
1"
b0110 &
#41868
0"
#41869
1"
b0111 &
#41870
0"
#41871
1"
b1000 &
#41872
0"
#41873
1"
b1001 &
#41874
0"
#41875
1"
b1010 &
#41876
0"
#41877
1"
b1011 &
#41878
0"
#41879
1"
b1100 &
#41880
0"
#41881
1"
b1101 &
#41882
0"
#41883
1"
b1110 &
#41884
0"
#41885
1"
b1111 &
#41886
0"
#41887
1"
b0000 &
#41888
0"
#41889
1"
b0001 &
#41890
0"
#41891
1"
b0010 &
#41892
0"
#41893
1"
b0011 &
#41894
0"
#41895
1"
b0100 &
#41896
0"
#41897
1"
b0101 &
#41898
0"
#41899
1"
b0110 &
#41900
0"
#41901
1"
b0111 &
#41902
0"
#41903
1"
b1000 &
#41904
0"
#41905
1"
b1001 &
#41906
0"
#41907
1"
b1010 &
#41908
0"
#41909
1"
b1011 &
#41910
0"
#41911
1"
b1100 &
#41912
0"
#41913
1"
b1101 &
#41914
0"
#41915
1"
b1110 &
#41916
0"
#41917
1"
b1111 &
#41918
0"
#41919
1"
b0000 &
#41920
0"
#41921
1"
b0001 &
#41922
0"
#41923
1"
b0010 &
#41924
0"
#41925
1"
b0011 &
#41926
0"
#41927
1"
b0100 &
#41928
0"
#41929
1"
b0101 &
#41930
0"
#41931
1"
b0110 &
#41932
0"
#41933
1"
b0111 &
#41934
0"
#41935
1"
b1000 &
#41936
0"
#41937
1"
b1001 &
#41938
0"
#41939
1"
b1010 &
#41940
0"
#41941
1"
b1011 &
#41942
0"
#41943
1"
b1100 &
#41944
0"
#41945
1"
b1101 &
#41946
0"
#41947
1"
b1110 &
#41948
0"
#41949
1"
b1111 &
#41950
0"
#41951
1"
b0000 &
#41952
0"
#41953
1"
b0001 &
#41954
0"
#41955
1"
b0010 &
#41956
0"
#41957
1"
b0011 &
#41958
0"
#41959
1"
b0100 &
#41960
0"
#41961
1"
b0101 &
#41962
0"
#41963
1"
b0110 &
#41964
0"
#41965
1"
b0111 &
#41966
0"
#41967
1"
b1000 &
#41968
0"
#41969
1"
b1001 &
#41970
0"
#41971
1"
b1010 &
#41972
0"
#41973
1"
b1011 &
#41974
0"
#41975
1"
b1100 &
#41976
0"
#41977
1"
b1101 &
#41978
0"
#41979
1"
b1110 &
#41980
0"
#41981
1"
b1111 &
#41982
0"
#41983
1"
b0000 &
#41984
0"
#41985
1"
b0001 &
#41986
0"
#41987
1"
b0010 &
#41988
0"
#41989
1"
b0011 &
#41990
0"
#41991
1"
b0100 &
#41992
0"
#41993
1"
b0101 &
#41994
0"
#41995
1"
b0110 &
#41996
0"
#41997
1"
b0111 &
#41998
0"
#41999
1"
b1000 &
#42000
0"
#42001
1"
b1001 &
#42002
0"
#42003
1"
b1010 &
#42004
0"
#42005
1"
b1011 &
#42006
0"
#42007
1"
b1100 &
#42008
0"
#42009
1"
b1101 &
#42010
0"
#42011
1"
b1110 &
#42012
0"
#42013
1"
b1111 &
#42014
0"
#42015
1"
b0000 &
#42016
0"
#42017
1"
b0001 &
#42018
0"
#42019
1"
b0010 &
#42020
0"
#42021
1"
b0011 &
#42022
0"
#42023
1"
b0100 &
#42024
0"
#42025
1"
b0101 &
#42026
0"
#42027
1"
b0110 &
#42028
0"
#42029
1"
b0111 &
#42030
0"
#42031
1"
b1000 &
#42032
0"
#42033
1"
b1001 &
#42034
0"
#42035
1"
b1010 &
#42036
0"
#42037
1"
b1011 &
#42038
0"
#42039
1"
b1100 &
#42040
0"
#42041
1"
b1101 &
#42042
0"
#42043
1"
b1110 &
#42044
0"
#42045
1"
b1111 &
#42046
0"
#42047
1"
b0000 &
#42048
0"
#42049
1"
b0001 &
#42050
0"
#42051
1"
b0010 &
#42052
0"
#42053
1"
b0011 &
#42054
0"
#42055
1"
b0100 &
#42056
0"
#42057
1"
b0101 &
#42058
0"
#42059
1"
b0110 &
#42060
0"
#42061
1"
b0111 &
#42062
0"
#42063
1"
b1000 &
#42064
0"
#42065
1"
b1001 &
#42066
0"
#42067
1"
b1010 &
#42068
0"
#42069
1"
b1011 &
#42070
0"
#42071
1"
b1100 &
#42072
0"
#42073
1"
b1101 &
#42074
0"
#42075
1"
b1110 &
#42076
0"
#42077
1"
b1111 &
#42078
0"
#42079
1"
b0000 &
#42080
0"
#42081
1"
b0001 &
#42082
0"
#42083
1"
b0010 &
#42084
0"
#42085
1"
b0011 &
#42086
0"
#42087
1"
b0100 &
#42088
0"
#42089
1"
b0101 &
#42090
0"
#42091
1"
b0110 &
#42092
0"
#42093
1"
b0111 &
#42094
0"
#42095
1"
b1000 &
#42096
0"
#42097
1"
b1001 &
#42098
0"
#42099
1"
b1010 &
#42100
0"
#42101
1"
b1011 &
#42102
0"
#42103
1"
b1100 &
#42104
0"
#42105
1"
b1101 &
#42106
0"
#42107
1"
b1110 &
#42108
0"
#42109
1"
b1111 &
#42110
0"
#42111
1"
b0000 &
#42112
0"
#42113
1"
b0001 &
#42114
0"
#42115
1"
b0010 &
#42116
0"
#42117
1"
b0011 &
#42118
0"
#42119
1"
b0100 &
#42120
0"
#42121
1"
b0101 &
#42122
0"
#42123
1"
b0110 &
#42124
0"
#42125
1"
b0111 &
#42126
0"
#42127
1"
b1000 &
#42128
0"
#42129
1"
b1001 &
#42130
0"
#42131
1"
b1010 &
#42132
0"
#42133
1"
b1011 &
#42134
0"
#42135
1"
b1100 &
#42136
0"
#42137
1"
b1101 &
#42138
0"
#42139
1"
b1110 &
#42140
0"
#42141
1"
b1111 &
#42142
0"
#42143
1"
b0000 &
#42144
0"
#42145
1"
b0001 &
#42146
0"
#42147
1"
b0010 &
#42148
0"
#42149
1"
b0011 &
#42150
0"
#42151
1"
b0100 &
#42152
0"
#42153
1"
b0101 &
#42154
0"
#42155
1"
b0110 &
#42156
0"
#42157
1"
b0111 &
#42158
0"
#42159
1"
b1000 &
#42160
0"
#42161
1"
b1001 &
#42162
0"
#42163
1"
b1010 &
#42164
0"
#42165
1"
b1011 &
#42166
0"
#42167
1"
b1100 &
#42168
0"
#42169
1"
b1101 &
#42170
0"
#42171
1"
b1110 &
#42172
0"
#42173
1"
b1111 &
#42174
0"
#42175
1"
b0000 &
#42176
0"
#42177
1"
b0001 &
#42178
0"
#42179
1"
b0010 &
#42180
0"
#42181
1"
b0011 &
#42182
0"
#42183
1"
b0100 &
#42184
0"
#42185
1"
b0101 &
#42186
0"
#42187
1"
b0110 &
#42188
0"
#42189
1"
b0111 &
#42190
0"
#42191
1"
b1000 &
#42192
0"
#42193
1"
b1001 &
#42194
0"
#42195
1"
b1010 &
#42196
0"
#42197
1"
b1011 &
#42198
0"
#42199
1"
b1100 &
#42200
0"
#42201
1"
b1101 &
#42202
0"
#42203
1"
b1110 &
#42204
0"
#42205
1"
b1111 &
#42206
0"
#42207
1"
b0000 &
#42208
0"
#42209
1"
b0001 &
#42210
0"
#42211
1"
b0010 &
#42212
0"
#42213
1"
b0011 &
#42214
0"
#42215
1"
b0100 &
#42216
0"
#42217
1"
b0101 &
#42218
0"
#42219
1"
b0110 &
#42220
0"
#42221
1"
b0111 &
#42222
0"
#42223
1"
b1000 &
#42224
0"
#42225
1"
b1001 &
#42226
0"
#42227
1"
b1010 &
#42228
0"
#42229
1"
b1011 &
#42230
0"
#42231
1"
b1100 &
#42232
0"
#42233
1"
b1101 &
#42234
0"
#42235
1"
b1110 &
#42236
0"
#42237
1"
b1111 &
#42238
0"
#42239
1"
b0000 &
#42240
0"
#42241
1"
b0001 &
#42242
0"
#42243
1"
b0010 &
#42244
0"
#42245
1"
b0011 &
#42246
0"
#42247
1"
b0100 &
#42248
0"
#42249
1"
b0101 &
#42250
0"
#42251
1"
b0110 &
#42252
0"
#42253
1"
b0111 &
#42254
0"
#42255
1"
b1000 &
#42256
0"
#42257
1"
b1001 &
#42258
0"
#42259
1"
b1010 &
#42260
0"
#42261
1"
b1011 &
#42262
0"
#42263
1"
b1100 &
#42264
0"
#42265
1"
b1101 &
#42266
0"
#42267
1"
b1110 &
#42268
0"
#42269
1"
b1111 &
#42270
0"
#42271
1"
b0000 &
#42272
0"
#42273
1"
b0001 &
#42274
0"
#42275
1"
b0010 &
#42276
0"
#42277
1"
b0011 &
#42278
0"
#42279
1"
b0100 &
#42280
0"
#42281
1"
b0101 &
#42282
0"
#42283
1"
b0110 &
#42284
0"
#42285
1"
b0111 &
#42286
0"
#42287
1"
b1000 &
#42288
0"
#42289
1"
b1001 &
#42290
0"
#42291
1"
b1010 &
#42292
0"
#42293
1"
b1011 &
#42294
0"
#42295
1"
b1100 &
#42296
0"
#42297
1"
b1101 &
#42298
0"
#42299
1"
b1110 &
#42300
0"
#42301
1"
b1111 &
#42302
0"
#42303
1"
b0000 &
#42304
0"
#42305
1"
b0001 &
#42306
0"
#42307
1"
b0010 &
#42308
0"
#42309
1"
b0011 &
#42310
0"
#42311
1"
b0100 &
#42312
0"
#42313
1"
b0101 &
#42314
0"
#42315
1"
b0110 &
#42316
0"
#42317
1"
b0111 &
#42318
0"
#42319
1"
b1000 &
#42320
0"
#42321
1"
b1001 &
#42322
0"
#42323
1"
b1010 &
#42324
0"
#42325
1"
b1011 &
#42326
0"
#42327
1"
b1100 &
#42328
0"
#42329
1"
b1101 &
#42330
0"
#42331
1"
b1110 &
#42332
0"
#42333
1"
b1111 &
#42334
0"
#42335
1"
b0000 &
#42336
0"
#42337
1"
b0001 &
#42338
0"
#42339
1"
b0010 &
#42340
0"
#42341
1"
b0011 &
#42342
0"
#42343
1"
b0100 &
#42344
0"
#42345
1"
b0101 &
#42346
0"
#42347
1"
b0110 &
#42348
0"
#42349
1"
b0111 &
#42350
0"
#42351
1"
b1000 &
#42352
0"
#42353
1"
b1001 &
#42354
0"
#42355
1"
b1010 &
#42356
0"
#42357
1"
b1011 &
#42358
0"
#42359
1"
b1100 &
#42360
0"
#42361
1"
b1101 &
#42362
0"
#42363
1"
b1110 &
#42364
0"
#42365
1"
b1111 &
#42366
0"
#42367
1"
b0000 &
#42368
0"
#42369
1"
b0001 &
#42370
0"
#42371
1"
b0010 &
#42372
0"
#42373
1"
b0011 &
#42374
0"
#42375
1"
b0100 &
#42376
0"
#42377
1"
b0101 &
#42378
0"
#42379
1"
b0110 &
#42380
0"
#42381
1"
b0111 &
#42382
0"
#42383
1"
b1000 &
#42384
0"
#42385
1"
b1001 &
#42386
0"
#42387
1"
b1010 &
#42388
0"
#42389
1"
b1011 &
#42390
0"
#42391
1"
b1100 &
#42392
0"
#42393
1"
b1101 &
#42394
0"
#42395
1"
b1110 &
#42396
0"
#42397
1"
b1111 &
#42398
0"
#42399
1"
b0000 &
#42400
0"
#42401
1"
b0001 &
#42402
0"
#42403
1"
b0010 &
#42404
0"
#42405
1"
b0011 &
#42406
0"
#42407
1"
b0100 &
#42408
0"
#42409
1"
b0101 &
#42410
0"
#42411
1"
b0110 &
#42412
0"
#42413
1"
b0111 &
#42414
0"
#42415
1"
b1000 &
#42416
0"
#42417
1"
b1001 &
#42418
0"
#42419
1"
b1010 &
#42420
0"
#42421
1"
b1011 &
#42422
0"
#42423
1"
b1100 &
#42424
0"
#42425
1"
b1101 &
#42426
0"
#42427
1"
b1110 &
#42428
0"
#42429
1"
b1111 &
#42430
0"
#42431
1"
b0000 &
#42432
0"
#42433
1"
b0001 &
#42434
0"
#42435
1"
b0010 &
#42436
0"
#42437
1"
b0011 &
#42438
0"
#42439
1"
b0100 &
#42440
0"
#42441
1"
b0101 &
#42442
0"
#42443
1"
b0110 &
#42444
0"
#42445
1"
b0111 &
#42446
0"
#42447
1"
b1000 &
#42448
0"
#42449
1"
b1001 &
#42450
0"
#42451
1"
b1010 &
#42452
0"
#42453
1"
b1011 &
#42454
0"
#42455
1"
b1100 &
#42456
0"
#42457
1"
b1101 &
#42458
0"
#42459
1"
b1110 &
#42460
0"
#42461
1"
b1111 &
#42462
0"
#42463
1"
b0000 &
#42464
0"
#42465
1"
b0001 &
#42466
0"
#42467
1"
b0010 &
#42468
0"
#42469
1"
b0011 &
#42470
0"
#42471
1"
b0100 &
#42472
0"
#42473
1"
b0101 &
#42474
0"
#42475
1"
b0110 &
#42476
0"
#42477
1"
b0111 &
#42478
0"
#42479
1"
b1000 &
#42480
0"
#42481
1"
b1001 &
#42482
0"
#42483
1"
b1010 &
#42484
0"
#42485
1"
b1011 &
#42486
0"
#42487
1"
b1100 &
#42488
0"
#42489
1"
b1101 &
#42490
0"
#42491
1"
b1110 &
#42492
0"
#42493
1"
b1111 &
#42494
0"
#42495
1"
b0000 &
#42496
0"
#42497
1"
b0001 &
#42498
0"
#42499
1"
b0010 &
#42500
0"
#42501
1"
b0011 &
#42502
0"
#42503
1"
b0100 &
#42504
0"
#42505
1"
b0101 &
#42506
0"
#42507
1"
b0110 &
#42508
0"
#42509
1"
b0111 &
#42510
0"
#42511
1"
b1000 &
#42512
0"
#42513
1"
b1001 &
#42514
0"
#42515
1"
b1010 &
#42516
0"
#42517
1"
b1011 &
#42518
0"
#42519
1"
b1100 &
#42520
0"
#42521
1"
b1101 &
#42522
0"
#42523
1"
b1110 &
#42524
0"
#42525
1"
b1111 &
#42526
0"
#42527
1"
b0000 &
#42528
0"
#42529
1"
b0001 &
#42530
0"
#42531
1"
b0010 &
#42532
0"
#42533
1"
b0011 &
#42534
0"
#42535
1"
b0100 &
#42536
0"
#42537
1"
b0101 &
#42538
0"
#42539
1"
b0110 &
#42540
0"
#42541
1"
b0111 &
#42542
0"
#42543
1"
b1000 &
#42544
0"
#42545
1"
b1001 &
#42546
0"
#42547
1"
b1010 &
#42548
0"
#42549
1"
b1011 &
#42550
0"
#42551
1"
b1100 &
#42552
0"
#42553
1"
b1101 &
#42554
0"
#42555
1"
b1110 &
#42556
0"
#42557
1"
b1111 &
#42558
0"
#42559
1"
b0000 &
#42560
0"
#42561
1"
b0001 &
#42562
0"
#42563
1"
b0010 &
#42564
0"
#42565
1"
b0011 &
#42566
0"
#42567
1"
b0100 &
#42568
0"
#42569
1"
b0101 &
#42570
0"
#42571
1"
b0110 &
#42572
0"
#42573
1"
b0111 &
#42574
0"
#42575
1"
b1000 &
#42576
0"
#42577
1"
b1001 &
#42578
0"
#42579
1"
b1010 &
#42580
0"
#42581
1"
b1011 &
#42582
0"
#42583
1"
b1100 &
#42584
0"
#42585
1"
b1101 &
#42586
0"
#42587
1"
b1110 &
#42588
0"
#42589
1"
b1111 &
#42590
0"
#42591
1"
b0000 &
#42592
0"
#42593
1"
b0001 &
#42594
0"
#42595
1"
b0010 &
#42596
0"
#42597
1"
b0011 &
#42598
0"
#42599
1"
b0100 &
#42600
0"
#42601
1"
b0101 &
#42602
0"
#42603
1"
b0110 &
#42604
0"
#42605
1"
b0111 &
#42606
0"
#42607
1"
b1000 &
#42608
0"
#42609
1"
b1001 &
#42610
0"
#42611
1"
b1010 &
#42612
0"
#42613
1"
b1011 &
#42614
0"
#42615
1"
b1100 &
#42616
0"
#42617
1"
b1101 &
#42618
0"
#42619
1"
b1110 &
#42620
0"
#42621
1"
b1111 &
#42622
0"
#42623
1"
b0000 &
#42624
0"
#42625
1"
b0001 &
#42626
0"
#42627
1"
b0010 &
#42628
0"
#42629
1"
b0011 &
#42630
0"
#42631
1"
b0100 &
#42632
0"
#42633
1"
b0101 &
#42634
0"
#42635
1"
b0110 &
#42636
0"
#42637
1"
b0111 &
#42638
0"
#42639
1"
b1000 &
#42640
0"
#42641
1"
b1001 &
#42642
0"
#42643
1"
b1010 &
#42644
0"
#42645
1"
b1011 &
#42646
0"
#42647
1"
b1100 &
#42648
0"
#42649
1"
b1101 &
#42650
0"
#42651
1"
b1110 &
#42652
0"
#42653
1"
b1111 &
#42654
0"
#42655
1"
b0000 &
#42656
0"
#42657
1"
b0001 &
#42658
0"
#42659
1"
b0010 &
#42660
0"
#42661
1"
b0011 &
#42662
0"
#42663
1"
b0100 &
#42664
0"
#42665
1"
b0101 &
#42666
0"
#42667
1"
b0110 &
#42668
0"
#42669
1"
b0111 &
#42670
0"
#42671
1"
b1000 &
#42672
0"
#42673
1"
b1001 &
#42674
0"
#42675
1"
b1010 &
#42676
0"
#42677
1"
b1011 &
#42678
0"
#42679
1"
b1100 &
#42680
0"
#42681
1"
b1101 &
#42682
0"
#42683
1"
b1110 &
#42684
0"
#42685
1"
b1111 &
#42686
0"
#42687
1"
b0000 &
#42688
0"
#42689
1"
b0001 &
#42690
0"
#42691
1"
b0010 &
#42692
0"
#42693
1"
b0011 &
#42694
0"
#42695
1"
b0100 &
#42696
0"
#42697
1"
b0101 &
#42698
0"
#42699
1"
b0110 &
#42700
0"
#42701
1"
b0111 &
#42702
0"
#42703
1"
b1000 &
#42704
0"
#42705
1"
b1001 &
#42706
0"
#42707
1"
b1010 &
#42708
0"
#42709
1"
b1011 &
#42710
0"
#42711
1"
b1100 &
#42712
0"
#42713
1"
b1101 &
#42714
0"
#42715
1"
b1110 &
#42716
0"
#42717
1"
b1111 &
#42718
0"
#42719
1"
b0000 &
#42720
0"
#42721
1"
b0001 &
#42722
0"
#42723
1"
b0010 &
#42724
0"
#42725
1"
b0011 &
#42726
0"
#42727
1"
b0100 &
#42728
0"
#42729
1"
b0101 &
#42730
0"
#42731
1"
b0110 &
#42732
0"
#42733
1"
b0111 &
#42734
0"
#42735
1"
b1000 &
#42736
0"
#42737
1"
b1001 &
#42738
0"
#42739
1"
b1010 &
#42740
0"
#42741
1"
b1011 &
#42742
0"
#42743
1"
b1100 &
#42744
0"
#42745
1"
b1101 &
#42746
0"
#42747
1"
b1110 &
#42748
0"
#42749
1"
b1111 &
#42750
0"
#42751
1"
b0000 &
#42752
0"
#42753
1"
b0001 &
#42754
0"
#42755
1"
b0010 &
#42756
0"
#42757
1"
b0011 &
#42758
0"
#42759
1"
b0100 &
#42760
0"
#42761
1"
b0101 &
#42762
0"
#42763
1"
b0110 &
#42764
0"
#42765
1"
b0111 &
#42766
0"
#42767
1"
b1000 &
#42768
0"
#42769
1"
b1001 &
#42770
0"
#42771
1"
b1010 &
#42772
0"
#42773
1"
b1011 &
#42774
0"
#42775
1"
b1100 &
#42776
0"
#42777
1"
b1101 &
#42778
0"
#42779
1"
b1110 &
#42780
0"
#42781
1"
b1111 &
#42782
0"
#42783
1"
b0000 &
#42784
0"
#42785
1"
b0001 &
#42786
0"
#42787
1"
b0010 &
#42788
0"
#42789
1"
b0011 &
#42790
0"
#42791
1"
b0100 &
#42792
0"
#42793
1"
b0101 &
#42794
0"
#42795
1"
b0110 &
#42796
0"
#42797
1"
b0111 &
#42798
0"
#42799
1"
b1000 &
#42800
0"
#42801
1"
b1001 &
#42802
0"
#42803
1"
b1010 &
#42804
0"
#42805
1"
b1011 &
#42806
0"
#42807
1"
b1100 &
#42808
0"
#42809
1"
b1101 &
#42810
0"
#42811
1"
b1110 &
#42812
0"
#42813
1"
b1111 &
#42814
0"
#42815
1"
b0000 &
#42816
0"
#42817
1"
b0001 &
#42818
0"
#42819
1"
b0010 &
#42820
0"
#42821
1"
b0011 &
#42822
0"
#42823
1"
b0100 &
#42824
0"
#42825
1"
b0101 &
#42826
0"
#42827
1"
b0110 &
#42828
0"
#42829
1"
b0111 &
#42830
0"
#42831
1"
b1000 &
#42832
0"
#42833
1"
b1001 &
#42834
0"
#42835
1"
b1010 &
#42836
0"
#42837
1"
b1011 &
#42838
0"
#42839
1"
b1100 &
#42840
0"
#42841
1"
b1101 &
#42842
0"
#42843
1"
b1110 &
#42844
0"
#42845
1"
b1111 &
#42846
0"
#42847
1"
b0000 &
#42848
0"
#42849
1"
b0001 &
#42850
0"
#42851
1"
b0010 &
#42852
0"
#42853
1"
b0011 &
#42854
0"
#42855
1"
b0100 &
#42856
0"
#42857
1"
b0101 &
#42858
0"
#42859
1"
b0110 &
#42860
0"
#42861
1"
b0111 &
#42862
0"
#42863
1"
b1000 &
#42864
0"
#42865
1"
b1001 &
#42866
0"
#42867
1"
b1010 &
#42868
0"
#42869
1"
b1011 &
#42870
0"
#42871
1"
b1100 &
#42872
0"
#42873
1"
b1101 &
#42874
0"
#42875
1"
b1110 &
#42876
0"
#42877
1"
b1111 &
#42878
0"
#42879
1"
b0000 &
#42880
0"
#42881
1"
b0001 &
#42882
0"
#42883
1"
b0010 &
#42884
0"
#42885
1"
b0011 &
#42886
0"
#42887
1"
b0100 &
#42888
0"
#42889
1"
b0101 &
#42890
0"
#42891
1"
b0110 &
#42892
0"
#42893
1"
b0111 &
#42894
0"
#42895
1"
b1000 &
#42896
0"
#42897
1"
b1001 &
#42898
0"
#42899
1"
b1010 &
#42900
0"
#42901
1"
b1011 &
#42902
0"
#42903
1"
b1100 &
#42904
0"
#42905
1"
b1101 &
#42906
0"
#42907
1"
b1110 &
#42908
0"
#42909
1"
b1111 &
#42910
0"
#42911
1"
b0000 &
#42912
0"
#42913
1"
b0001 &
#42914
0"
#42915
1"
b0010 &
#42916
0"
#42917
1"
b0011 &
#42918
0"
#42919
1"
b0100 &
#42920
0"
#42921
1"
b0101 &
#42922
0"
#42923
1"
b0110 &
#42924
0"
#42925
1"
b0111 &
#42926
0"
#42927
1"
b1000 &
#42928
0"
#42929
1"
b1001 &
#42930
0"
#42931
1"
b1010 &
#42932
0"
#42933
1"
b1011 &
#42934
0"
#42935
1"
b1100 &
#42936
0"
#42937
1"
b1101 &
#42938
0"
#42939
1"
b1110 &
#42940
0"
#42941
1"
b1111 &
#42942
0"
#42943
1"
b0000 &
#42944
0"
#42945
1"
b0001 &
#42946
0"
#42947
1"
b0010 &
#42948
0"
#42949
1"
b0011 &
#42950
0"
#42951
1"
b0100 &
#42952
0"
#42953
1"
b0101 &
#42954
0"
#42955
1"
b0110 &
#42956
0"
#42957
1"
b0111 &
#42958
0"
#42959
1"
b1000 &
#42960
0"
#42961
1"
b1001 &
#42962
0"
#42963
1"
b1010 &
#42964
0"
#42965
1"
b1011 &
#42966
0"
#42967
1"
b1100 &
#42968
0"
#42969
1"
b1101 &
#42970
0"
#42971
1"
b1110 &
#42972
0"
#42973
1"
b1111 &
#42974
0"
#42975
1"
b0000 &
#42976
0"
#42977
1"
b0001 &
#42978
0"
#42979
1"
b0010 &
#42980
0"
#42981
1"
b0011 &
#42982
0"
#42983
1"
b0100 &
#42984
0"
#42985
1"
b0101 &
#42986
0"
#42987
1"
b0110 &
#42988
0"
#42989
1"
b0111 &
#42990
0"
#42991
1"
b1000 &
#42992
0"
#42993
1"
b1001 &
#42994
0"
#42995
1"
b1010 &
#42996
0"
#42997
1"
b1011 &
#42998
0"
#42999
1"
b1100 &
#43000
0"
#43001
1"
b1101 &
#43002
0"
#43003
1"
b1110 &
#43004
0"
#43005
1"
b1111 &
#43006
0"
#43007
1"
b0000 &
#43008
0"
#43009
1"
b0001 &
#43010
0"
#43011
1"
b0010 &
#43012
0"
#43013
1"
b0011 &
#43014
0"
#43015
1"
b0100 &
#43016
0"
#43017
1"
b0101 &
#43018
0"
#43019
1"
b0110 &
#43020
0"
#43021
1"
b0111 &
#43022
0"
#43023
1"
b1000 &
#43024
0"
#43025
1"
b1001 &
#43026
0"
#43027
1"
b1010 &
#43028
0"
#43029
1"
b1011 &
#43030
0"
#43031
1"
b1100 &
#43032
0"
#43033
1"
b1101 &
#43034
0"
#43035
1"
b1110 &
#43036
0"
#43037
1"
b1111 &
#43038
0"
#43039
1"
b0000 &
#43040
0"
#43041
1"
b0001 &
#43042
0"
#43043
1"
b0010 &
#43044
0"
#43045
1"
b0011 &
#43046
0"
#43047
1"
b0100 &
#43048
0"
#43049
1"
b0101 &
#43050
0"
#43051
1"
b0110 &
#43052
0"
#43053
1"
b0111 &
#43054
0"
#43055
1"
b1000 &
#43056
0"
#43057
1"
b1001 &
#43058
0"
#43059
1"
b1010 &
#43060
0"
#43061
1"
b1011 &
#43062
0"
#43063
1"
b1100 &
#43064
0"
#43065
1"
b1101 &
#43066
0"
#43067
1"
b1110 &
#43068
0"
#43069
1"
b1111 &
#43070
0"
#43071
1"
b0000 &
#43072
0"
#43073
1"
b0001 &
#43074
0"
#43075
1"
b0010 &
#43076
0"
#43077
1"
b0011 &
#43078
0"
#43079
1"
b0100 &
#43080
0"
#43081
1"
b0101 &
#43082
0"
#43083
1"
b0110 &
#43084
0"
#43085
1"
b0111 &
#43086
0"
#43087
1"
b1000 &
#43088
0"
#43089
1"
b1001 &
#43090
0"
#43091
1"
b1010 &
#43092
0"
#43093
1"
b1011 &
#43094
0"
#43095
1"
b1100 &
#43096
0"
#43097
1"
b1101 &
#43098
0"
#43099
1"
b1110 &
#43100
0"
#43101
1"
b1111 &
#43102
0"
#43103
1"
b0000 &
#43104
0"
#43105
1"
b0001 &
#43106
0"
#43107
1"
b0010 &
#43108
0"
#43109
1"
b0011 &
#43110
0"
#43111
1"
b0100 &
#43112
0"
#43113
1"
b0101 &
#43114
0"
#43115
1"
b0110 &
#43116
0"
#43117
1"
b0111 &
#43118
0"
#43119
1"
b1000 &
#43120
0"
#43121
1"
b1001 &
#43122
0"
#43123
1"
b1010 &
#43124
0"
#43125
1"
b1011 &
#43126
0"
#43127
1"
b1100 &
#43128
0"
#43129
1"
b1101 &
#43130
0"
#43131
1"
b1110 &
#43132
0"
#43133
1"
b1111 &
#43134
0"
#43135
1"
b0000 &
#43136
0"
#43137
1"
b0001 &
#43138
0"
#43139
1"
b0010 &
#43140
0"
#43141
1"
b0011 &
#43142
0"
#43143
1"
b0100 &
#43144
0"
#43145
1"
b0101 &
#43146
0"
#43147
1"
b0110 &
#43148
0"
#43149
1"
b0111 &
#43150
0"
#43151
1"
b1000 &
#43152
0"
#43153
1"
b1001 &
#43154
0"
#43155
1"
b1010 &
#43156
0"
#43157
1"
b1011 &
#43158
0"
#43159
1"
b1100 &
#43160
0"
#43161
1"
b1101 &
#43162
0"
#43163
1"
b1110 &
#43164
0"
#43165
1"
b1111 &
#43166
0"
#43167
1"
b0000 &
#43168
0"
#43169
1"
b0001 &
#43170
0"
#43171
1"
b0010 &
#43172
0"
#43173
1"
b0011 &
#43174
0"
#43175
1"
b0100 &
#43176
0"
#43177
1"
b0101 &
#43178
0"
#43179
1"
b0110 &
#43180
0"
#43181
1"
b0111 &
#43182
0"
#43183
1"
b1000 &
#43184
0"
#43185
1"
b1001 &
#43186
0"
#43187
1"
b1010 &
#43188
0"
#43189
1"
b1011 &
#43190
0"
#43191
1"
b1100 &
#43192
0"
#43193
1"
b1101 &
#43194
0"
#43195
1"
b1110 &
#43196
0"
#43197
1"
b1111 &
#43198
0"
#43199
1"
b0000 &
#43200
0"
#43201
1"
b0001 &
#43202
0"
#43203
1"
b0010 &
#43204
0"
#43205
1"
b0011 &
#43206
0"
#43207
1"
b0100 &
#43208
0"
#43209
1"
b0101 &
#43210
0"
#43211
1"
b0110 &
#43212
0"
#43213
1"
b0111 &
#43214
0"
#43215
1"
b1000 &
#43216
0"
#43217
1"
b1001 &
#43218
0"
#43219
1"
b1010 &
#43220
0"
#43221
1"
b1011 &
#43222
0"
#43223
1"
b1100 &
#43224
0"
#43225
1"
b1101 &
#43226
0"
#43227
1"
b1110 &
#43228
0"
#43229
1"
b1111 &
#43230
0"
#43231
1"
b0000 &
#43232
0"
#43233
1"
b0001 &
#43234
0"
#43235
1"
b0010 &
#43236
0"
#43237
1"
b0011 &
#43238
0"
#43239
1"
b0100 &
#43240
0"
#43241
1"
b0101 &
#43242
0"
#43243
1"
b0110 &
#43244
0"
#43245
1"
b0111 &
#43246
0"
#43247
1"
b1000 &
#43248
0"
#43249
1"
b1001 &
#43250
0"
#43251
1"
b1010 &
#43252
0"
#43253
1"
b1011 &
#43254
0"
#43255
1"
b1100 &
#43256
0"
#43257
1"
b1101 &
#43258
0"
#43259
1"
b1110 &
#43260
0"
#43261
1"
b1111 &
#43262
0"
#43263
1"
b0000 &
#43264
0"
#43265
1"
b0001 &
#43266
0"
#43267
1"
b0010 &
#43268
0"
#43269
1"
b0011 &
#43270
0"
#43271
1"
b0100 &
#43272
0"
#43273
1"
b0101 &
#43274
0"
#43275
1"
b0110 &
#43276
0"
#43277
1"
b0111 &
#43278
0"
#43279
1"
b1000 &
#43280
0"
#43281
1"
b1001 &
#43282
0"
#43283
1"
b1010 &
#43284
0"
#43285
1"
b1011 &
#43286
0"
#43287
1"
b1100 &
#43288
0"
#43289
1"
b1101 &
#43290
0"
#43291
1"
b1110 &
#43292
0"
#43293
1"
b1111 &
#43294
0"
#43295
1"
b0000 &
#43296
0"
#43297
1"
b0001 &
#43298
0"
#43299
1"
b0010 &
#43300
0"
#43301
1"
b0011 &
#43302
0"
#43303
1"
b0100 &
#43304
0"
#43305
1"
b0101 &
#43306
0"
#43307
1"
b0110 &
#43308
0"
#43309
1"
b0111 &
#43310
0"
#43311
1"
b1000 &
#43312
0"
#43313
1"
b1001 &
#43314
0"
#43315
1"
b1010 &
#43316
0"
#43317
1"
b1011 &
#43318
0"
#43319
1"
b1100 &
#43320
0"
#43321
1"
b1101 &
#43322
0"
#43323
1"
b1110 &
#43324
0"
#43325
1"
b1111 &
#43326
0"
#43327
1"
b0000 &
#43328
0"
#43329
1"
b0001 &
#43330
0"
#43331
1"
b0010 &
#43332
0"
#43333
1"
b0011 &
#43334
0"
#43335
1"
b0100 &
#43336
0"
#43337
1"
b0101 &
#43338
0"
#43339
1"
b0110 &
#43340
0"
#43341
1"
b0111 &
#43342
0"
#43343
1"
b1000 &
#43344
0"
#43345
1"
b1001 &
#43346
0"
#43347
1"
b1010 &
#43348
0"
#43349
1"
b1011 &
#43350
0"
#43351
1"
b1100 &
#43352
0"
#43353
1"
b1101 &
#43354
0"
#43355
1"
b1110 &
#43356
0"
#43357
1"
b1111 &
#43358
0"
#43359
1"
b0000 &
#43360
0"
#43361
1"
b0001 &
#43362
0"
#43363
1"
b0010 &
#43364
0"
#43365
1"
b0011 &
#43366
0"
#43367
1"
b0100 &
#43368
0"
#43369
1"
b0101 &
#43370
0"
#43371
1"
b0110 &
#43372
0"
#43373
1"
b0111 &
#43374
0"
#43375
1"
b1000 &
#43376
0"
#43377
1"
b1001 &
#43378
0"
#43379
1"
b1010 &
#43380
0"
#43381
1"
b1011 &
#43382
0"
#43383
1"
b1100 &
#43384
0"
#43385
1"
b1101 &
#43386
0"
#43387
1"
b1110 &
#43388
0"
#43389
1"
b1111 &
#43390
0"
#43391
1"
b0000 &
#43392
0"
#43393
1"
b0001 &
#43394
0"
#43395
1"
b0010 &
#43396
0"
#43397
1"
b0011 &
#43398
0"
#43399
1"
b0100 &
#43400
0"
#43401
1"
b0101 &
#43402
0"
#43403
1"
b0110 &
#43404
0"
#43405
1"
b0111 &
#43406
0"
#43407
1"
b1000 &
#43408
0"
#43409
1"
b1001 &
#43410
0"
#43411
1"
b1010 &
#43412
0"
#43413
1"
b1011 &
#43414
0"
#43415
1"
b1100 &
#43416
0"
#43417
1"
b1101 &
#43418
0"
#43419
1"
b1110 &
#43420
0"
#43421
1"
b1111 &
#43422
0"
#43423
1"
b0000 &
#43424
0"
#43425
1"
b0001 &
#43426
0"
#43427
1"
b0010 &
#43428
0"
#43429
1"
b0011 &
#43430
0"
#43431
1"
b0100 &
#43432
0"
#43433
1"
b0101 &
#43434
0"
#43435
1"
b0110 &
#43436
0"
#43437
1"
b0111 &
#43438
0"
#43439
1"
b1000 &
#43440
0"
#43441
1"
b1001 &
#43442
0"
#43443
1"
b1010 &
#43444
0"
#43445
1"
b1011 &
#43446
0"
#43447
1"
b1100 &
#43448
0"
#43449
1"
b1101 &
#43450
0"
#43451
1"
b1110 &
#43452
0"
#43453
1"
b1111 &
#43454
0"
#43455
1"
b0000 &
#43456
0"
#43457
1"
b0001 &
#43458
0"
#43459
1"
b0010 &
#43460
0"
#43461
1"
b0011 &
#43462
0"
#43463
1"
b0100 &
#43464
0"
#43465
1"
b0101 &
#43466
0"
#43467
1"
b0110 &
#43468
0"
#43469
1"
b0111 &
#43470
0"
#43471
1"
b1000 &
#43472
0"
#43473
1"
b1001 &
#43474
0"
#43475
1"
b1010 &
#43476
0"
#43477
1"
b1011 &
#43478
0"
#43479
1"
b1100 &
#43480
0"
#43481
1"
b1101 &
#43482
0"
#43483
1"
b1110 &
#43484
0"
#43485
1"
b1111 &
#43486
0"
#43487
1"
b0000 &
#43488
0"
#43489
1"
b0001 &
#43490
0"
#43491
1"
b0010 &
#43492
0"
#43493
1"
b0011 &
#43494
0"
#43495
1"
b0100 &
#43496
0"
#43497
1"
b0101 &
#43498
0"
#43499
1"
b0110 &
#43500
0"
#43501
1"
b0111 &
#43502
0"
#43503
1"
b1000 &
#43504
0"
#43505
1"
b1001 &
#43506
0"
#43507
1"
b1010 &
#43508
0"
#43509
1"
b1011 &
#43510
0"
#43511
1"
b1100 &
#43512
0"
#43513
1"
b1101 &
#43514
0"
#43515
1"
b1110 &
#43516
0"
#43517
1"
b1111 &
#43518
0"
#43519
1"
b0000 &
#43520
0"
#43521
1"
b0001 &
#43522
0"
#43523
1"
b0010 &
#43524
0"
#43525
1"
b0011 &
#43526
0"
#43527
1"
b0100 &
#43528
0"
#43529
1"
b0101 &
#43530
0"
#43531
1"
b0110 &
#43532
0"
#43533
1"
b0111 &
#43534
0"
#43535
1"
b1000 &
#43536
0"
#43537
1"
b1001 &
#43538
0"
#43539
1"
b1010 &
#43540
0"
#43541
1"
b1011 &
#43542
0"
#43543
1"
b1100 &
#43544
0"
#43545
1"
b1101 &
#43546
0"
#43547
1"
b1110 &
#43548
0"
#43549
1"
b1111 &
#43550
0"
#43551
1"
b0000 &
#43552
0"
#43553
1"
b0001 &
#43554
0"
#43555
1"
b0010 &
#43556
0"
#43557
1"
b0011 &
#43558
0"
#43559
1"
b0100 &
#43560
0"
#43561
1"
b0101 &
#43562
0"
#43563
1"
b0110 &
#43564
0"
#43565
1"
b0111 &
#43566
0"
#43567
1"
b1000 &
#43568
0"
#43569
1"
b1001 &
#43570
0"
#43571
1"
b1010 &
#43572
0"
#43573
1"
b1011 &
#43574
0"
#43575
1"
b1100 &
#43576
0"
#43577
1"
b1101 &
#43578
0"
#43579
1"
b1110 &
#43580
0"
#43581
1"
b1111 &
#43582
0"
#43583
1"
b0000 &
#43584
0"
#43585
1"
b0001 &
#43586
0"
#43587
1"
b0010 &
#43588
0"
#43589
1"
b0011 &
#43590
0"
#43591
1"
b0100 &
#43592
0"
#43593
1"
b0101 &
#43594
0"
#43595
1"
b0110 &
#43596
0"
#43597
1"
b0111 &
#43598
0"
#43599
1"
b1000 &
#43600
0"
#43601
1"
b1001 &
#43602
0"
#43603
1"
b1010 &
#43604
0"
#43605
1"
b1011 &
#43606
0"
#43607
1"
b1100 &
#43608
0"
#43609
1"
b1101 &
#43610
0"
#43611
1"
b1110 &
#43612
0"
#43613
1"
b1111 &
#43614
0"
#43615
1"
b0000 &
#43616
0"
#43617
1"
b0001 &
#43618
0"
#43619
1"
b0010 &
#43620
0"
#43621
1"
b0011 &
#43622
0"
#43623
1"
b0100 &
#43624
0"
#43625
1"
b0101 &
#43626
0"
#43627
1"
b0110 &
#43628
0"
#43629
1"
b0111 &
#43630
0"
#43631
1"
b1000 &
#43632
0"
#43633
1"
b1001 &
#43634
0"
#43635
1"
b1010 &
#43636
0"
#43637
1"
b1011 &
#43638
0"
#43639
1"
b1100 &
#43640
0"
#43641
1"
b1101 &
#43642
0"
#43643
1"
b1110 &
#43644
0"
#43645
1"
b1111 &
#43646
0"
#43647
1"
b0000 &
#43648
0"
#43649
1"
b0001 &
#43650
0"
#43651
1"
b0010 &
#43652
0"
#43653
1"
b0011 &
#43654
0"
#43655
1"
b0100 &
#43656
0"
#43657
1"
b0101 &
#43658
0"
#43659
1"
b0110 &
#43660
0"
#43661
1"
b0111 &
#43662
0"
#43663
1"
b1000 &
#43664
0"
#43665
1"
b1001 &
#43666
0"
#43667
1"
b1010 &
#43668
0"
#43669
1"
b1011 &
#43670
0"
#43671
1"
b1100 &
#43672
0"
#43673
1"
b1101 &
#43674
0"
#43675
1"
b1110 &
#43676
0"
#43677
1"
b1111 &
#43678
0"
#43679
1"
b0000 &
#43680
0"
#43681
1"
b0001 &
#43682
0"
#43683
1"
b0010 &
#43684
0"
#43685
1"
b0011 &
#43686
0"
#43687
1"
b0100 &
#43688
0"
#43689
1"
b0101 &
#43690
0"
#43691
1"
b0110 &
#43692
0"
#43693
1"
b0111 &
#43694
0"
#43695
1"
b1000 &
#43696
0"
#43697
1"
b1001 &
#43698
0"
#43699
1"
b1010 &
#43700
0"
#43701
1"
b1011 &
#43702
0"
#43703
1"
b1100 &
#43704
0"
#43705
1"
b1101 &
#43706
0"
#43707
1"
b1110 &
#43708
0"
#43709
1"
b1111 &
#43710
0"
#43711
1"
b0000 &
#43712
0"
#43713
1"
b0001 &
#43714
0"
#43715
1"
b0010 &
#43716
0"
#43717
1"
b0011 &
#43718
0"
#43719
1"
b0100 &
#43720
0"
#43721
1"
b0101 &
#43722
0"
#43723
1"
b0110 &
#43724
0"
#43725
1"
b0111 &
#43726
0"
#43727
1"
b1000 &
#43728
0"
#43729
1"
b1001 &
#43730
0"
#43731
1"
b1010 &
#43732
0"
#43733
1"
b1011 &
#43734
0"
#43735
1"
b1100 &
#43736
0"
#43737
1"
b1101 &
#43738
0"
#43739
1"
b1110 &
#43740
0"
#43741
1"
b1111 &
#43742
0"
#43743
1"
b0000 &
#43744
0"
#43745
1"
b0001 &
#43746
0"
#43747
1"
b0010 &
#43748
0"
#43749
1"
b0011 &
#43750
0"
#43751
1"
b0100 &
#43752
0"
#43753
1"
b0101 &
#43754
0"
#43755
1"
b0110 &
#43756
0"
#43757
1"
b0111 &
#43758
0"
#43759
1"
b1000 &
#43760
0"
#43761
1"
b1001 &
#43762
0"
#43763
1"
b1010 &
#43764
0"
#43765
1"
b1011 &
#43766
0"
#43767
1"
b1100 &
#43768
0"
#43769
1"
b1101 &
#43770
0"
#43771
1"
b1110 &
#43772
0"
#43773
1"
b1111 &
#43774
0"
#43775
1"
b0000 &
#43776
0"
#43777
1"
b0001 &
#43778
0"
#43779
1"
b0010 &
#43780
0"
#43781
1"
b0011 &
#43782
0"
#43783
1"
b0100 &
#43784
0"
#43785
1"
b0101 &
#43786
0"
#43787
1"
b0110 &
#43788
0"
#43789
1"
b0111 &
#43790
0"
#43791
1"
b1000 &
#43792
0"
#43793
1"
b1001 &
#43794
0"
#43795
1"
b1010 &
#43796
0"
#43797
1"
b1011 &
#43798
0"
#43799
1"
b1100 &
#43800
0"
#43801
1"
b1101 &
#43802
0"
#43803
1"
b1110 &
#43804
0"
#43805
1"
b1111 &
#43806
0"
#43807
1"
b0000 &
#43808
0"
#43809
1"
b0001 &
#43810
0"
#43811
1"
b0010 &
#43812
0"
#43813
1"
b0011 &
#43814
0"
#43815
1"
b0100 &
#43816
0"
#43817
1"
b0101 &
#43818
0"
#43819
1"
b0110 &
#43820
0"
#43821
1"
b0111 &
#43822
0"
#43823
1"
b1000 &
#43824
0"
#43825
1"
b1001 &
#43826
0"
#43827
1"
b1010 &
#43828
0"
#43829
1"
b1011 &
#43830
0"
#43831
1"
b1100 &
#43832
0"
#43833
1"
b1101 &
#43834
0"
#43835
1"
b1110 &
#43836
0"
#43837
1"
b1111 &
#43838
0"
#43839
1"
b0000 &
#43840
0"
#43841
1"
b0001 &
#43842
0"
#43843
1"
b0010 &
#43844
0"
#43845
1"
b0011 &
#43846
0"
#43847
1"
b0100 &
#43848
0"
#43849
1"
b0101 &
#43850
0"
#43851
1"
b0110 &
#43852
0"
#43853
1"
b0111 &
#43854
0"
#43855
1"
b1000 &
#43856
0"
#43857
1"
b1001 &
#43858
0"
#43859
1"
b1010 &
#43860
0"
#43861
1"
b1011 &
#43862
0"
#43863
1"
b1100 &
#43864
0"
#43865
1"
b1101 &
#43866
0"
#43867
1"
b1110 &
#43868
0"
#43869
1"
b1111 &
#43870
0"
#43871
1"
b0000 &
#43872
0"
#43873
1"
b0001 &
#43874
0"
#43875
1"
b0010 &
#43876
0"
#43877
1"
b0011 &
#43878
0"
#43879
1"
b0100 &
#43880
0"
#43881
1"
b0101 &
#43882
0"
#43883
1"
b0110 &
#43884
0"
#43885
1"
b0111 &
#43886
0"
#43887
1"
b1000 &
#43888
0"
#43889
1"
b1001 &
#43890
0"
#43891
1"
b1010 &
#43892
0"
#43893
1"
b1011 &
#43894
0"
#43895
1"
b1100 &
#43896
0"
#43897
1"
b1101 &
#43898
0"
#43899
1"
b1110 &
#43900
0"
#43901
1"
b1111 &
#43902
0"
#43903
1"
b0000 &
#43904
0"
#43905
1"
b0001 &
#43906
0"
#43907
1"
b0010 &
#43908
0"
#43909
1"
b0011 &
#43910
0"
#43911
1"
b0100 &
#43912
0"
#43913
1"
b0101 &
#43914
0"
#43915
1"
b0110 &
#43916
0"
#43917
1"
b0111 &
#43918
0"
#43919
1"
b1000 &
#43920
0"
#43921
1"
b1001 &
#43922
0"
#43923
1"
b1010 &
#43924
0"
#43925
1"
b1011 &
#43926
0"
#43927
1"
b1100 &
#43928
0"
#43929
1"
b1101 &
#43930
0"
#43931
1"
b1110 &
#43932
0"
#43933
1"
b1111 &
#43934
0"
#43935
1"
b0000 &
#43936
0"
#43937
1"
b0001 &
#43938
0"
#43939
1"
b0010 &
#43940
0"
#43941
1"
b0011 &
#43942
0"
#43943
1"
b0100 &
#43944
0"
#43945
1"
b0101 &
#43946
0"
#43947
1"
b0110 &
#43948
0"
#43949
1"
b0111 &
#43950
0"
#43951
1"
b1000 &
#43952
0"
#43953
1"
b1001 &
#43954
0"
#43955
1"
b1010 &
#43956
0"
#43957
1"
b1011 &
#43958
0"
#43959
1"
b1100 &
#43960
0"
#43961
1"
b1101 &
#43962
0"
#43963
1"
b1110 &
#43964
0"
#43965
1"
b1111 &
#43966
0"
#43967
1"
b0000 &
#43968
0"
#43969
1"
b0001 &
#43970
0"
#43971
1"
b0010 &
#43972
0"
#43973
1"
b0011 &
#43974
0"
#43975
1"
b0100 &
#43976
0"
#43977
1"
b0101 &
#43978
0"
#43979
1"
b0110 &
#43980
0"
#43981
1"
b0111 &
#43982
0"
#43983
1"
b1000 &
#43984
0"
#43985
1"
b1001 &
#43986
0"
#43987
1"
b1010 &
#43988
0"
#43989
1"
b1011 &
#43990
0"
#43991
1"
b1100 &
#43992
0"
#43993
1"
b1101 &
#43994
0"
#43995
1"
b1110 &
#43996
0"
#43997
1"
b1111 &
#43998
0"
#43999
1"
b0000 &
#44000
0"
#44001
1"
b0001 &
#44002
0"
#44003
1"
b0010 &
#44004
0"
#44005
1"
b0011 &
#44006
0"
#44007
1"
b0100 &
#44008
0"
#44009
1"
b0101 &
#44010
0"
#44011
1"
b0110 &
#44012
0"
#44013
1"
b0111 &
#44014
0"
#44015
1"
b1000 &
#44016
0"
#44017
1"
b1001 &
#44018
0"
#44019
1"
b1010 &
#44020
0"
#44021
1"
b1011 &
#44022
0"
#44023
1"
b1100 &
#44024
0"
#44025
1"
b1101 &
#44026
0"
#44027
1"
b1110 &
#44028
0"
#44029
1"
b1111 &
#44030
0"
#44031
1"
b0000 &
#44032
0"
#44033
1"
b0001 &
#44034
0"
#44035
1"
b0010 &
#44036
0"
#44037
1"
b0011 &
#44038
0"
#44039
1"
b0100 &
#44040
0"
#44041
1"
b0101 &
#44042
0"
#44043
1"
b0110 &
#44044
0"
#44045
1"
b0111 &
#44046
0"
#44047
1"
b1000 &
#44048
0"
#44049
1"
b1001 &
#44050
0"
#44051
1"
b1010 &
#44052
0"
#44053
1"
b1011 &
#44054
0"
#44055
1"
b1100 &
#44056
0"
#44057
1"
b1101 &
#44058
0"
#44059
1"
b1110 &
#44060
0"
#44061
1"
b1111 &
#44062
0"
#44063
1"
b0000 &
#44064
0"
#44065
1"
b0001 &
#44066
0"
#44067
1"
b0010 &
#44068
0"
#44069
1"
b0011 &
#44070
0"
#44071
1"
b0100 &
#44072
0"
#44073
1"
b0101 &
#44074
0"
#44075
1"
b0110 &
#44076
0"
#44077
1"
b0111 &
#44078
0"
#44079
1"
b1000 &
#44080
0"
#44081
1"
b1001 &
#44082
0"
#44083
1"
b1010 &
#44084
0"
#44085
1"
b1011 &
#44086
0"
#44087
1"
b1100 &
#44088
0"
#44089
1"
b1101 &
#44090
0"
#44091
1"
b1110 &
#44092
0"
#44093
1"
b1111 &
#44094
0"
#44095
1"
b0000 &
#44096
0"
#44097
1"
b0001 &
#44098
0"
#44099
1"
b0010 &
#44100
0"
#44101
1"
b0011 &
#44102
0"
#44103
1"
b0100 &
#44104
0"
#44105
1"
b0101 &
#44106
0"
#44107
1"
b0110 &
#44108
0"
#44109
1"
b0111 &
#44110
0"
#44111
1"
b1000 &
#44112
0"
#44113
1"
b1001 &
#44114
0"
#44115
1"
b1010 &
#44116
0"
#44117
1"
b1011 &
#44118
0"
#44119
1"
b1100 &
#44120
0"
#44121
1"
b1101 &
#44122
0"
#44123
1"
b1110 &
#44124
0"
#44125
1"
b1111 &
#44126
0"
#44127
1"
b0000 &
#44128
0"
#44129
1"
b0001 &
#44130
0"
#44131
1"
b0010 &
#44132
0"
#44133
1"
b0011 &
#44134
0"
#44135
1"
b0100 &
#44136
0"
#44137
1"
b0101 &
#44138
0"
#44139
1"
b0110 &
#44140
0"
#44141
1"
b0111 &
#44142
0"
#44143
1"
b1000 &
#44144
0"
#44145
1"
b1001 &
#44146
0"
#44147
1"
b1010 &
#44148
0"
#44149
1"
b1011 &
#44150
0"
#44151
1"
b1100 &
#44152
0"
#44153
1"
b1101 &
#44154
0"
#44155
1"
b1110 &
#44156
0"
#44157
1"
b1111 &
#44158
0"
#44159
1"
b0000 &
#44160
0"
#44161
1"
b0001 &
#44162
0"
#44163
1"
b0010 &
#44164
0"
#44165
1"
b0011 &
#44166
0"
#44167
1"
b0100 &
#44168
0"
#44169
1"
b0101 &
#44170
0"
#44171
1"
b0110 &
#44172
0"
#44173
1"
b0111 &
#44174
0"
#44175
1"
b1000 &
#44176
0"
#44177
1"
b1001 &
#44178
0"
#44179
1"
b1010 &
#44180
0"
#44181
1"
b1011 &
#44182
0"
#44183
1"
b1100 &
#44184
0"
#44185
1"
b1101 &
#44186
0"
#44187
1"
b1110 &
#44188
0"
#44189
1"
b1111 &
#44190
0"
#44191
1"
b0000 &
#44192
0"
#44193
1"
b0001 &
#44194
0"
#44195
1"
b0010 &
#44196
0"
#44197
1"
b0011 &
#44198
0"
#44199
1"
b0100 &
#44200
0"
#44201
1"
b0101 &
#44202
0"
#44203
1"
b0110 &
#44204
0"
#44205
1"
b0111 &
#44206
0"
#44207
1"
b1000 &
#44208
0"
#44209
1"
b1001 &
#44210
0"
#44211
1"
b1010 &
#44212
0"
#44213
1"
b1011 &
#44214
0"
#44215
1"
b1100 &
#44216
0"
#44217
1"
b1101 &
#44218
0"
#44219
1"
b1110 &
#44220
0"
#44221
1"
b1111 &
#44222
0"
#44223
1"
b0000 &
#44224
0"
#44225
1"
b0001 &
#44226
0"
#44227
1"
b0010 &
#44228
0"
#44229
1"
b0011 &
#44230
0"
#44231
1"
b0100 &
#44232
0"
#44233
1"
b0101 &
#44234
0"
#44235
1"
b0110 &
#44236
0"
#44237
1"
b0111 &
#44238
0"
#44239
1"
b1000 &
#44240
0"
#44241
1"
b1001 &
#44242
0"
#44243
1"
b1010 &
#44244
0"
#44245
1"
b1011 &
#44246
0"
#44247
1"
b1100 &
#44248
0"
#44249
1"
b1101 &
#44250
0"
#44251
1"
b1110 &
#44252
0"
#44253
1"
b1111 &
#44254
0"
#44255
1"
b0000 &
#44256
0"
#44257
1"
b0001 &
#44258
0"
#44259
1"
b0010 &
#44260
0"
#44261
1"
b0011 &
#44262
0"
#44263
1"
b0100 &
#44264
0"
#44265
1"
b0101 &
#44266
0"
#44267
1"
b0110 &
#44268
0"
#44269
1"
b0111 &
#44270
0"
#44271
1"
b1000 &
#44272
0"
#44273
1"
b1001 &
#44274
0"
#44275
1"
b1010 &
#44276
0"
#44277
1"
b1011 &
#44278
0"
#44279
1"
b1100 &
#44280
0"
#44281
1"
b1101 &
#44282
0"
#44283
1"
b1110 &
#44284
0"
#44285
1"
b1111 &
#44286
0"
#44287
1"
b0000 &
#44288
0"
#44289
1"
b0001 &
#44290
0"
#44291
1"
b0010 &
#44292
0"
#44293
1"
b0011 &
#44294
0"
#44295
1"
b0100 &
#44296
0"
#44297
1"
b0101 &
#44298
0"
#44299
1"
b0110 &
#44300
0"
#44301
1"
b0111 &
#44302
0"
#44303
1"
b1000 &
#44304
0"
#44305
1"
b1001 &
#44306
0"
#44307
1"
b1010 &
#44308
0"
#44309
1"
b1011 &
#44310
0"
#44311
1"
b1100 &
#44312
0"
#44313
1"
b1101 &
#44314
0"
#44315
1"
b1110 &
#44316
0"
#44317
1"
b1111 &
#44318
0"
#44319
1"
b0000 &
#44320
0"
#44321
1"
b0001 &
#44322
0"
#44323
1"
b0010 &
#44324
0"
#44325
1"
b0011 &
#44326
0"
#44327
1"
b0100 &
#44328
0"
#44329
1"
b0101 &
#44330
0"
#44331
1"
b0110 &
#44332
0"
#44333
1"
b0111 &
#44334
0"
#44335
1"
b1000 &
#44336
0"
#44337
1"
b1001 &
#44338
0"
#44339
1"
b1010 &
#44340
0"
#44341
1"
b1011 &
#44342
0"
#44343
1"
b1100 &
#44344
0"
#44345
1"
b1101 &
#44346
0"
#44347
1"
b1110 &
#44348
0"
#44349
1"
b1111 &
#44350
0"
#44351
1"
b0000 &
#44352
0"
#44353
1"
b0001 &
#44354
0"
#44355
1"
b0010 &
#44356
0"
#44357
1"
b0011 &
#44358
0"
#44359
1"
b0100 &
#44360
0"
#44361
1"
b0101 &
#44362
0"
#44363
1"
b0110 &
#44364
0"
#44365
1"
b0111 &
#44366
0"
#44367
1"
b1000 &
#44368
0"
#44369
1"
b1001 &
#44370
0"
#44371
1"
b1010 &
#44372
0"
#44373
1"
b1011 &
#44374
0"
#44375
1"
b1100 &
#44376
0"
#44377
1"
b1101 &
#44378
0"
#44379
1"
b1110 &
#44380
0"
#44381
1"
b1111 &
#44382
0"
#44383
1"
b0000 &
#44384
0"
#44385
1"
b0001 &
#44386
0"
#44387
1"
b0010 &
#44388
0"
#44389
1"
b0011 &
#44390
0"
#44391
1"
b0100 &
#44392
0"
#44393
1"
b0101 &
#44394
0"
#44395
1"
b0110 &
#44396
0"
#44397
1"
b0111 &
#44398
0"
#44399
1"
b1000 &
#44400
0"
#44401
1"
b1001 &
#44402
0"
#44403
1"
b1010 &
#44404
0"
#44405
1"
b1011 &
#44406
0"
#44407
1"
b1100 &
#44408
0"
#44409
1"
b1101 &
#44410
0"
#44411
1"
b1110 &
#44412
0"
#44413
1"
b1111 &
#44414
0"
#44415
1"
b0000 &
#44416
0"
#44417
1"
b0001 &
#44418
0"
#44419
1"
b0010 &
#44420
0"
#44421
1"
b0011 &
#44422
0"
#44423
1"
b0100 &
#44424
0"
#44425
1"
b0101 &
#44426
0"
#44427
1"
b0110 &
#44428
0"
#44429
1"
b0111 &
#44430
0"
#44431
1"
b1000 &
#44432
0"
#44433
1"
b1001 &
#44434
0"
#44435
1"
b1010 &
#44436
0"
#44437
1"
b1011 &
#44438
0"
#44439
1"
b1100 &
#44440
0"
#44441
1"
b1101 &
#44442
0"
#44443
1"
b1110 &
#44444
0"
#44445
1"
b1111 &
#44446
0"
#44447
1"
b0000 &
#44448
0"
#44449
1"
b0001 &
#44450
0"
#44451
1"
b0010 &
#44452
0"
#44453
1"
b0011 &
#44454
0"
#44455
1"
b0100 &
#44456
0"
#44457
1"
b0101 &
#44458
0"
#44459
1"
b0110 &
#44460
0"
#44461
1"
b0111 &
#44462
0"
#44463
1"
b1000 &
#44464
0"
#44465
1"
b1001 &
#44466
0"
#44467
1"
b1010 &
#44468
0"
#44469
1"
b1011 &
#44470
0"
#44471
1"
b1100 &
#44472
0"
#44473
1"
b1101 &
#44474
0"
#44475
1"
b1110 &
#44476
0"
#44477
1"
b1111 &
#44478
0"
#44479
1"
b0000 &
#44480
0"
#44481
1"
b0001 &
#44482
0"
#44483
1"
b0010 &
#44484
0"
#44485
1"
b0011 &
#44486
0"
#44487
1"
b0100 &
#44488
0"
#44489
1"
b0101 &
#44490
0"
#44491
1"
b0110 &
#44492
0"
#44493
1"
b0111 &
#44494
0"
#44495
1"
b1000 &
#44496
0"
#44497
1"
b1001 &
#44498
0"
#44499
1"
b1010 &
#44500
0"
#44501
1"
b1011 &
#44502
0"
#44503
1"
b1100 &
#44504
0"
#44505
1"
b1101 &
#44506
0"
#44507
1"
b1110 &
#44508
0"
#44509
1"
b1111 &
#44510
0"
#44511
1"
b0000 &
#44512
0"
#44513
1"
b0001 &
#44514
0"
#44515
1"
b0010 &
#44516
0"
#44517
1"
b0011 &
#44518
0"
#44519
1"
b0100 &
#44520
0"
#44521
1"
b0101 &
#44522
0"
#44523
1"
b0110 &
#44524
0"
#44525
1"
b0111 &
#44526
0"
#44527
1"
b1000 &
#44528
0"
#44529
1"
b1001 &
#44530
0"
#44531
1"
b1010 &
#44532
0"
#44533
1"
b1011 &
#44534
0"
#44535
1"
b1100 &
#44536
0"
#44537
1"
b1101 &
#44538
0"
#44539
1"
b1110 &
#44540
0"
#44541
1"
b1111 &
#44542
0"
#44543
1"
b0000 &
#44544
0"
#44545
1"
b0001 &
#44546
0"
#44547
1"
b0010 &
#44548
0"
#44549
1"
b0011 &
#44550
0"
#44551
1"
b0100 &
#44552
0"
#44553
1"
b0101 &
#44554
0"
#44555
1"
b0110 &
#44556
0"
#44557
1"
b0111 &
#44558
0"
#44559
1"
b1000 &
#44560
0"
#44561
1"
b1001 &
#44562
0"
#44563
1"
b1010 &
#44564
0"
#44565
1"
b1011 &
#44566
0"
#44567
1"
b1100 &
#44568
0"
#44569
1"
b1101 &
#44570
0"
#44571
1"
b1110 &
#44572
0"
#44573
1"
b1111 &
#44574
0"
#44575
1"
b0000 &
#44576
0"
#44577
1"
b0001 &
#44578
0"
#44579
1"
b0010 &
#44580
0"
#44581
1"
b0011 &
#44582
0"
#44583
1"
b0100 &
#44584
0"
#44585
1"
b0101 &
#44586
0"
#44587
1"
b0110 &
#44588
0"
#44589
1"
b0111 &
#44590
0"
#44591
1"
b1000 &
#44592
0"
#44593
1"
b1001 &
#44594
0"
#44595
1"
b1010 &
#44596
0"
#44597
1"
b1011 &
#44598
0"
#44599
1"
b1100 &
#44600
0"
#44601
1"
b1101 &
#44602
0"
#44603
1"
b1110 &
#44604
0"
#44605
1"
b1111 &
#44606
0"
#44607
1"
b0000 &
#44608
0"
#44609
1"
b0001 &
#44610
0"
#44611
1"
b0010 &
#44612
0"
#44613
1"
b0011 &
#44614
0"
#44615
1"
b0100 &
#44616
0"
#44617
1"
b0101 &
#44618
0"
#44619
1"
b0110 &
#44620
0"
#44621
1"
b0111 &
#44622
0"
#44623
1"
b1000 &
#44624
0"
#44625
1"
b1001 &
#44626
0"
#44627
1"
b1010 &
#44628
0"
#44629
1"
b1011 &
#44630
0"
#44631
1"
b1100 &
#44632
0"
#44633
1"
b1101 &
#44634
0"
#44635
1"
b1110 &
#44636
0"
#44637
1"
b1111 &
#44638
0"
#44639
1"
b0000 &
#44640
0"
#44641
1"
b0001 &
#44642
0"
#44643
1"
b0010 &
#44644
0"
#44645
1"
b0011 &
#44646
0"
#44647
1"
b0100 &
#44648
0"
#44649
1"
b0101 &
#44650
0"
#44651
1"
b0110 &
#44652
0"
#44653
1"
b0111 &
#44654
0"
#44655
1"
b1000 &
#44656
0"
#44657
1"
b1001 &
#44658
0"
#44659
1"
b1010 &
#44660
0"
#44661
1"
b1011 &
#44662
0"
#44663
1"
b1100 &
#44664
0"
#44665
1"
b1101 &
#44666
0"
#44667
1"
b1110 &
#44668
0"
#44669
1"
b1111 &
#44670
0"
#44671
1"
b0000 &
#44672
0"
#44673
1"
b0001 &
#44674
0"
#44675
1"
b0010 &
#44676
0"
#44677
1"
b0011 &
#44678
0"
#44679
1"
b0100 &
#44680
0"
#44681
1"
b0101 &
#44682
0"
#44683
1"
b0110 &
#44684
0"
#44685
1"
b0111 &
#44686
0"
#44687
1"
b1000 &
#44688
0"
#44689
1"
b1001 &
#44690
0"
#44691
1"
b1010 &
#44692
0"
#44693
1"
b1011 &
#44694
0"
#44695
1"
b1100 &
#44696
0"
#44697
1"
b1101 &
#44698
0"
#44699
1"
b1110 &
#44700
0"
#44701
1"
b1111 &
#44702
0"
#44703
1"
b0000 &
#44704
0"
#44705
1"
b0001 &
#44706
0"
#44707
1"
b0010 &
#44708
0"
#44709
1"
b0011 &
#44710
0"
#44711
1"
b0100 &
#44712
0"
#44713
1"
b0101 &
#44714
0"
#44715
1"
b0110 &
#44716
0"
#44717
1"
b0111 &
#44718
0"
#44719
1"
b1000 &
#44720
0"
#44721
1"
b1001 &
#44722
0"
#44723
1"
b1010 &
#44724
0"
#44725
1"
b1011 &
#44726
0"
#44727
1"
b1100 &
#44728
0"
#44729
1"
b1101 &
#44730
0"
#44731
1"
b1110 &
#44732
0"
#44733
1"
b1111 &
#44734
0"
#44735
1"
b0000 &
#44736
0"
#44737
1"
b0001 &
#44738
0"
#44739
1"
b0010 &
#44740
0"
#44741
1"
b0011 &
#44742
0"
#44743
1"
b0100 &
#44744
0"
#44745
1"
b0101 &
#44746
0"
#44747
1"
b0110 &
#44748
0"
#44749
1"
b0111 &
#44750
0"
#44751
1"
b1000 &
#44752
0"
#44753
1"
b1001 &
#44754
0"
#44755
1"
b1010 &
#44756
0"
#44757
1"
b1011 &
#44758
0"
#44759
1"
b1100 &
#44760
0"
#44761
1"
b1101 &
#44762
0"
#44763
1"
b1110 &
#44764
0"
#44765
1"
b1111 &
#44766
0"
#44767
1"
b0000 &
#44768
0"
#44769
1"
b0001 &
#44770
0"
#44771
1"
b0010 &
#44772
0"
#44773
1"
b0011 &
#44774
0"
#44775
1"
b0100 &
#44776
0"
#44777
1"
b0101 &
#44778
0"
#44779
1"
b0110 &
#44780
0"
#44781
1"
b0111 &
#44782
0"
#44783
1"
b1000 &
#44784
0"
#44785
1"
b1001 &
#44786
0"
#44787
1"
b1010 &
#44788
0"
#44789
1"
b1011 &
#44790
0"
#44791
1"
b1100 &
#44792
0"
#44793
1"
b1101 &
#44794
0"
#44795
1"
b1110 &
#44796
0"
#44797
1"
b1111 &
#44798
0"
#44799
1"
b0000 &
#44800
0"
#44801
1"
b0001 &
#44802
0"
#44803
1"
b0010 &
#44804
0"
#44805
1"
b0011 &
#44806
0"
#44807
1"
b0100 &
#44808
0"
#44809
1"
b0101 &
#44810
0"
#44811
1"
b0110 &
#44812
0"
#44813
1"
b0111 &
#44814
0"
#44815
1"
b1000 &
#44816
0"
#44817
1"
b1001 &
#44818
0"
#44819
1"
b1010 &
#44820
0"
#44821
1"
b1011 &
#44822
0"
#44823
1"
b1100 &
#44824
0"
#44825
1"
b1101 &
#44826
0"
#44827
1"
b1110 &
#44828
0"
#44829
1"
b1111 &
#44830
0"
#44831
1"
b0000 &
#44832
0"
#44833
1"
b0001 &
#44834
0"
#44835
1"
b0010 &
#44836
0"
#44837
1"
b0011 &
#44838
0"
#44839
1"
b0100 &
#44840
0"
#44841
1"
b0101 &
#44842
0"
#44843
1"
b0110 &
#44844
0"
#44845
1"
b0111 &
#44846
0"
#44847
1"
b1000 &
#44848
0"
#44849
1"
b1001 &
#44850
0"
#44851
1"
b1010 &
#44852
0"
#44853
1"
b1011 &
#44854
0"
#44855
1"
b1100 &
#44856
0"
#44857
1"
b1101 &
#44858
0"
#44859
1"
b1110 &
#44860
0"
#44861
1"
b1111 &
#44862
0"
#44863
1"
b0000 &
#44864
0"
#44865
1"
b0001 &
#44866
0"
#44867
1"
b0010 &
#44868
0"
#44869
1"
b0011 &
#44870
0"
#44871
1"
b0100 &
#44872
0"
#44873
1"
b0101 &
#44874
0"
#44875
1"
b0110 &
#44876
0"
#44877
1"
b0111 &
#44878
0"
#44879
1"
b1000 &
#44880
0"
#44881
1"
b1001 &
#44882
0"
#44883
1"
b1010 &
#44884
0"
#44885
1"
b1011 &
#44886
0"
#44887
1"
b1100 &
#44888
0"
#44889
1"
b1101 &
#44890
0"
#44891
1"
b1110 &
#44892
0"
#44893
1"
b1111 &
#44894
0"
#44895
1"
b0000 &
#44896
0"
#44897
1"
b0001 &
#44898
0"
#44899
1"
b0010 &
#44900
0"
#44901
1"
b0011 &
#44902
0"
#44903
1"
b0100 &
#44904
0"
#44905
1"
b0101 &
#44906
0"
#44907
1"
b0110 &
#44908
0"
#44909
1"
b0111 &
#44910
0"
#44911
1"
b1000 &
#44912
0"
#44913
1"
b1001 &
#44914
0"
#44915
1"
b1010 &
#44916
0"
#44917
1"
b1011 &
#44918
0"
#44919
1"
b1100 &
#44920
0"
#44921
1"
b1101 &
#44922
0"
#44923
1"
b1110 &
#44924
0"
#44925
1"
b1111 &
#44926
0"
#44927
1"
b0000 &
#44928
0"
#44929
1"
b0001 &
#44930
0"
#44931
1"
b0010 &
#44932
0"
#44933
1"
b0011 &
#44934
0"
#44935
1"
b0100 &
#44936
0"
#44937
1"
b0101 &
#44938
0"
#44939
1"
b0110 &
#44940
0"
#44941
1"
b0111 &
#44942
0"
#44943
1"
b1000 &
#44944
0"
#44945
1"
b1001 &
#44946
0"
#44947
1"
b1010 &
#44948
0"
#44949
1"
b1011 &
#44950
0"
#44951
1"
b1100 &
#44952
0"
#44953
1"
b1101 &
#44954
0"
#44955
1"
b1110 &
#44956
0"
#44957
1"
b1111 &
#44958
0"
#44959
1"
b0000 &
#44960
0"
#44961
1"
b0001 &
#44962
0"
#44963
1"
b0010 &
#44964
0"
#44965
1"
b0011 &
#44966
0"
#44967
1"
b0100 &
#44968
0"
#44969
1"
b0101 &
#44970
0"
#44971
1"
b0110 &
#44972
0"
#44973
1"
b0111 &
#44974
0"
#44975
1"
b1000 &
#44976
0"
#44977
1"
b1001 &
#44978
0"
#44979
1"
b1010 &
#44980
0"
#44981
1"
b1011 &
#44982
0"
#44983
1"
b1100 &
#44984
0"
#44985
1"
b1101 &
#44986
0"
#44987
1"
b1110 &
#44988
0"
#44989
1"
b1111 &
#44990
0"
#44991
1"
b0000 &
#44992
0"
#44993
1"
b0001 &
#44994
0"
#44995
1"
b0010 &
#44996
0"
#44997
1"
b0011 &
#44998
0"
#44999
1"
b0100 &
#45000
0"
#45001
1"
b0101 &
#45002
0"
#45003
1"
b0110 &
#45004
0"
#45005
1"
b0111 &
#45006
0"
#45007
1"
b1000 &
#45008
0"
#45009
1"
b1001 &
#45010
0"
#45011
1"
b1010 &
#45012
0"
#45013
1"
b1011 &
#45014
0"
#45015
1"
b1100 &
#45016
0"
#45017
1"
b1101 &
#45018
0"
#45019
1"
b1110 &
#45020
0"
#45021
1"
b1111 &
#45022
0"
#45023
1"
b0000 &
#45024
0"
#45025
1"
b0001 &
#45026
0"
#45027
1"
b0010 &
#45028
0"
#45029
1"
b0011 &
#45030
0"
#45031
1"
b0100 &
#45032
0"
#45033
1"
b0101 &
#45034
0"
#45035
1"
b0110 &
#45036
0"
#45037
1"
b0111 &
#45038
0"
#45039
1"
b1000 &
#45040
0"
#45041
1"
b1001 &
#45042
0"
#45043
1"
b1010 &
#45044
0"
#45045
1"
b1011 &
#45046
0"
#45047
1"
b1100 &
#45048
0"
#45049
1"
b1101 &
#45050
0"
#45051
1"
b1110 &
#45052
0"
#45053
1"
b1111 &
#45054
0"
#45055
1"
b0000 &
#45056
0"
#45057
1"
b0001 &
#45058
0"
#45059
1"
b0010 &
#45060
0"
#45061
1"
b0011 &
#45062
0"
#45063
1"
b0100 &
#45064
0"
#45065
1"
b0101 &
#45066
0"
#45067
1"
b0110 &
#45068
0"
#45069
1"
b0111 &
#45070
0"
#45071
1"
b1000 &
#45072
0"
#45073
1"
b1001 &
#45074
0"
#45075
1"
b1010 &
#45076
0"
#45077
1"
b1011 &
#45078
0"
#45079
1"
b1100 &
#45080
0"
#45081
1"
b1101 &
#45082
0"
#45083
1"
b1110 &
#45084
0"
#45085
1"
b1111 &
#45086
0"
#45087
1"
b0000 &
#45088
0"
#45089
1"
b0001 &
#45090
0"
#45091
1"
b0010 &
#45092
0"
#45093
1"
b0011 &
#45094
0"
#45095
1"
b0100 &
#45096
0"
#45097
1"
b0101 &
#45098
0"
#45099
1"
b0110 &
#45100
0"
#45101
1"
b0111 &
#45102
0"
#45103
1"
b1000 &
#45104
0"
#45105
1"
b1001 &
#45106
0"
#45107
1"
b1010 &
#45108
0"
#45109
1"
b1011 &
#45110
0"
#45111
1"
b1100 &
#45112
0"
#45113
1"
b1101 &
#45114
0"
#45115
1"
b1110 &
#45116
0"
#45117
1"
b1111 &
#45118
0"
#45119
1"
b0000 &
#45120
0"
#45121
1"
b0001 &
#45122
0"
#45123
1"
b0010 &
#45124
0"
#45125
1"
b0011 &
#45126
0"
#45127
1"
b0100 &
#45128
0"
#45129
1"
b0101 &
#45130
0"
#45131
1"
b0110 &
#45132
0"
#45133
1"
b0111 &
#45134
0"
#45135
1"
b1000 &
#45136
0"
#45137
1"
b1001 &
#45138
0"
#45139
1"
b1010 &
#45140
0"
#45141
1"
b1011 &
#45142
0"
#45143
1"
b1100 &
#45144
0"
#45145
1"
b1101 &
#45146
0"
#45147
1"
b1110 &
#45148
0"
#45149
1"
b1111 &
#45150
0"
#45151
1"
b0000 &
#45152
0"
#45153
1"
b0001 &
#45154
0"
#45155
1"
b0010 &
#45156
0"
#45157
1"
b0011 &
#45158
0"
#45159
1"
b0100 &
#45160
0"
#45161
1"
b0101 &
#45162
0"
#45163
1"
b0110 &
#45164
0"
#45165
1"
b0111 &
#45166
0"
#45167
1"
b1000 &
#45168
0"
#45169
1"
b1001 &
#45170
0"
#45171
1"
b1010 &
#45172
0"
#45173
1"
b1011 &
#45174
0"
#45175
1"
b1100 &
#45176
0"
#45177
1"
b1101 &
#45178
0"
#45179
1"
b1110 &
#45180
0"
#45181
1"
b1111 &
#45182
0"
#45183
1"
b0000 &
#45184
0"
#45185
1"
b0001 &
#45186
0"
#45187
1"
b0010 &
#45188
0"
#45189
1"
b0011 &
#45190
0"
#45191
1"
b0100 &
#45192
0"
#45193
1"
b0101 &
#45194
0"
#45195
1"
b0110 &
#45196
0"
#45197
1"
b0111 &
#45198
0"
#45199
1"
b1000 &
#45200
0"
#45201
1"
b1001 &
#45202
0"
#45203
1"
b1010 &
#45204
0"
#45205
1"
b1011 &
#45206
0"
#45207
1"
b1100 &
#45208
0"
#45209
1"
b1101 &
#45210
0"
#45211
1"
b1110 &
#45212
0"
#45213
1"
b1111 &
#45214
0"
#45215
1"
b0000 &
#45216
0"
#45217
1"
b0001 &
#45218
0"
#45219
1"
b0010 &
#45220
0"
#45221
1"
b0011 &
#45222
0"
#45223
1"
b0100 &
#45224
0"
#45225
1"
b0101 &
#45226
0"
#45227
1"
b0110 &
#45228
0"
#45229
1"
b0111 &
#45230
0"
#45231
1"
b1000 &
#45232
0"
#45233
1"
b1001 &
#45234
0"
#45235
1"
b1010 &
#45236
0"
#45237
1"
b1011 &
#45238
0"
#45239
1"
b1100 &
#45240
0"
#45241
1"
b1101 &
#45242
0"
#45243
1"
b1110 &
#45244
0"
#45245
1"
b1111 &
#45246
0"
#45247
1"
b0000 &
#45248
0"
#45249
1"
b0001 &
#45250
0"
#45251
1"
b0010 &
#45252
0"
#45253
1"
b0011 &
#45254
0"
#45255
1"
b0100 &
#45256
0"
#45257
1"
b0101 &
#45258
0"
#45259
1"
b0110 &
#45260
0"
#45261
1"
b0111 &
#45262
0"
#45263
1"
b1000 &
#45264
0"
#45265
1"
b1001 &
#45266
0"
#45267
1"
b1010 &
#45268
0"
#45269
1"
b1011 &
#45270
0"
#45271
1"
b1100 &
#45272
0"
#45273
1"
b1101 &
#45274
0"
#45275
1"
b1110 &
#45276
0"
#45277
1"
b1111 &
#45278
0"
#45279
1"
b0000 &
#45280
0"
#45281
1"
b0001 &
#45282
0"
#45283
1"
b0010 &
#45284
0"
#45285
1"
b0011 &
#45286
0"
#45287
1"
b0100 &
#45288
0"
#45289
1"
b0101 &
#45290
0"
#45291
1"
b0110 &
#45292
0"
#45293
1"
b0111 &
#45294
0"
#45295
1"
b1000 &
#45296
0"
#45297
1"
b1001 &
#45298
0"
#45299
1"
b1010 &
#45300
0"
#45301
1"
b1011 &
#45302
0"
#45303
1"
b1100 &
#45304
0"
#45305
1"
b1101 &
#45306
0"
#45307
1"
b1110 &
#45308
0"
#45309
1"
b1111 &
#45310
0"
#45311
1"
b0000 &
#45312
0"
#45313
1"
b0001 &
#45314
0"
#45315
1"
b0010 &
#45316
0"
#45317
1"
b0011 &
#45318
0"
#45319
1"
b0100 &
#45320
0"
#45321
1"
b0101 &
#45322
0"
#45323
1"
b0110 &
#45324
0"
#45325
1"
b0111 &
#45326
0"
#45327
1"
b1000 &
#45328
0"
#45329
1"
b1001 &
#45330
0"
#45331
1"
b1010 &
#45332
0"
#45333
1"
b1011 &
#45334
0"
#45335
1"
b1100 &
#45336
0"
#45337
1"
b1101 &
#45338
0"
#45339
1"
b1110 &
#45340
0"
#45341
1"
b1111 &
#45342
0"
#45343
1"
b0000 &
#45344
0"
#45345
1"
b0001 &
#45346
0"
#45347
1"
b0010 &
#45348
0"
#45349
1"
b0011 &
#45350
0"
#45351
1"
b0100 &
#45352
0"
#45353
1"
b0101 &
#45354
0"
#45355
1"
b0110 &
#45356
0"
#45357
1"
b0111 &
#45358
0"
#45359
1"
b1000 &
#45360
0"
#45361
1"
b1001 &
#45362
0"
#45363
1"
b1010 &
#45364
0"
#45365
1"
b1011 &
#45366
0"
#45367
1"
b1100 &
#45368
0"
#45369
1"
b1101 &
#45370
0"
#45371
1"
b1110 &
#45372
0"
#45373
1"
b1111 &
#45374
0"
#45375
1"
b0000 &
#45376
0"
#45377
1"
b0001 &
#45378
0"
#45379
1"
b0010 &
#45380
0"
#45381
1"
b0011 &
#45382
0"
#45383
1"
b0100 &
#45384
0"
#45385
1"
b0101 &
#45386
0"
#45387
1"
b0110 &
#45388
0"
#45389
1"
b0111 &
#45390
0"
#45391
1"
b1000 &
#45392
0"
#45393
1"
b1001 &
#45394
0"
#45395
1"
b1010 &
#45396
0"
#45397
1"
b1011 &
#45398
0"
#45399
1"
b1100 &
#45400
0"
#45401
1"
b1101 &
#45402
0"
#45403
1"
b1110 &
#45404
0"
#45405
1"
b1111 &
#45406
0"
#45407
1"
b0000 &
#45408
0"
#45409
1"
b0001 &
#45410
0"
#45411
1"
b0010 &
#45412
0"
#45413
1"
b0011 &
#45414
0"
#45415
1"
b0100 &
#45416
0"
#45417
1"
b0101 &
#45418
0"
#45419
1"
b0110 &
#45420
0"
#45421
1"
b0111 &
#45422
0"
#45423
1"
b1000 &
#45424
0"
#45425
1"
b1001 &
#45426
0"
#45427
1"
b1010 &
#45428
0"
#45429
1"
b1011 &
#45430
0"
#45431
1"
b1100 &
#45432
0"
#45433
1"
b1101 &
#45434
0"
#45435
1"
b1110 &
#45436
0"
#45437
1"
b1111 &
#45438
0"
#45439
1"
b0000 &
#45440
0"
#45441
1"
b0001 &
#45442
0"
#45443
1"
b0010 &
#45444
0"
#45445
1"
b0011 &
#45446
0"
#45447
1"
b0100 &
#45448
0"
#45449
1"
b0101 &
#45450
0"
#45451
1"
b0110 &
#45452
0"
#45453
1"
b0111 &
#45454
0"
#45455
1"
b1000 &
#45456
0"
#45457
1"
b1001 &
#45458
0"
#45459
1"
b1010 &
#45460
0"
#45461
1"
b1011 &
#45462
0"
#45463
1"
b1100 &
#45464
0"
#45465
1"
b1101 &
#45466
0"
#45467
1"
b1110 &
#45468
0"
#45469
1"
b1111 &
#45470
0"
#45471
1"
b0000 &
#45472
0"
#45473
1"
b0001 &
#45474
0"
#45475
1"
b0010 &
#45476
0"
#45477
1"
b0011 &
#45478
0"
#45479
1"
b0100 &
#45480
0"
#45481
1"
b0101 &
#45482
0"
#45483
1"
b0110 &
#45484
0"
#45485
1"
b0111 &
#45486
0"
#45487
1"
b1000 &
#45488
0"
#45489
1"
b1001 &
#45490
0"
#45491
1"
b1010 &
#45492
0"
#45493
1"
b1011 &
#45494
0"
#45495
1"
b1100 &
#45496
0"
#45497
1"
b1101 &
#45498
0"
#45499
1"
b1110 &
#45500
0"
#45501
1"
b1111 &
#45502
0"
#45503
1"
b0000 &
#45504
0"
#45505
1"
b0001 &
#45506
0"
#45507
1"
b0010 &
#45508
0"
#45509
1"
b0011 &
#45510
0"
#45511
1"
b0100 &
#45512
0"
#45513
1"
b0101 &
#45514
0"
#45515
1"
b0110 &
#45516
0"
#45517
1"
b0111 &
#45518
0"
#45519
1"
b1000 &
#45520
0"
#45521
1"
b1001 &
#45522
0"
#45523
1"
b1010 &
#45524
0"
#45525
1"
b1011 &
#45526
0"
#45527
1"
b1100 &
#45528
0"
#45529
1"
b1101 &
#45530
0"
#45531
1"
b1110 &
#45532
0"
#45533
1"
b1111 &
#45534
0"
#45535
1"
b0000 &
#45536
0"
#45537
1"
b0001 &
#45538
0"
#45539
1"
b0010 &
#45540
0"
#45541
1"
b0011 &
#45542
0"
#45543
1"
b0100 &
#45544
0"
#45545
1"
b0101 &
#45546
0"
#45547
1"
b0110 &
#45548
0"
#45549
1"
b0111 &
#45550
0"
#45551
1"
b1000 &
#45552
0"
#45553
1"
b1001 &
#45554
0"
#45555
1"
b1010 &
#45556
0"
#45557
1"
b1011 &
#45558
0"
#45559
1"
b1100 &
#45560
0"
#45561
1"
b1101 &
#45562
0"
#45563
1"
b1110 &
#45564
0"
#45565
1"
b1111 &
#45566
0"
#45567
1"
b0000 &
#45568
0"
#45569
1"
b0001 &
#45570
0"
#45571
1"
b0010 &
#45572
0"
#45573
1"
b0011 &
#45574
0"
#45575
1"
b0100 &
#45576
0"
#45577
1"
b0101 &
#45578
0"
#45579
1"
b0110 &
#45580
0"
#45581
1"
b0111 &
#45582
0"
#45583
1"
b1000 &
#45584
0"
#45585
1"
b1001 &
#45586
0"
#45587
1"
b1010 &
#45588
0"
#45589
1"
b1011 &
#45590
0"
#45591
1"
b1100 &
#45592
0"
#45593
1"
b1101 &
#45594
0"
#45595
1"
b1110 &
#45596
0"
#45597
1"
b1111 &
#45598
0"
#45599
1"
b0000 &
#45600
0"
#45601
1"
b0001 &
#45602
0"
#45603
1"
b0010 &
#45604
0"
#45605
1"
b0011 &
#45606
0"
#45607
1"
b0100 &
#45608
0"
#45609
1"
b0101 &
#45610
0"
#45611
1"
b0110 &
#45612
0"
#45613
1"
b0111 &
#45614
0"
#45615
1"
b1000 &
#45616
0"
#45617
1"
b1001 &
#45618
0"
#45619
1"
b1010 &
#45620
0"
#45621
1"
b1011 &
#45622
0"
#45623
1"
b1100 &
#45624
0"
#45625
1"
b1101 &
#45626
0"
#45627
1"
b1110 &
#45628
0"
#45629
1"
b1111 &
#45630
0"
#45631
1"
b0000 &
#45632
0"
#45633
1"
b0001 &
#45634
0"
#45635
1"
b0010 &
#45636
0"
#45637
1"
b0011 &
#45638
0"
#45639
1"
b0100 &
#45640
0"
#45641
1"
b0101 &
#45642
0"
#45643
1"
b0110 &
#45644
0"
#45645
1"
b0111 &
#45646
0"
#45647
1"
b1000 &
#45648
0"
#45649
1"
b1001 &
#45650
0"
#45651
1"
b1010 &
#45652
0"
#45653
1"
b1011 &
#45654
0"
#45655
1"
b1100 &
#45656
0"
#45657
1"
b1101 &
#45658
0"
#45659
1"
b1110 &
#45660
0"
#45661
1"
b1111 &
#45662
0"
#45663
1"
b0000 &
#45664
0"
#45665
1"
b0001 &
#45666
0"
#45667
1"
b0010 &
#45668
0"
#45669
1"
b0011 &
#45670
0"
#45671
1"
b0100 &
#45672
0"
#45673
1"
b0101 &
#45674
0"
#45675
1"
b0110 &
#45676
0"
#45677
1"
b0111 &
#45678
0"
#45679
1"
b1000 &
#45680
0"
#45681
1"
b1001 &
#45682
0"
#45683
1"
b1010 &
#45684
0"
#45685
1"
b1011 &
#45686
0"
#45687
1"
b1100 &
#45688
0"
#45689
1"
b1101 &
#45690
0"
#45691
1"
b1110 &
#45692
0"
#45693
1"
b1111 &
#45694
0"
#45695
1"
b0000 &
#45696
0"
#45697
1"
b0001 &
#45698
0"
#45699
1"
b0010 &
#45700
0"
#45701
1"
b0011 &
#45702
0"
#45703
1"
b0100 &
#45704
0"
#45705
1"
b0101 &
#45706
0"
#45707
1"
b0110 &
#45708
0"
#45709
1"
b0111 &
#45710
0"
#45711
1"
b1000 &
#45712
0"
#45713
1"
b1001 &
#45714
0"
#45715
1"
b1010 &
#45716
0"
#45717
1"
b1011 &
#45718
0"
#45719
1"
b1100 &
#45720
0"
#45721
1"
b1101 &
#45722
0"
#45723
1"
b1110 &
#45724
0"
#45725
1"
b1111 &
#45726
0"
#45727
1"
b0000 &
#45728
0"
#45729
1"
b0001 &
#45730
0"
#45731
1"
b0010 &
#45732
0"
#45733
1"
b0011 &
#45734
0"
#45735
1"
b0100 &
#45736
0"
#45737
1"
b0101 &
#45738
0"
#45739
1"
b0110 &
#45740
0"
#45741
1"
b0111 &
#45742
0"
#45743
1"
b1000 &
#45744
0"
#45745
1"
b1001 &
#45746
0"
#45747
1"
b1010 &
#45748
0"
#45749
1"
b1011 &
#45750
0"
#45751
1"
b1100 &
#45752
0"
#45753
1"
b1101 &
#45754
0"
#45755
1"
b1110 &
#45756
0"
#45757
1"
b1111 &
#45758
0"
#45759
1"
b0000 &
#45760
0"
#45761
1"
b0001 &
#45762
0"
#45763
1"
b0010 &
#45764
0"
#45765
1"
b0011 &
#45766
0"
#45767
1"
b0100 &
#45768
0"
#45769
1"
b0101 &
#45770
0"
#45771
1"
b0110 &
#45772
0"
#45773
1"
b0111 &
#45774
0"
#45775
1"
b1000 &
#45776
0"
#45777
1"
b1001 &
#45778
0"
#45779
1"
b1010 &
#45780
0"
#45781
1"
b1011 &
#45782
0"
#45783
1"
b1100 &
#45784
0"
#45785
1"
b1101 &
#45786
0"
#45787
1"
b1110 &
#45788
0"
#45789
1"
b1111 &
#45790
0"
#45791
1"
b0000 &
#45792
0"
#45793
1"
b0001 &
#45794
0"
#45795
1"
b0010 &
#45796
0"
#45797
1"
b0011 &
#45798
0"
#45799
1"
b0100 &
#45800
0"
#45801
1"
b0101 &
#45802
0"
#45803
1"
b0110 &
#45804
0"
#45805
1"
b0111 &
#45806
0"
#45807
1"
b1000 &
#45808
0"
#45809
1"
b1001 &
#45810
0"
#45811
1"
b1010 &
#45812
0"
#45813
1"
b1011 &
#45814
0"
#45815
1"
b1100 &
#45816
0"
#45817
1"
b1101 &
#45818
0"
#45819
1"
b1110 &
#45820
0"
#45821
1"
b1111 &
#45822
0"
#45823
1"
b0000 &
#45824
0"
#45825
1"
b0001 &
#45826
0"
#45827
1"
b0010 &
#45828
0"
#45829
1"
b0011 &
#45830
0"
#45831
1"
b0100 &
#45832
0"
#45833
1"
b0101 &
#45834
0"
#45835
1"
b0110 &
#45836
0"
#45837
1"
b0111 &
#45838
0"
#45839
1"
b1000 &
#45840
0"
#45841
1"
b1001 &
#45842
0"
#45843
1"
b1010 &
#45844
0"
#45845
1"
b1011 &
#45846
0"
#45847
1"
b1100 &
#45848
0"
#45849
1"
b1101 &
#45850
0"
#45851
1"
b1110 &
#45852
0"
#45853
1"
b1111 &
#45854
0"
#45855
1"
b0000 &
#45856
0"
#45857
1"
b0001 &
#45858
0"
#45859
1"
b0010 &
#45860
0"
#45861
1"
b0011 &
#45862
0"
#45863
1"
b0100 &
#45864
0"
#45865
1"
b0101 &
#45866
0"
#45867
1"
b0110 &
#45868
0"
#45869
1"
b0111 &
#45870
0"
#45871
1"
b1000 &
#45872
0"
#45873
1"
b1001 &
#45874
0"
#45875
1"
b1010 &
#45876
0"
#45877
1"
b1011 &
#45878
0"
#45879
1"
b1100 &
#45880
0"
#45881
1"
b1101 &
#45882
0"
#45883
1"
b1110 &
#45884
0"
#45885
1"
b1111 &
#45886
0"
#45887
1"
b0000 &
#45888
0"
#45889
1"
b0001 &
#45890
0"
#45891
1"
b0010 &
#45892
0"
#45893
1"
b0011 &
#45894
0"
#45895
1"
b0100 &
#45896
0"
#45897
1"
b0101 &
#45898
0"
#45899
1"
b0110 &
#45900
0"
#45901
1"
b0111 &
#45902
0"
#45903
1"
b1000 &
#45904
0"
#45905
1"
b1001 &
#45906
0"
#45907
1"
b1010 &
#45908
0"
#45909
1"
b1011 &
#45910
0"
#45911
1"
b1100 &
#45912
0"
#45913
1"
b1101 &
#45914
0"
#45915
1"
b1110 &
#45916
0"
#45917
1"
b1111 &
#45918
0"
#45919
1"
b0000 &
#45920
0"
#45921
1"
b0001 &
#45922
0"
#45923
1"
b0010 &
#45924
0"
#45925
1"
b0011 &
#45926
0"
#45927
1"
b0100 &
#45928
0"
#45929
1"
b0101 &
#45930
0"
#45931
1"
b0110 &
#45932
0"
#45933
1"
b0111 &
#45934
0"
#45935
1"
b1000 &
#45936
0"
#45937
1"
b1001 &
#45938
0"
#45939
1"
b1010 &
#45940
0"
#45941
1"
b1011 &
#45942
0"
#45943
1"
b1100 &
#45944
0"
#45945
1"
b1101 &
#45946
0"
#45947
1"
b1110 &
#45948
0"
#45949
1"
b1111 &
#45950
0"
#45951
1"
b0000 &
#45952
0"
#45953
1"
b0001 &
#45954
0"
#45955
1"
b0010 &
#45956
0"
#45957
1"
b0011 &
#45958
0"
#45959
1"
b0100 &
#45960
0"
#45961
1"
b0101 &
#45962
0"
#45963
1"
b0110 &
#45964
0"
#45965
1"
b0111 &
#45966
0"
#45967
1"
b1000 &
#45968
0"
#45969
1"
b1001 &
#45970
0"
#45971
1"
b1010 &
#45972
0"
#45973
1"
b1011 &
#45974
0"
#45975
1"
b1100 &
#45976
0"
#45977
1"
b1101 &
#45978
0"
#45979
1"
b1110 &
#45980
0"
#45981
1"
b1111 &
#45982
0"
#45983
1"
b0000 &
#45984
0"
#45985
1"
b0001 &
#45986
0"
#45987
1"
b0010 &
#45988
0"
#45989
1"
b0011 &
#45990
0"
#45991
1"
b0100 &
#45992
0"
#45993
1"
b0101 &
#45994
0"
#45995
1"
b0110 &
#45996
0"
#45997
1"
b0111 &
#45998
0"
#45999
1"
b1000 &
#46000
0"
#46001
1"
b1001 &
#46002
0"
#46003
1"
b1010 &
#46004
0"
#46005
1"
b1011 &
#46006
0"
#46007
1"
b1100 &
#46008
0"
#46009
1"
b1101 &
#46010
0"
#46011
1"
b1110 &
#46012
0"
#46013
1"
b1111 &
#46014
0"
#46015
1"
b0000 &
#46016
0"
#46017
1"
b0001 &
#46018
0"
#46019
1"
b0010 &
#46020
0"
#46021
1"
b0011 &
#46022
0"
#46023
1"
b0100 &
#46024
0"
#46025
1"
b0101 &
#46026
0"
#46027
1"
b0110 &
#46028
0"
#46029
1"
b0111 &
#46030
0"
#46031
1"
b1000 &
#46032
0"
#46033
1"
b1001 &
#46034
0"
#46035
1"
b1010 &
#46036
0"
#46037
1"
b1011 &
#46038
0"
#46039
1"
b1100 &
#46040
0"
#46041
1"
b1101 &
#46042
0"
#46043
1"
b1110 &
#46044
0"
#46045
1"
b1111 &
#46046
0"
#46047
1"
b0000 &
#46048
0"
#46049
1"
b0001 &
#46050
0"
#46051
1"
b0010 &
#46052
0"
#46053
1"
b0011 &
#46054
0"
#46055
1"
b0100 &
#46056
0"
#46057
1"
b0101 &
#46058
0"
#46059
1"
b0110 &
#46060
0"
#46061
1"
b0111 &
#46062
0"
#46063
1"
b1000 &
#46064
0"
#46065
1"
b1001 &
#46066
0"
#46067
1"
b1010 &
#46068
0"
#46069
1"
b1011 &
#46070
0"
#46071
1"
b1100 &
#46072
0"
#46073
1"
b1101 &
#46074
0"
#46075
1"
b1110 &
#46076
0"
#46077
1"
b1111 &
#46078
0"
#46079
1"
b0000 &
#46080
0"
#46081
1"
b0001 &
#46082
0"
#46083
1"
b0010 &
#46084
0"
#46085
1"
b0011 &
#46086
0"
#46087
1"
b0100 &
#46088
0"
#46089
1"
b0101 &
#46090
0"
#46091
1"
b0110 &
#46092
0"
#46093
1"
b0111 &
#46094
0"
#46095
1"
b1000 &
#46096
0"
#46097
1"
b1001 &
#46098
0"
#46099
1"
b1010 &
#46100
0"
#46101
1"
b1011 &
#46102
0"
#46103
1"
b1100 &
#46104
0"
#46105
1"
b1101 &
#46106
0"
#46107
1"
b1110 &
#46108
0"
#46109
1"
b1111 &
#46110
0"
#46111
1"
b0000 &
#46112
0"
#46113
1"
b0001 &
#46114
0"
#46115
1"
b0010 &
#46116
0"
#46117
1"
b0011 &
#46118
0"
#46119
1"
b0100 &
#46120
0"
#46121
1"
b0101 &
#46122
0"
#46123
1"
b0110 &
#46124
0"
#46125
1"
b0111 &
#46126
0"
#46127
1"
b1000 &
#46128
0"
#46129
1"
b1001 &
#46130
0"
#46131
1"
b1010 &
#46132
0"
#46133
1"
b1011 &
#46134
0"
#46135
1"
b1100 &
#46136
0"
#46137
1"
b1101 &
#46138
0"
#46139
1"
b1110 &
#46140
0"
#46141
1"
b1111 &
#46142
0"
#46143
1"
b0000 &
#46144
0"
#46145
1"
b0001 &
#46146
0"
#46147
1"
b0010 &
#46148
0"
#46149
1"
b0011 &
#46150
0"
#46151
1"
b0100 &
#46152
0"
#46153
1"
b0101 &
#46154
0"
#46155
1"
b0110 &
#46156
0"
#46157
1"
b0111 &
#46158
0"
#46159
1"
b1000 &
#46160
0"
#46161
1"
b1001 &
#46162
0"
#46163
1"
b1010 &
#46164
0"
#46165
1"
b1011 &
#46166
0"
#46167
1"
b1100 &
#46168
0"
#46169
1"
b1101 &
#46170
0"
#46171
1"
b1110 &
#46172
0"
#46173
1"
b1111 &
#46174
0"
#46175
1"
b0000 &
#46176
0"
#46177
1"
b0001 &
#46178
0"
#46179
1"
b0010 &
#46180
0"
#46181
1"
b0011 &
#46182
0"
#46183
1"
b0100 &
#46184
0"
#46185
1"
b0101 &
#46186
0"
#46187
1"
b0110 &
#46188
0"
#46189
1"
b0111 &
#46190
0"
#46191
1"
b1000 &
#46192
0"
#46193
1"
b1001 &
#46194
0"
#46195
1"
b1010 &
#46196
0"
#46197
1"
b1011 &
#46198
0"
#46199
1"
b1100 &
#46200
0"
#46201
1"
b1101 &
#46202
0"
#46203
1"
b1110 &
#46204
0"
#46205
1"
b1111 &
#46206
0"
#46207
1"
b0000 &
#46208
0"
#46209
1"
b0001 &
#46210
0"
#46211
1"
b0010 &
#46212
0"
#46213
1"
b0011 &
#46214
0"
#46215
1"
b0100 &
#46216
0"
#46217
1"
b0101 &
#46218
0"
#46219
1"
b0110 &
#46220
0"
#46221
1"
b0111 &
#46222
0"
#46223
1"
b1000 &
#46224
0"
#46225
1"
b1001 &
#46226
0"
#46227
1"
b1010 &
#46228
0"
#46229
1"
b1011 &
#46230
0"
#46231
1"
b1100 &
#46232
0"
#46233
1"
b1101 &
#46234
0"
#46235
1"
b1110 &
#46236
0"
#46237
1"
b1111 &
#46238
0"
#46239
1"
b0000 &
#46240
0"
#46241
1"
b0001 &
#46242
0"
#46243
1"
b0010 &
#46244
0"
#46245
1"
b0011 &
#46246
0"
#46247
1"
b0100 &
#46248
0"
#46249
1"
b0101 &
#46250
0"
#46251
1"
b0110 &
#46252
0"
#46253
1"
b0111 &
#46254
0"
#46255
1"
b1000 &
#46256
0"
#46257
1"
b1001 &
#46258
0"
#46259
1"
b1010 &
#46260
0"
#46261
1"
b1011 &
#46262
0"
#46263
1"
b1100 &
#46264
0"
#46265
1"
b1101 &
#46266
0"
#46267
1"
b1110 &
#46268
0"
#46269
1"
b1111 &
#46270
0"
#46271
1"
b0000 &
#46272
0"
#46273
1"
b0001 &
#46274
0"
#46275
1"
b0010 &
#46276
0"
#46277
1"
b0011 &
#46278
0"
#46279
1"
b0100 &
#46280
0"
#46281
1"
b0101 &
#46282
0"
#46283
1"
b0110 &
#46284
0"
#46285
1"
b0111 &
#46286
0"
#46287
1"
b1000 &
#46288
0"
#46289
1"
b1001 &
#46290
0"
#46291
1"
b1010 &
#46292
0"
#46293
1"
b1011 &
#46294
0"
#46295
1"
b1100 &
#46296
0"
#46297
1"
b1101 &
#46298
0"
#46299
1"
b1110 &
#46300
0"
#46301
1"
b1111 &
#46302
0"
#46303
1"
b0000 &
#46304
0"
#46305
1"
b0001 &
#46306
0"
#46307
1"
b0010 &
#46308
0"
#46309
1"
b0011 &
#46310
0"
#46311
1"
b0100 &
#46312
0"
#46313
1"
b0101 &
#46314
0"
#46315
1"
b0110 &
#46316
0"
#46317
1"
b0111 &
#46318
0"
#46319
1"
b1000 &
#46320
0"
#46321
1"
b1001 &
#46322
0"
#46323
1"
b1010 &
#46324
0"
#46325
1"
b1011 &
#46326
0"
#46327
1"
b1100 &
#46328
0"
#46329
1"
b1101 &
#46330
0"
#46331
1"
b1110 &
#46332
0"
#46333
1"
b1111 &
#46334
0"
#46335
1"
b0000 &
#46336
0"
#46337
1"
b0001 &
#46338
0"
#46339
1"
b0010 &
#46340
0"
#46341
1"
b0011 &
#46342
0"
#46343
1"
b0100 &
#46344
0"
#46345
1"
b0101 &
#46346
0"
#46347
1"
b0110 &
#46348
0"
#46349
1"
b0111 &
#46350
0"
#46351
1"
b1000 &
#46352
0"
#46353
1"
b1001 &
#46354
0"
#46355
1"
b1010 &
#46356
0"
#46357
1"
b1011 &
#46358
0"
#46359
1"
b1100 &
#46360
0"
#46361
1"
b1101 &
#46362
0"
#46363
1"
b1110 &
#46364
0"
#46365
1"
b1111 &
#46366
0"
#46367
1"
b0000 &
#46368
0"
#46369
1"
b0001 &
#46370
0"
#46371
1"
b0010 &
#46372
0"
#46373
1"
b0011 &
#46374
0"
#46375
1"
b0100 &
#46376
0"
#46377
1"
b0101 &
#46378
0"
#46379
1"
b0110 &
#46380
0"
#46381
1"
b0111 &
#46382
0"
#46383
1"
b1000 &
#46384
0"
#46385
1"
b1001 &
#46386
0"
#46387
1"
b1010 &
#46388
0"
#46389
1"
b1011 &
#46390
0"
#46391
1"
b1100 &
#46392
0"
#46393
1"
b1101 &
#46394
0"
#46395
1"
b1110 &
#46396
0"
#46397
1"
b1111 &
#46398
0"
#46399
1"
b0000 &
#46400
0"
#46401
1"
b0001 &
#46402
0"
#46403
1"
b0010 &
#46404
0"
#46405
1"
b0011 &
#46406
0"
#46407
1"
b0100 &
#46408
0"
#46409
1"
b0101 &
#46410
0"
#46411
1"
b0110 &
#46412
0"
#46413
1"
b0111 &
#46414
0"
#46415
1"
b1000 &
#46416
0"
#46417
1"
b1001 &
#46418
0"
#46419
1"
b1010 &
#46420
0"
#46421
1"
b1011 &
#46422
0"
#46423
1"
b1100 &
#46424
0"
#46425
1"
b1101 &
#46426
0"
#46427
1"
b1110 &
#46428
0"
#46429
1"
b1111 &
#46430
0"
#46431
1"
b0000 &
#46432
0"
#46433
1"
b0001 &
#46434
0"
#46435
1"
b0010 &
#46436
0"
#46437
1"
b0011 &
#46438
0"
#46439
1"
b0100 &
#46440
0"
#46441
1"
b0101 &
#46442
0"
#46443
1"
b0110 &
#46444
0"
#46445
1"
b0111 &
#46446
0"
#46447
1"
b1000 &
#46448
0"
#46449
1"
b1001 &
#46450
0"
#46451
1"
b1010 &
#46452
0"
#46453
1"
b1011 &
#46454
0"
#46455
1"
b1100 &
#46456
0"
#46457
1"
b1101 &
#46458
0"
#46459
1"
b1110 &
#46460
0"
#46461
1"
b1111 &
#46462
0"
#46463
1"
b0000 &
#46464
0"
#46465
1"
b0001 &
#46466
0"
#46467
1"
b0010 &
#46468
0"
#46469
1"
b0011 &
#46470
0"
#46471
1"
b0100 &
#46472
0"
#46473
1"
b0101 &
#46474
0"
#46475
1"
b0110 &
#46476
0"
#46477
1"
b0111 &
#46478
0"
#46479
1"
b1000 &
#46480
0"
#46481
1"
b1001 &
#46482
0"
#46483
1"
b1010 &
#46484
0"
#46485
1"
b1011 &
#46486
0"
#46487
1"
b1100 &
#46488
0"
#46489
1"
b1101 &
#46490
0"
#46491
1"
b1110 &
#46492
0"
#46493
1"
b1111 &
#46494
0"
#46495
1"
b0000 &
#46496
0"
#46497
1"
b0001 &
#46498
0"
#46499
1"
b0010 &
#46500
0"
#46501
1"
b0011 &
#46502
0"
#46503
1"
b0100 &
#46504
0"
#46505
1"
b0101 &
#46506
0"
#46507
1"
b0110 &
#46508
0"
#46509
1"
b0111 &
#46510
0"
#46511
1"
b1000 &
#46512
0"
#46513
1"
b1001 &
#46514
0"
#46515
1"
b1010 &
#46516
0"
#46517
1"
b1011 &
#46518
0"
#46519
1"
b1100 &
#46520
0"
#46521
1"
b1101 &
#46522
0"
#46523
1"
b1110 &
#46524
0"
#46525
1"
b1111 &
#46526
0"
#46527
1"
b0000 &
#46528
0"
#46529
1"
b0001 &
#46530
0"
#46531
1"
b0010 &
#46532
0"
#46533
1"
b0011 &
#46534
0"
#46535
1"
b0100 &
#46536
0"
#46537
1"
b0101 &
#46538
0"
#46539
1"
b0110 &
#46540
0"
#46541
1"
b0111 &
#46542
0"
#46543
1"
b1000 &
#46544
0"
#46545
1"
b1001 &
#46546
0"
#46547
1"
b1010 &
#46548
0"
#46549
1"
b1011 &
#46550
0"
#46551
1"
b1100 &
#46552
0"
#46553
1"
b1101 &
#46554
0"
#46555
1"
b1110 &
#46556
0"
#46557
1"
b1111 &
#46558
0"
#46559
1"
b0000 &
#46560
0"
#46561
1"
b0001 &
#46562
0"
#46563
1"
b0010 &
#46564
0"
#46565
1"
b0011 &
#46566
0"
#46567
1"
b0100 &
#46568
0"
#46569
1"
b0101 &
#46570
0"
#46571
1"
b0110 &
#46572
0"
#46573
1"
b0111 &
#46574
0"
#46575
1"
b1000 &
#46576
0"
#46577
1"
b1001 &
#46578
0"
#46579
1"
b1010 &
#46580
0"
#46581
1"
b1011 &
#46582
0"
#46583
1"
b1100 &
#46584
0"
#46585
1"
b1101 &
#46586
0"
#46587
1"
b1110 &
#46588
0"
#46589
1"
b1111 &
#46590
0"
#46591
1"
b0000 &
#46592
0"
#46593
1"
b0001 &
#46594
0"
#46595
1"
b0010 &
#46596
0"
#46597
1"
b0011 &
#46598
0"
#46599
1"
b0100 &
#46600
0"
#46601
1"
b0101 &
#46602
0"
#46603
1"
b0110 &
#46604
0"
#46605
1"
b0111 &
#46606
0"
#46607
1"
b1000 &
#46608
0"
#46609
1"
b1001 &
#46610
0"
#46611
1"
b1010 &
#46612
0"
#46613
1"
b1011 &
#46614
0"
#46615
1"
b1100 &
#46616
0"
#46617
1"
b1101 &
#46618
0"
#46619
1"
b1110 &
#46620
0"
#46621
1"
b1111 &
#46622
0"
#46623
1"
b0000 &
#46624
0"
#46625
1"
b0001 &
#46626
0"
#46627
1"
b0010 &
#46628
0"
#46629
1"
b0011 &
#46630
0"
#46631
1"
b0100 &
#46632
0"
#46633
1"
b0101 &
#46634
0"
#46635
1"
b0110 &
#46636
0"
#46637
1"
b0111 &
#46638
0"
#46639
1"
b1000 &
#46640
0"
#46641
1"
b1001 &
#46642
0"
#46643
1"
b1010 &
#46644
0"
#46645
1"
b1011 &
#46646
0"
#46647
1"
b1100 &
#46648
0"
#46649
1"
b1101 &
#46650
0"
#46651
1"
b1110 &
#46652
0"
#46653
1"
b1111 &
#46654
0"
#46655
1"
b0000 &
#46656
0"
#46657
1"
b0001 &
#46658
0"
#46659
1"
b0010 &
#46660
0"
#46661
1"
b0011 &
#46662
0"
#46663
1"
b0100 &
#46664
0"
#46665
1"
b0101 &
#46666
0"
#46667
1"
b0110 &
#46668
0"
#46669
1"
b0111 &
#46670
0"
#46671
1"
b1000 &
#46672
0"
#46673
1"
b1001 &
#46674
0"
#46675
1"
b1010 &
#46676
0"
#46677
1"
b1011 &
#46678
0"
#46679
1"
b1100 &
#46680
0"
#46681
1"
b1101 &
#46682
0"
#46683
1"
b1110 &
#46684
0"
#46685
1"
b1111 &
#46686
0"
#46687
1"
b0000 &
#46688
0"
#46689
1"
b0001 &
#46690
0"
#46691
1"
b0010 &
#46692
0"
#46693
1"
b0011 &
#46694
0"
#46695
1"
b0100 &
#46696
0"
#46697
1"
b0101 &
#46698
0"
#46699
1"
b0110 &
#46700
0"
#46701
1"
b0111 &
#46702
0"
#46703
1"
b1000 &
#46704
0"
#46705
1"
b1001 &
#46706
0"
#46707
1"
b1010 &
#46708
0"
#46709
1"
b1011 &
#46710
0"
#46711
1"
b1100 &
#46712
0"
#46713
1"
b1101 &
#46714
0"
#46715
1"
b1110 &
#46716
0"
#46717
1"
b1111 &
#46718
0"
#46719
1"
b0000 &
#46720
0"
#46721
1"
b0001 &
#46722
0"
#46723
1"
b0010 &
#46724
0"
#46725
1"
b0011 &
#46726
0"
#46727
1"
b0100 &
#46728
0"
#46729
1"
b0101 &
#46730
0"
#46731
1"
b0110 &
#46732
0"
#46733
1"
b0111 &
#46734
0"
#46735
1"
b1000 &
#46736
0"
#46737
1"
b1001 &
#46738
0"
#46739
1"
b1010 &
#46740
0"
#46741
1"
b1011 &
#46742
0"
#46743
1"
b1100 &
#46744
0"
#46745
1"
b1101 &
#46746
0"
#46747
1"
b1110 &
#46748
0"
#46749
1"
b1111 &
#46750
0"
#46751
1"
b0000 &
#46752
0"
#46753
1"
b0001 &
#46754
0"
#46755
1"
b0010 &
#46756
0"
#46757
1"
b0011 &
#46758
0"
#46759
1"
b0100 &
#46760
0"
#46761
1"
b0101 &
#46762
0"
#46763
1"
b0110 &
#46764
0"
#46765
1"
b0111 &
#46766
0"
#46767
1"
b1000 &
#46768
0"
#46769
1"
b1001 &
#46770
0"
#46771
1"
b1010 &
#46772
0"
#46773
1"
b1011 &
#46774
0"
#46775
1"
b1100 &
#46776
0"
#46777
1"
b1101 &
#46778
0"
#46779
1"
b1110 &
#46780
0"
#46781
1"
b1111 &
#46782
0"
#46783
1"
b0000 &
#46784
0"
#46785
1"
b0001 &
#46786
0"
#46787
1"
b0010 &
#46788
0"
#46789
1"
b0011 &
#46790
0"
#46791
1"
b0100 &
#46792
0"
#46793
1"
b0101 &
#46794
0"
#46795
1"
b0110 &
#46796
0"
#46797
1"
b0111 &
#46798
0"
#46799
1"
b1000 &
#46800
0"
#46801
1"
b1001 &
#46802
0"
#46803
1"
b1010 &
#46804
0"
#46805
1"
b1011 &
#46806
0"
#46807
1"
b1100 &
#46808
0"
#46809
1"
b1101 &
#46810
0"
#46811
1"
b1110 &
#46812
0"
#46813
1"
b1111 &
#46814
0"
#46815
1"
b0000 &
#46816
0"
#46817
1"
b0001 &
#46818
0"
#46819
1"
b0010 &
#46820
0"
#46821
1"
b0011 &
#46822
0"
#46823
1"
b0100 &
#46824
0"
#46825
1"
b0101 &
#46826
0"
#46827
1"
b0110 &
#46828
0"
#46829
1"
b0111 &
#46830
0"
#46831
1"
b1000 &
#46832
0"
#46833
1"
b1001 &
#46834
0"
#46835
1"
b1010 &
#46836
0"
#46837
1"
b1011 &
#46838
0"
#46839
1"
b1100 &
#46840
0"
#46841
1"
b1101 &
#46842
0"
#46843
1"
b1110 &
#46844
0"
#46845
1"
b1111 &
#46846
0"
#46847
1"
b0000 &
#46848
0"
#46849
1"
b0001 &
#46850
0"
#46851
1"
b0010 &
#46852
0"
#46853
1"
b0011 &
#46854
0"
#46855
1"
b0100 &
#46856
0"
#46857
1"
b0101 &
#46858
0"
#46859
1"
b0110 &
#46860
0"
#46861
1"
b0111 &
#46862
0"
#46863
1"
b1000 &
#46864
0"
#46865
1"
b1001 &
#46866
0"
#46867
1"
b1010 &
#46868
0"
#46869
1"
b1011 &
#46870
0"
#46871
1"
b1100 &
#46872
0"
#46873
1"
b1101 &
#46874
0"
#46875
1"
b1110 &
#46876
0"
#46877
1"
b1111 &
#46878
0"
#46879
1"
b0000 &
#46880
0"
#46881
1"
b0001 &
#46882
0"
#46883
1"
b0010 &
#46884
0"
#46885
1"
b0011 &
#46886
0"
#46887
1"
b0100 &
#46888
0"
#46889
1"
b0101 &
#46890
0"
#46891
1"
b0110 &
#46892
0"
#46893
1"
b0111 &
#46894
0"
#46895
1"
b1000 &
#46896
0"
#46897
1"
b1001 &
#46898
0"
#46899
1"
b1010 &
#46900
0"
#46901
1"
b1011 &
#46902
0"
#46903
1"
b1100 &
#46904
0"
#46905
1"
b1101 &
#46906
0"
#46907
1"
b1110 &
#46908
0"
#46909
1"
b1111 &
#46910
0"
#46911
1"
b0000 &
#46912
0"
#46913
1"
b0001 &
#46914
0"
#46915
1"
b0010 &
#46916
0"
#46917
1"
b0011 &
#46918
0"
#46919
1"
b0100 &
#46920
0"
#46921
1"
b0101 &
#46922
0"
#46923
1"
b0110 &
#46924
0"
#46925
1"
b0111 &
#46926
0"
#46927
1"
b1000 &
#46928
0"
#46929
1"
b1001 &
#46930
0"
#46931
1"
b1010 &
#46932
0"
#46933
1"
b1011 &
#46934
0"
#46935
1"
b1100 &
#46936
0"
#46937
1"
b1101 &
#46938
0"
#46939
1"
b1110 &
#46940
0"
#46941
1"
b1111 &
#46942
0"
#46943
1"
b0000 &
#46944
0"
#46945
1"
b0001 &
#46946
0"
#46947
1"
b0010 &
#46948
0"
#46949
1"
b0011 &
#46950
0"
#46951
1"
b0100 &
#46952
0"
#46953
1"
b0101 &
#46954
0"
#46955
1"
b0110 &
#46956
0"
#46957
1"
b0111 &
#46958
0"
#46959
1"
b1000 &
#46960
0"
#46961
1"
b1001 &
#46962
0"
#46963
1"
b1010 &
#46964
0"
#46965
1"
b1011 &
#46966
0"
#46967
1"
b1100 &
#46968
0"
#46969
1"
b1101 &
#46970
0"
#46971
1"
b1110 &
#46972
0"
#46973
1"
b1111 &
#46974
0"
#46975
1"
b0000 &
#46976
0"
#46977
1"
b0001 &
#46978
0"
#46979
1"
b0010 &
#46980
0"
#46981
1"
b0011 &
#46982
0"
#46983
1"
b0100 &
#46984
0"
#46985
1"
b0101 &
#46986
0"
#46987
1"
b0110 &
#46988
0"
#46989
1"
b0111 &
#46990
0"
#46991
1"
b1000 &
#46992
0"
#46993
1"
b1001 &
#46994
0"
#46995
1"
b1010 &
#46996
0"
#46997
1"
b1011 &
#46998
0"
#46999
1"
b1100 &
#47000
0"
#47001
1"
b1101 &
#47002
0"
#47003
1"
b1110 &
#47004
0"
#47005
1"
b1111 &
#47006
0"
#47007
1"
b0000 &
#47008
0"
#47009
1"
b0001 &
#47010
0"
#47011
1"
b0010 &
#47012
0"
#47013
1"
b0011 &
#47014
0"
#47015
1"
b0100 &
#47016
0"
#47017
1"
b0101 &
#47018
0"
#47019
1"
b0110 &
#47020
0"
#47021
1"
b0111 &
#47022
0"
#47023
1"
b1000 &
#47024
0"
#47025
1"
b1001 &
#47026
0"
#47027
1"
b1010 &
#47028
0"
#47029
1"
b1011 &
#47030
0"
#47031
1"
b1100 &
#47032
0"
#47033
1"
b1101 &
#47034
0"
#47035
1"
b1110 &
#47036
0"
#47037
1"
b1111 &
#47038
0"
#47039
1"
b0000 &
#47040
0"
#47041
1"
b0001 &
#47042
0"
#47043
1"
b0010 &
#47044
0"
#47045
1"
b0011 &
#47046
0"
#47047
1"
b0100 &
#47048
0"
#47049
1"
b0101 &
#47050
0"
#47051
1"
b0110 &
#47052
0"
#47053
1"
b0111 &
#47054
0"
#47055
1"
b1000 &
#47056
0"
#47057
1"
b1001 &
#47058
0"
#47059
1"
b1010 &
#47060
0"
#47061
1"
b1011 &
#47062
0"
#47063
1"
b1100 &
#47064
0"
#47065
1"
b1101 &
#47066
0"
#47067
1"
b1110 &
#47068
0"
#47069
1"
b1111 &
#47070
0"
#47071
1"
b0000 &
#47072
0"
#47073
1"
b0001 &
#47074
0"
#47075
1"
b0010 &
#47076
0"
#47077
1"
b0011 &
#47078
0"
#47079
1"
b0100 &
#47080
0"
#47081
1"
b0101 &
#47082
0"
#47083
1"
b0110 &
#47084
0"
#47085
1"
b0111 &
#47086
0"
#47087
1"
b1000 &
#47088
0"
#47089
1"
b1001 &
#47090
0"
#47091
1"
b1010 &
#47092
0"
#47093
1"
b1011 &
#47094
0"
#47095
1"
b1100 &
#47096
0"
#47097
1"
b1101 &
#47098
0"
#47099
1"
b1110 &
#47100
0"
#47101
1"
b1111 &
#47102
0"
#47103
1"
b0000 &
#47104
0"
#47105
1"
b0001 &
#47106
0"
#47107
1"
b0010 &
#47108
0"
#47109
1"
b0011 &
#47110
0"
#47111
1"
b0100 &
#47112
0"
#47113
1"
b0101 &
#47114
0"
#47115
1"
b0110 &
#47116
0"
#47117
1"
b0111 &
#47118
0"
#47119
1"
b1000 &
#47120
0"
#47121
1"
b1001 &
#47122
0"
#47123
1"
b1010 &
#47124
0"
#47125
1"
b1011 &
#47126
0"
#47127
1"
b1100 &
#47128
0"
#47129
1"
b1101 &
#47130
0"
#47131
1"
b1110 &
#47132
0"
#47133
1"
b1111 &
#47134
0"
#47135
1"
b0000 &
#47136
0"
#47137
1"
b0001 &
#47138
0"
#47139
1"
b0010 &
#47140
0"
#47141
1"
b0011 &
#47142
0"
#47143
1"
b0100 &
#47144
0"
#47145
1"
b0101 &
#47146
0"
#47147
1"
b0110 &
#47148
0"
#47149
1"
b0111 &
#47150
0"
#47151
1"
b1000 &
#47152
0"
#47153
1"
b1001 &
#47154
0"
#47155
1"
b1010 &
#47156
0"
#47157
1"
b1011 &
#47158
0"
#47159
1"
b1100 &
#47160
0"
#47161
1"
b1101 &
#47162
0"
#47163
1"
b1110 &
#47164
0"
#47165
1"
b1111 &
#47166
0"
#47167
1"
b0000 &
#47168
0"
#47169
1"
b0001 &
#47170
0"
#47171
1"
b0010 &
#47172
0"
#47173
1"
b0011 &
#47174
0"
#47175
1"
b0100 &
#47176
0"
#47177
1"
b0101 &
#47178
0"
#47179
1"
b0110 &
#47180
0"
#47181
1"
b0111 &
#47182
0"
#47183
1"
b1000 &
#47184
0"
#47185
1"
b1001 &
#47186
0"
#47187
1"
b1010 &
#47188
0"
#47189
1"
b1011 &
#47190
0"
#47191
1"
b1100 &
#47192
0"
#47193
1"
b1101 &
#47194
0"
#47195
1"
b1110 &
#47196
0"
#47197
1"
b1111 &
#47198
0"
#47199
1"
b0000 &
#47200
0"
#47201
1"
b0001 &
#47202
0"
#47203
1"
b0010 &
#47204
0"
#47205
1"
b0011 &
#47206
0"
#47207
1"
b0100 &
#47208
0"
#47209
1"
b0101 &
#47210
0"
#47211
1"
b0110 &
#47212
0"
#47213
1"
b0111 &
#47214
0"
#47215
1"
b1000 &
#47216
0"
#47217
1"
b1001 &
#47218
0"
#47219
1"
b1010 &
#47220
0"
#47221
1"
b1011 &
#47222
0"
#47223
1"
b1100 &
#47224
0"
#47225
1"
b1101 &
#47226
0"
#47227
1"
b1110 &
#47228
0"
#47229
1"
b1111 &
#47230
0"
#47231
1"
b0000 &
#47232
0"
#47233
1"
b0001 &
#47234
0"
#47235
1"
b0010 &
#47236
0"
#47237
1"
b0011 &
#47238
0"
#47239
1"
b0100 &
#47240
0"
#47241
1"
b0101 &
#47242
0"
#47243
1"
b0110 &
#47244
0"
#47245
1"
b0111 &
#47246
0"
#47247
1"
b1000 &
#47248
0"
#47249
1"
b1001 &
#47250
0"
#47251
1"
b1010 &
#47252
0"
#47253
1"
b1011 &
#47254
0"
#47255
1"
b1100 &
#47256
0"
#47257
1"
b1101 &
#47258
0"
#47259
1"
b1110 &
#47260
0"
#47261
1"
b1111 &
#47262
0"
#47263
1"
b0000 &
#47264
0"
#47265
1"
b0001 &
#47266
0"
#47267
1"
b0010 &
#47268
0"
#47269
1"
b0011 &
#47270
0"
#47271
1"
b0100 &
#47272
0"
#47273
1"
b0101 &
#47274
0"
#47275
1"
b0110 &
#47276
0"
#47277
1"
b0111 &
#47278
0"
#47279
1"
b1000 &
#47280
0"
#47281
1"
b1001 &
#47282
0"
#47283
1"
b1010 &
#47284
0"
#47285
1"
b1011 &
#47286
0"
#47287
1"
b1100 &
#47288
0"
#47289
1"
b1101 &
#47290
0"
#47291
1"
b1110 &
#47292
0"
#47293
1"
b1111 &
#47294
0"
#47295
1"
b0000 &
#47296
0"
#47297
1"
b0001 &
#47298
0"
#47299
1"
b0010 &
#47300
0"
#47301
1"
b0011 &
#47302
0"
#47303
1"
b0100 &
#47304
0"
#47305
1"
b0101 &
#47306
0"
#47307
1"
b0110 &
#47308
0"
#47309
1"
b0111 &
#47310
0"
#47311
1"
b1000 &
#47312
0"
#47313
1"
b1001 &
#47314
0"
#47315
1"
b1010 &
#47316
0"
#47317
1"
b1011 &
#47318
0"
#47319
1"
b1100 &
#47320
0"
#47321
1"
b1101 &
#47322
0"
#47323
1"
b1110 &
#47324
0"
#47325
1"
b1111 &
#47326
0"
#47327
1"
b0000 &
#47328
0"
#47329
1"
b0001 &
#47330
0"
#47331
1"
b0010 &
#47332
0"
#47333
1"
b0011 &
#47334
0"
#47335
1"
b0100 &
#47336
0"
#47337
1"
b0101 &
#47338
0"
#47339
1"
b0110 &
#47340
0"
#47341
1"
b0111 &
#47342
0"
#47343
1"
b1000 &
#47344
0"
#47345
1"
b1001 &
#47346
0"
#47347
1"
b1010 &
#47348
0"
#47349
1"
b1011 &
#47350
0"
#47351
1"
b1100 &
#47352
0"
#47353
1"
b1101 &
#47354
0"
#47355
1"
b1110 &
#47356
0"
#47357
1"
b1111 &
#47358
0"
#47359
1"
b0000 &
#47360
0"
#47361
1"
b0001 &
#47362
0"
#47363
1"
b0010 &
#47364
0"
#47365
1"
b0011 &
#47366
0"
#47367
1"
b0100 &
#47368
0"
#47369
1"
b0101 &
#47370
0"
#47371
1"
b0110 &
#47372
0"
#47373
1"
b0111 &
#47374
0"
#47375
1"
b1000 &
#47376
0"
#47377
1"
b1001 &
#47378
0"
#47379
1"
b1010 &
#47380
0"
#47381
1"
b1011 &
#47382
0"
#47383
1"
b1100 &
#47384
0"
#47385
1"
b1101 &
#47386
0"
#47387
1"
b1110 &
#47388
0"
#47389
1"
b1111 &
#47390
0"
#47391
1"
b0000 &
#47392
0"
#47393
1"
b0001 &
#47394
0"
#47395
1"
b0010 &
#47396
0"
#47397
1"
b0011 &
#47398
0"
#47399
1"
b0100 &
#47400
0"
#47401
1"
b0101 &
#47402
0"
#47403
1"
b0110 &
#47404
0"
#47405
1"
b0111 &
#47406
0"
#47407
1"
b1000 &
#47408
0"
#47409
1"
b1001 &
#47410
0"
#47411
1"
b1010 &
#47412
0"
#47413
1"
b1011 &
#47414
0"
#47415
1"
b1100 &
#47416
0"
#47417
1"
b1101 &
#47418
0"
#47419
1"
b1110 &
#47420
0"
#47421
1"
b1111 &
#47422
0"
#47423
1"
b0000 &
#47424
0"
#47425
1"
b0001 &
#47426
0"
#47427
1"
b0010 &
#47428
0"
#47429
1"
b0011 &
#47430
0"
#47431
1"
b0100 &
#47432
0"
#47433
1"
b0101 &
#47434
0"
#47435
1"
b0110 &
#47436
0"
#47437
1"
b0111 &
#47438
0"
#47439
1"
b1000 &
#47440
0"
#47441
1"
b1001 &
#47442
0"
#47443
1"
b1010 &
#47444
0"
#47445
1"
b1011 &
#47446
0"
#47447
1"
b1100 &
#47448
0"
#47449
1"
b1101 &
#47450
0"
#47451
1"
b1110 &
#47452
0"
#47453
1"
b1111 &
#47454
0"
#47455
1"
b0000 &
#47456
0"
#47457
1"
b0001 &
#47458
0"
#47459
1"
b0010 &
#47460
0"
#47461
1"
b0011 &
#47462
0"
#47463
1"
b0100 &
#47464
0"
#47465
1"
b0101 &
#47466
0"
#47467
1"
b0110 &
#47468
0"
#47469
1"
b0111 &
#47470
0"
#47471
1"
b1000 &
#47472
0"
#47473
1"
b1001 &
#47474
0"
#47475
1"
b1010 &
#47476
0"
#47477
1"
b1011 &
#47478
0"
#47479
1"
b1100 &
#47480
0"
#47481
1"
b1101 &
#47482
0"
#47483
1"
b1110 &
#47484
0"
#47485
1"
b1111 &
#47486
0"
#47487
1"
b0000 &
#47488
0"
#47489
1"
b0001 &
#47490
0"
#47491
1"
b0010 &
#47492
0"
#47493
1"
b0011 &
#47494
0"
#47495
1"
b0100 &
#47496
0"
#47497
1"
b0101 &
#47498
0"
#47499
1"
b0110 &
#47500
0"
#47501
1"
b0111 &
#47502
0"
#47503
1"
b1000 &
#47504
0"
#47505
1"
b1001 &
#47506
0"
#47507
1"
b1010 &
#47508
0"
#47509
1"
b1011 &
#47510
0"
#47511
1"
b1100 &
#47512
0"
#47513
1"
b1101 &
#47514
0"
#47515
1"
b1110 &
#47516
0"
#47517
1"
b1111 &
#47518
0"
#47519
1"
b0000 &
#47520
0"
#47521
1"
b0001 &
#47522
0"
#47523
1"
b0010 &
#47524
0"
#47525
1"
b0011 &
#47526
0"
#47527
1"
b0100 &
#47528
0"
#47529
1"
b0101 &
#47530
0"
#47531
1"
b0110 &
#47532
0"
#47533
1"
b0111 &
#47534
0"
#47535
1"
b1000 &
#47536
0"
#47537
1"
b1001 &
#47538
0"
#47539
1"
b1010 &
#47540
0"
#47541
1"
b1011 &
#47542
0"
#47543
1"
b1100 &
#47544
0"
#47545
1"
b1101 &
#47546
0"
#47547
1"
b1110 &
#47548
0"
#47549
1"
b1111 &
#47550
0"
#47551
1"
b0000 &
#47552
0"
#47553
1"
b0001 &
#47554
0"
#47555
1"
b0010 &
#47556
0"
#47557
1"
b0011 &
#47558
0"
#47559
1"
b0100 &
#47560
0"
#47561
1"
b0101 &
#47562
0"
#47563
1"
b0110 &
#47564
0"
#47565
1"
b0111 &
#47566
0"
#47567
1"
b1000 &
#47568
0"
#47569
1"
b1001 &
#47570
0"
#47571
1"
b1010 &
#47572
0"
#47573
1"
b1011 &
#47574
0"
#47575
1"
b1100 &
#47576
0"
#47577
1"
b1101 &
#47578
0"
#47579
1"
b1110 &
#47580
0"
#47581
1"
b1111 &
#47582
0"
#47583
1"
b0000 &
#47584
0"
#47585
1"
b0001 &
#47586
0"
#47587
1"
b0010 &
#47588
0"
#47589
1"
b0011 &
#47590
0"
#47591
1"
b0100 &
#47592
0"
#47593
1"
b0101 &
#47594
0"
#47595
1"
b0110 &
#47596
0"
#47597
1"
b0111 &
#47598
0"
#47599
1"
b1000 &
#47600
0"
#47601
1"
b1001 &
#47602
0"
#47603
1"
b1010 &
#47604
0"
#47605
1"
b1011 &
#47606
0"
#47607
1"
b1100 &
#47608
0"
#47609
1"
b1101 &
#47610
0"
#47611
1"
b1110 &
#47612
0"
#47613
1"
b1111 &
#47614
0"
#47615
1"
b0000 &
#47616
0"
#47617
1"
b0001 &
#47618
0"
#47619
1"
b0010 &
#47620
0"
#47621
1"
b0011 &
#47622
0"
#47623
1"
b0100 &
#47624
0"
#47625
1"
b0101 &
#47626
0"
#47627
1"
b0110 &
#47628
0"
#47629
1"
b0111 &
#47630
0"
#47631
1"
b1000 &
#47632
0"
#47633
1"
b1001 &
#47634
0"
#47635
1"
b1010 &
#47636
0"
#47637
1"
b1011 &
#47638
0"
#47639
1"
b1100 &
#47640
0"
#47641
1"
b1101 &
#47642
0"
#47643
1"
b1110 &
#47644
0"
#47645
1"
b1111 &
#47646
0"
#47647
1"
b0000 &
#47648
0"
#47649
1"
b0001 &
#47650
0"
#47651
1"
b0010 &
#47652
0"
#47653
1"
b0011 &
#47654
0"
#47655
1"
b0100 &
#47656
0"
#47657
1"
b0101 &
#47658
0"
#47659
1"
b0110 &
#47660
0"
#47661
1"
b0111 &
#47662
0"
#47663
1"
b1000 &
#47664
0"
#47665
1"
b1001 &
#47666
0"
#47667
1"
b1010 &
#47668
0"
#47669
1"
b1011 &
#47670
0"
#47671
1"
b1100 &
#47672
0"
#47673
1"
b1101 &
#47674
0"
#47675
1"
b1110 &
#47676
0"
#47677
1"
b1111 &
#47678
0"
#47679
1"
b0000 &
#47680
0"
#47681
1"
b0001 &
#47682
0"
#47683
1"
b0010 &
#47684
0"
#47685
1"
b0011 &
#47686
0"
#47687
1"
b0100 &
#47688
0"
#47689
1"
b0101 &
#47690
0"
#47691
1"
b0110 &
#47692
0"
#47693
1"
b0111 &
#47694
0"
#47695
1"
b1000 &
#47696
0"
#47697
1"
b1001 &
#47698
0"
#47699
1"
b1010 &
#47700
0"
#47701
1"
b1011 &
#47702
0"
#47703
1"
b1100 &
#47704
0"
#47705
1"
b1101 &
#47706
0"
#47707
1"
b1110 &
#47708
0"
#47709
1"
b1111 &
#47710
0"
#47711
1"
b0000 &
#47712
0"
#47713
1"
b0001 &
#47714
0"
#47715
1"
b0010 &
#47716
0"
#47717
1"
b0011 &
#47718
0"
#47719
1"
b0100 &
#47720
0"
#47721
1"
b0101 &
#47722
0"
#47723
1"
b0110 &
#47724
0"
#47725
1"
b0111 &
#47726
0"
#47727
1"
b1000 &
#47728
0"
#47729
1"
b1001 &
#47730
0"
#47731
1"
b1010 &
#47732
0"
#47733
1"
b1011 &
#47734
0"
#47735
1"
b1100 &
#47736
0"
#47737
1"
b1101 &
#47738
0"
#47739
1"
b1110 &
#47740
0"
#47741
1"
b1111 &
#47742
0"
#47743
1"
b0000 &
#47744
0"
#47745
1"
b0001 &
#47746
0"
#47747
1"
b0010 &
#47748
0"
#47749
1"
b0011 &
#47750
0"
#47751
1"
b0100 &
#47752
0"
#47753
1"
b0101 &
#47754
0"
#47755
1"
b0110 &
#47756
0"
#47757
1"
b0111 &
#47758
0"
#47759
1"
b1000 &
#47760
0"
#47761
1"
b1001 &
#47762
0"
#47763
1"
b1010 &
#47764
0"
#47765
1"
b1011 &
#47766
0"
#47767
1"
b1100 &
#47768
0"
#47769
1"
b1101 &
#47770
0"
#47771
1"
b1110 &
#47772
0"
#47773
1"
b1111 &
#47774
0"
#47775
1"
b0000 &
#47776
0"
#47777
1"
b0001 &
#47778
0"
#47779
1"
b0010 &
#47780
0"
#47781
1"
b0011 &
#47782
0"
#47783
1"
b0100 &
#47784
0"
#47785
1"
b0101 &
#47786
0"
#47787
1"
b0110 &
#47788
0"
#47789
1"
b0111 &
#47790
0"
#47791
1"
b1000 &
#47792
0"
#47793
1"
b1001 &
#47794
0"
#47795
1"
b1010 &
#47796
0"
#47797
1"
b1011 &
#47798
0"
#47799
1"
b1100 &
#47800
0"
#47801
1"
b1101 &
#47802
0"
#47803
1"
b1110 &
#47804
0"
#47805
1"
b1111 &
#47806
0"
#47807
1"
b0000 &
#47808
0"
#47809
1"
b0001 &
#47810
0"
#47811
1"
b0010 &
#47812
0"
#47813
1"
b0011 &
#47814
0"
#47815
1"
b0100 &
#47816
0"
#47817
1"
b0101 &
#47818
0"
#47819
1"
b0110 &
#47820
0"
#47821
1"
b0111 &
#47822
0"
#47823
1"
b1000 &
#47824
0"
#47825
1"
b1001 &
#47826
0"
#47827
1"
b1010 &
#47828
0"
#47829
1"
b1011 &
#47830
0"
#47831
1"
b1100 &
#47832
0"
#47833
1"
b1101 &
#47834
0"
#47835
1"
b1110 &
#47836
0"
#47837
1"
b1111 &
#47838
0"
#47839
1"
b0000 &
#47840
0"
#47841
1"
b0001 &
#47842
0"
#47843
1"
b0010 &
#47844
0"
#47845
1"
b0011 &
#47846
0"
#47847
1"
b0100 &
#47848
0"
#47849
1"
b0101 &
#47850
0"
#47851
1"
b0110 &
#47852
0"
#47853
1"
b0111 &
#47854
0"
#47855
1"
b1000 &
#47856
0"
#47857
1"
b1001 &
#47858
0"
#47859
1"
b1010 &
#47860
0"
#47861
1"
b1011 &
#47862
0"
#47863
1"
b1100 &
#47864
0"
#47865
1"
b1101 &
#47866
0"
#47867
1"
b1110 &
#47868
0"
#47869
1"
b1111 &
#47870
0"
#47871
1"
b0000 &
#47872
0"
#47873
1"
b0001 &
#47874
0"
#47875
1"
b0010 &
#47876
0"
#47877
1"
b0011 &
#47878
0"
#47879
1"
b0100 &
#47880
0"
#47881
1"
b0101 &
#47882
0"
#47883
1"
b0110 &
#47884
0"
#47885
1"
b0111 &
#47886
0"
#47887
1"
b1000 &
#47888
0"
#47889
1"
b1001 &
#47890
0"
#47891
1"
b1010 &
#47892
0"
#47893
1"
b1011 &
#47894
0"
#47895
1"
b1100 &
#47896
0"
#47897
1"
b1101 &
#47898
0"
#47899
1"
b1110 &
#47900
0"
#47901
1"
b1111 &
#47902
0"
#47903
1"
b0000 &
#47904
0"
#47905
1"
b0001 &
#47906
0"
#47907
1"
b0010 &
#47908
0"
#47909
1"
b0011 &
#47910
0"
#47911
1"
b0100 &
#47912
0"
#47913
1"
b0101 &
#47914
0"
#47915
1"
b0110 &
#47916
0"
#47917
1"
b0111 &
#47918
0"
#47919
1"
b1000 &
#47920
0"
#47921
1"
b1001 &
#47922
0"
#47923
1"
b1010 &
#47924
0"
#47925
1"
b1011 &
#47926
0"
#47927
1"
b1100 &
#47928
0"
#47929
1"
b1101 &
#47930
0"
#47931
1"
b1110 &
#47932
0"
#47933
1"
b1111 &
#47934
0"
#47935
1"
b0000 &
#47936
0"
#47937
1"
b0001 &
#47938
0"
#47939
1"
b0010 &
#47940
0"
#47941
1"
b0011 &
#47942
0"
#47943
1"
b0100 &
#47944
0"
#47945
1"
b0101 &
#47946
0"
#47947
1"
b0110 &
#47948
0"
#47949
1"
b0111 &
#47950
0"
#47951
1"
b1000 &
#47952
0"
#47953
1"
b1001 &
#47954
0"
#47955
1"
b1010 &
#47956
0"
#47957
1"
b1011 &
#47958
0"
#47959
1"
b1100 &
#47960
0"
#47961
1"
b1101 &
#47962
0"
#47963
1"
b1110 &
#47964
0"
#47965
1"
b1111 &
#47966
0"
#47967
1"
b0000 &
#47968
0"
#47969
1"
b0001 &
#47970
0"
#47971
1"
b0010 &
#47972
0"
#47973
1"
b0011 &
#47974
0"
#47975
1"
b0100 &
#47976
0"
#47977
1"
b0101 &
#47978
0"
#47979
1"
b0110 &
#47980
0"
#47981
1"
b0111 &
#47982
0"
#47983
1"
b1000 &
#47984
0"
#47985
1"
b1001 &
#47986
0"
#47987
1"
b1010 &
#47988
0"
#47989
1"
b1011 &
#47990
0"
#47991
1"
b1100 &
#47992
0"
#47993
1"
b1101 &
#47994
0"
#47995
1"
b1110 &
#47996
0"
#47997
1"
b1111 &
#47998
0"
#47999
1"
b0000 &
#48000
0"
#48001
1"
b0001 &
#48002
0"
#48003
1"
b0010 &
#48004
0"
#48005
1"
b0011 &
#48006
0"
#48007
1"
b0100 &
#48008
0"
#48009
1"
b0101 &
#48010
0"
#48011
1"
b0110 &
#48012
0"
#48013
1"
b0111 &
#48014
0"
#48015
1"
b1000 &
#48016
0"
#48017
1"
b1001 &
#48018
0"
#48019
1"
b1010 &
#48020
0"
#48021
1"
b1011 &
#48022
0"
#48023
1"
b1100 &
#48024
0"
#48025
1"
b1101 &
#48026
0"
#48027
1"
b1110 &
#48028
0"
#48029
1"
b1111 &
#48030
0"
#48031
1"
b0000 &
#48032
0"
#48033
1"
b0001 &
#48034
0"
#48035
1"
b0010 &
#48036
0"
#48037
1"
b0011 &
#48038
0"
#48039
1"
b0100 &
#48040
0"
#48041
1"
b0101 &
#48042
0"
#48043
1"
b0110 &
#48044
0"
#48045
1"
b0111 &
#48046
0"
#48047
1"
b1000 &
#48048
0"
#48049
1"
b1001 &
#48050
0"
#48051
1"
b1010 &
#48052
0"
#48053
1"
b1011 &
#48054
0"
#48055
1"
b1100 &
#48056
0"
#48057
1"
b1101 &
#48058
0"
#48059
1"
b1110 &
#48060
0"
#48061
1"
b1111 &
#48062
0"
#48063
1"
b0000 &
#48064
0"
#48065
1"
b0001 &
#48066
0"
#48067
1"
b0010 &
#48068
0"
#48069
1"
b0011 &
#48070
0"
#48071
1"
b0100 &
#48072
0"
#48073
1"
b0101 &
#48074
0"
#48075
1"
b0110 &
#48076
0"
#48077
1"
b0111 &
#48078
0"
#48079
1"
b1000 &
#48080
0"
#48081
1"
b1001 &
#48082
0"
#48083
1"
b1010 &
#48084
0"
#48085
1"
b1011 &
#48086
0"
#48087
1"
b1100 &
#48088
0"
#48089
1"
b1101 &
#48090
0"
#48091
1"
b1110 &
#48092
0"
#48093
1"
b1111 &
#48094
0"
#48095
1"
b0000 &
#48096
0"
#48097
1"
b0001 &
#48098
0"
#48099
1"
b0010 &
#48100
0"
#48101
1"
b0011 &
#48102
0"
#48103
1"
b0100 &
#48104
0"
#48105
1"
b0101 &
#48106
0"
#48107
1"
b0110 &
#48108
0"
#48109
1"
b0111 &
#48110
0"
#48111
1"
b1000 &
#48112
0"
#48113
1"
b1001 &
#48114
0"
#48115
1"
b1010 &
#48116
0"
#48117
1"
b1011 &
#48118
0"
#48119
1"
b1100 &
#48120
0"
#48121
1"
b1101 &
#48122
0"
#48123
1"
b1110 &
#48124
0"
#48125
1"
b1111 &
#48126
0"
#48127
1"
b0000 &
#48128
0"
#48129
1"
b0001 &
#48130
0"
#48131
1"
b0010 &
#48132
0"
#48133
1"
b0011 &
#48134
0"
#48135
1"
b0100 &
#48136
0"
#48137
1"
b0101 &
#48138
0"
#48139
1"
b0110 &
#48140
0"
#48141
1"
b0111 &
#48142
0"
#48143
1"
b1000 &
#48144
0"
#48145
1"
b1001 &
#48146
0"
#48147
1"
b1010 &
#48148
0"
#48149
1"
b1011 &
#48150
0"
#48151
1"
b1100 &
#48152
0"
#48153
1"
b1101 &
#48154
0"
#48155
1"
b1110 &
#48156
0"
#48157
1"
b1111 &
#48158
0"
#48159
1"
b0000 &
#48160
0"
#48161
1"
b0001 &
#48162
0"
#48163
1"
b0010 &
#48164
0"
#48165
1"
b0011 &
#48166
0"
#48167
1"
b0100 &
#48168
0"
#48169
1"
b0101 &
#48170
0"
#48171
1"
b0110 &
#48172
0"
#48173
1"
b0111 &
#48174
0"
#48175
1"
b1000 &
#48176
0"
#48177
1"
b1001 &
#48178
0"
#48179
1"
b1010 &
#48180
0"
#48181
1"
b1011 &
#48182
0"
#48183
1"
b1100 &
#48184
0"
#48185
1"
b1101 &
#48186
0"
#48187
1"
b1110 &
#48188
0"
#48189
1"
b1111 &
#48190
0"
#48191
1"
b0000 &
#48192
0"
#48193
1"
b0001 &
#48194
0"
#48195
1"
b0010 &
#48196
0"
#48197
1"
b0011 &
#48198
0"
#48199
1"
b0100 &
#48200
0"
#48201
1"
b0101 &
#48202
0"
#48203
1"
b0110 &
#48204
0"
#48205
1"
b0111 &
#48206
0"
#48207
1"
b1000 &
#48208
0"
#48209
1"
b1001 &
#48210
0"
#48211
1"
b1010 &
#48212
0"
#48213
1"
b1011 &
#48214
0"
#48215
1"
b1100 &
#48216
0"
#48217
1"
b1101 &
#48218
0"
#48219
1"
b1110 &
#48220
0"
#48221
1"
b1111 &
#48222
0"
#48223
1"
b0000 &
#48224
0"
#48225
1"
b0001 &
#48226
0"
#48227
1"
b0010 &
#48228
0"
#48229
1"
b0011 &
#48230
0"
#48231
1"
b0100 &
#48232
0"
#48233
1"
b0101 &
#48234
0"
#48235
1"
b0110 &
#48236
0"
#48237
1"
b0111 &
#48238
0"
#48239
1"
b1000 &
#48240
0"
#48241
1"
b1001 &
#48242
0"
#48243
1"
b1010 &
#48244
0"
#48245
1"
b1011 &
#48246
0"
#48247
1"
b1100 &
#48248
0"
#48249
1"
b1101 &
#48250
0"
#48251
1"
b1110 &
#48252
0"
#48253
1"
b1111 &
#48254
0"
#48255
1"
b0000 &
#48256
0"
#48257
1"
b0001 &
#48258
0"
#48259
1"
b0010 &
#48260
0"
#48261
1"
b0011 &
#48262
0"
#48263
1"
b0100 &
#48264
0"
#48265
1"
b0101 &
#48266
0"
#48267
1"
b0110 &
#48268
0"
#48269
1"
b0111 &
#48270
0"
#48271
1"
b1000 &
#48272
0"
#48273
1"
b1001 &
#48274
0"
#48275
1"
b1010 &
#48276
0"
#48277
1"
b1011 &
#48278
0"
#48279
1"
b1100 &
#48280
0"
#48281
1"
b1101 &
#48282
0"
#48283
1"
b1110 &
#48284
0"
#48285
1"
b1111 &
#48286
0"
#48287
1"
b0000 &
#48288
0"
#48289
1"
b0001 &
#48290
0"
#48291
1"
b0010 &
#48292
0"
#48293
1"
b0011 &
#48294
0"
#48295
1"
b0100 &
#48296
0"
#48297
1"
b0101 &
#48298
0"
#48299
1"
b0110 &
#48300
0"
#48301
1"
b0111 &
#48302
0"
#48303
1"
b1000 &
#48304
0"
#48305
1"
b1001 &
#48306
0"
#48307
1"
b1010 &
#48308
0"
#48309
1"
b1011 &
#48310
0"
#48311
1"
b1100 &
#48312
0"
#48313
1"
b1101 &
#48314
0"
#48315
1"
b1110 &
#48316
0"
#48317
1"
b1111 &
#48318
0"
#48319
1"
b0000 &
#48320
0"
#48321
1"
b0001 &
#48322
0"
#48323
1"
b0010 &
#48324
0"
#48325
1"
b0011 &
#48326
0"
#48327
1"
b0100 &
#48328
0"
#48329
1"
b0101 &
#48330
0"
#48331
1"
b0110 &
#48332
0"
#48333
1"
b0111 &
#48334
0"
#48335
1"
b1000 &
#48336
0"
#48337
1"
b1001 &
#48338
0"
#48339
1"
b1010 &
#48340
0"
#48341
1"
b1011 &
#48342
0"
#48343
1"
b1100 &
#48344
0"
#48345
1"
b1101 &
#48346
0"
#48347
1"
b1110 &
#48348
0"
#48349
1"
b1111 &
#48350
0"
#48351
1"
b0000 &
#48352
0"
#48353
1"
b0001 &
#48354
0"
#48355
1"
b0010 &
#48356
0"
#48357
1"
b0011 &
#48358
0"
#48359
1"
b0100 &
#48360
0"
#48361
1"
b0101 &
#48362
0"
#48363
1"
b0110 &
#48364
0"
#48365
1"
b0111 &
#48366
0"
#48367
1"
b1000 &
#48368
0"
#48369
1"
b1001 &
#48370
0"
#48371
1"
b1010 &
#48372
0"
#48373
1"
b1011 &
#48374
0"
#48375
1"
b1100 &
#48376
0"
#48377
1"
b1101 &
#48378
0"
#48379
1"
b1110 &
#48380
0"
#48381
1"
b1111 &
#48382
0"
#48383
1"
b0000 &
#48384
0"
#48385
1"
b0001 &
#48386
0"
#48387
1"
b0010 &
#48388
0"
#48389
1"
b0011 &
#48390
0"
#48391
1"
b0100 &
#48392
0"
#48393
1"
b0101 &
#48394
0"
#48395
1"
b0110 &
#48396
0"
#48397
1"
b0111 &
#48398
0"
#48399
1"
b1000 &
#48400
0"
#48401
1"
b1001 &
#48402
0"
#48403
1"
b1010 &
#48404
0"
#48405
1"
b1011 &
#48406
0"
#48407
1"
b1100 &
#48408
0"
#48409
1"
b1101 &
#48410
0"
#48411
1"
b1110 &
#48412
0"
#48413
1"
b1111 &
#48414
0"
#48415
1"
b0000 &
#48416
0"
#48417
1"
b0001 &
#48418
0"
#48419
1"
b0010 &
#48420
0"
#48421
1"
b0011 &
#48422
0"
#48423
1"
b0100 &
#48424
0"
#48425
1"
b0101 &
#48426
0"
#48427
1"
b0110 &
#48428
0"
#48429
1"
b0111 &
#48430
0"
#48431
1"
b1000 &
#48432
0"
#48433
1"
b1001 &
#48434
0"
#48435
1"
b1010 &
#48436
0"
#48437
1"
b1011 &
#48438
0"
#48439
1"
b1100 &
#48440
0"
#48441
1"
b1101 &
#48442
0"
#48443
1"
b1110 &
#48444
0"
#48445
1"
b1111 &
#48446
0"
#48447
1"
b0000 &
#48448
0"
#48449
1"
b0001 &
#48450
0"
#48451
1"
b0010 &
#48452
0"
#48453
1"
b0011 &
#48454
0"
#48455
1"
b0100 &
#48456
0"
#48457
1"
b0101 &
#48458
0"
#48459
1"
b0110 &
#48460
0"
#48461
1"
b0111 &
#48462
0"
#48463
1"
b1000 &
#48464
0"
#48465
1"
b1001 &
#48466
0"
#48467
1"
b1010 &
#48468
0"
#48469
1"
b1011 &
#48470
0"
#48471
1"
b1100 &
#48472
0"
#48473
1"
b1101 &
#48474
0"
#48475
1"
b1110 &
#48476
0"
#48477
1"
b1111 &
#48478
0"
#48479
1"
b0000 &
#48480
0"
#48481
1"
b0001 &
#48482
0"
#48483
1"
b0010 &
#48484
0"
#48485
1"
b0011 &
#48486
0"
#48487
1"
b0100 &
#48488
0"
#48489
1"
b0101 &
#48490
0"
#48491
1"
b0110 &
#48492
0"
#48493
1"
b0111 &
#48494
0"
#48495
1"
b1000 &
#48496
0"
#48497
1"
b1001 &
#48498
0"
#48499
1"
b1010 &
#48500
0"
#48501
1"
b1011 &
#48502
0"
#48503
1"
b1100 &
#48504
0"
#48505
1"
b1101 &
#48506
0"
#48507
1"
b1110 &
#48508
0"
#48509
1"
b1111 &
#48510
0"
#48511
1"
b0000 &
#48512
0"
#48513
1"
b0001 &
#48514
0"
#48515
1"
b0010 &
#48516
0"
#48517
1"
b0011 &
#48518
0"
#48519
1"
b0100 &
#48520
0"
#48521
1"
b0101 &
#48522
0"
#48523
1"
b0110 &
#48524
0"
#48525
1"
b0111 &
#48526
0"
#48527
1"
b1000 &
#48528
0"
#48529
1"
b1001 &
#48530
0"
#48531
1"
b1010 &
#48532
0"
#48533
1"
b1011 &
#48534
0"
#48535
1"
b1100 &
#48536
0"
#48537
1"
b1101 &
#48538
0"
#48539
1"
b1110 &
#48540
0"
#48541
1"
b1111 &
#48542
0"
#48543
1"
b0000 &
#48544
0"
#48545
1"
b0001 &
#48546
0"
#48547
1"
b0010 &
#48548
0"
#48549
1"
b0011 &
#48550
0"
#48551
1"
b0100 &
#48552
0"
#48553
1"
b0101 &
#48554
0"
#48555
1"
b0110 &
#48556
0"
#48557
1"
b0111 &
#48558
0"
#48559
1"
b1000 &
#48560
0"
#48561
1"
b1001 &
#48562
0"
#48563
1"
b1010 &
#48564
0"
#48565
1"
b1011 &
#48566
0"
#48567
1"
b1100 &
#48568
0"
#48569
1"
b1101 &
#48570
0"
#48571
1"
b1110 &
#48572
0"
#48573
1"
b1111 &
#48574
0"
#48575
1"
b0000 &
#48576
0"
#48577
1"
b0001 &
#48578
0"
#48579
1"
b0010 &
#48580
0"
#48581
1"
b0011 &
#48582
0"
#48583
1"
b0100 &
#48584
0"
#48585
1"
b0101 &
#48586
0"
#48587
1"
b0110 &
#48588
0"
#48589
1"
b0111 &
#48590
0"
#48591
1"
b1000 &
#48592
0"
#48593
1"
b1001 &
#48594
0"
#48595
1"
b1010 &
#48596
0"
#48597
1"
b1011 &
#48598
0"
#48599
1"
b1100 &
#48600
0"
#48601
1"
b1101 &
#48602
0"
#48603
1"
b1110 &
#48604
0"
#48605
1"
b1111 &
#48606
0"
#48607
1"
b0000 &
#48608
0"
#48609
1"
b0001 &
#48610
0"
#48611
1"
b0010 &
#48612
0"
#48613
1"
b0011 &
#48614
0"
#48615
1"
b0100 &
#48616
0"
#48617
1"
b0101 &
#48618
0"
#48619
1"
b0110 &
#48620
0"
#48621
1"
b0111 &
#48622
0"
#48623
1"
b1000 &
#48624
0"
#48625
1"
b1001 &
#48626
0"
#48627
1"
b1010 &
#48628
0"
#48629
1"
b1011 &
#48630
0"
#48631
1"
b1100 &
#48632
0"
#48633
1"
b1101 &
#48634
0"
#48635
1"
b1110 &
#48636
0"
#48637
1"
b1111 &
#48638
0"
#48639
1"
b0000 &
#48640
0"
#48641
1"
b0001 &
#48642
0"
#48643
1"
b0010 &
#48644
0"
#48645
1"
b0011 &
#48646
0"
#48647
1"
b0100 &
#48648
0"
#48649
1"
b0101 &
#48650
0"
#48651
1"
b0110 &
#48652
0"
#48653
1"
b0111 &
#48654
0"
#48655
1"
b1000 &
#48656
0"
#48657
1"
b1001 &
#48658
0"
#48659
1"
b1010 &
#48660
0"
#48661
1"
b1011 &
#48662
0"
#48663
1"
b1100 &
#48664
0"
#48665
1"
b1101 &
#48666
0"
#48667
1"
b1110 &
#48668
0"
#48669
1"
b1111 &
#48670
0"
#48671
1"
b0000 &
#48672
0"
#48673
1"
b0001 &
#48674
0"
#48675
1"
b0010 &
#48676
0"
#48677
1"
b0011 &
#48678
0"
#48679
1"
b0100 &
#48680
0"
#48681
1"
b0101 &
#48682
0"
#48683
1"
b0110 &
#48684
0"
#48685
1"
b0111 &
#48686
0"
#48687
1"
b1000 &
#48688
0"
#48689
1"
b1001 &
#48690
0"
#48691
1"
b1010 &
#48692
0"
#48693
1"
b1011 &
#48694
0"
#48695
1"
b1100 &
#48696
0"
#48697
1"
b1101 &
#48698
0"
#48699
1"
b1110 &
#48700
0"
#48701
1"
b1111 &
#48702
0"
#48703
1"
b0000 &
#48704
0"
#48705
1"
b0001 &
#48706
0"
#48707
1"
b0010 &
#48708
0"
#48709
1"
b0011 &
#48710
0"
#48711
1"
b0100 &
#48712
0"
#48713
1"
b0101 &
#48714
0"
#48715
1"
b0110 &
#48716
0"
#48717
1"
b0111 &
#48718
0"
#48719
1"
b1000 &
#48720
0"
#48721
1"
b1001 &
#48722
0"
#48723
1"
b1010 &
#48724
0"
#48725
1"
b1011 &
#48726
0"
#48727
1"
b1100 &
#48728
0"
#48729
1"
b1101 &
#48730
0"
#48731
1"
b1110 &
#48732
0"
#48733
1"
b1111 &
#48734
0"
#48735
1"
b0000 &
#48736
0"
#48737
1"
b0001 &
#48738
0"
#48739
1"
b0010 &
#48740
0"
#48741
1"
b0011 &
#48742
0"
#48743
1"
b0100 &
#48744
0"
#48745
1"
b0101 &
#48746
0"
#48747
1"
b0110 &
#48748
0"
#48749
1"
b0111 &
#48750
0"
#48751
1"
b1000 &
#48752
0"
#48753
1"
b1001 &
#48754
0"
#48755
1"
b1010 &
#48756
0"
#48757
1"
b1011 &
#48758
0"
#48759
1"
b1100 &
#48760
0"
#48761
1"
b1101 &
#48762
0"
#48763
1"
b1110 &
#48764
0"
#48765
1"
b1111 &
#48766
0"
#48767
1"
b0000 &
#48768
0"
#48769
1"
b0001 &
#48770
0"
#48771
1"
b0010 &
#48772
0"
#48773
1"
b0011 &
#48774
0"
#48775
1"
b0100 &
#48776
0"
#48777
1"
b0101 &
#48778
0"
#48779
1"
b0110 &
#48780
0"
#48781
1"
b0111 &
#48782
0"
#48783
1"
b1000 &
#48784
0"
#48785
1"
b1001 &
#48786
0"
#48787
1"
b1010 &
#48788
0"
#48789
1"
b1011 &
#48790
0"
#48791
1"
b1100 &
#48792
0"
#48793
1"
b1101 &
#48794
0"
#48795
1"
b1110 &
#48796
0"
#48797
1"
b1111 &
#48798
0"
#48799
1"
b0000 &
#48800
0"
#48801
1"
b0001 &
#48802
0"
#48803
1"
b0010 &
#48804
0"
#48805
1"
b0011 &
#48806
0"
#48807
1"
b0100 &
#48808
0"
#48809
1"
b0101 &
#48810
0"
#48811
1"
b0110 &
#48812
0"
#48813
1"
b0111 &
#48814
0"
#48815
1"
b1000 &
#48816
0"
#48817
1"
b1001 &
#48818
0"
#48819
1"
b1010 &
#48820
0"
#48821
1"
b1011 &
#48822
0"
#48823
1"
b1100 &
#48824
0"
#48825
1"
b1101 &
#48826
0"
#48827
1"
b1110 &
#48828
0"
#48829
1"
b1111 &
#48830
0"
#48831
1"
b0000 &
#48832
0"
#48833
1"
b0001 &
#48834
0"
#48835
1"
b0010 &
#48836
0"
#48837
1"
b0011 &
#48838
0"
#48839
1"
b0100 &
#48840
0"
#48841
1"
b0101 &
#48842
0"
#48843
1"
b0110 &
#48844
0"
#48845
1"
b0111 &
#48846
0"
#48847
1"
b1000 &
#48848
0"
#48849
1"
b1001 &
#48850
0"
#48851
1"
b1010 &
#48852
0"
#48853
1"
b1011 &
#48854
0"
#48855
1"
b1100 &
#48856
0"
#48857
1"
b1101 &
#48858
0"
#48859
1"
b1110 &
#48860
0"
#48861
1"
b1111 &
#48862
0"
#48863
1"
b0000 &
#48864
0"
#48865
1"
b0001 &
#48866
0"
#48867
1"
b0010 &
#48868
0"
#48869
1"
b0011 &
#48870
0"
#48871
1"
b0100 &
#48872
0"
#48873
1"
b0101 &
#48874
0"
#48875
1"
b0110 &
#48876
0"
#48877
1"
b0111 &
#48878
0"
#48879
1"
b1000 &
#48880
0"
#48881
1"
b1001 &
#48882
0"
#48883
1"
b1010 &
#48884
0"
#48885
1"
b1011 &
#48886
0"
#48887
1"
b1100 &
#48888
0"
#48889
1"
b1101 &
#48890
0"
#48891
1"
b1110 &
#48892
0"
#48893
1"
b1111 &
#48894
0"
#48895
1"
b0000 &
#48896
0"
#48897
1"
b0001 &
#48898
0"
#48899
1"
b0010 &
#48900
0"
#48901
1"
b0011 &
#48902
0"
#48903
1"
b0100 &
#48904
0"
#48905
1"
b0101 &
#48906
0"
#48907
1"
b0110 &
#48908
0"
#48909
1"
b0111 &
#48910
0"
#48911
1"
b1000 &
#48912
0"
#48913
1"
b1001 &
#48914
0"
#48915
1"
b1010 &
#48916
0"
#48917
1"
b1011 &
#48918
0"
#48919
1"
b1100 &
#48920
0"
#48921
1"
b1101 &
#48922
0"
#48923
1"
b1110 &
#48924
0"
#48925
1"
b1111 &
#48926
0"
#48927
1"
b0000 &
#48928
0"
#48929
1"
b0001 &
#48930
0"
#48931
1"
b0010 &
#48932
0"
#48933
1"
b0011 &
#48934
0"
#48935
1"
b0100 &
#48936
0"
#48937
1"
b0101 &
#48938
0"
#48939
1"
b0110 &
#48940
0"
#48941
1"
b0111 &
#48942
0"
#48943
1"
b1000 &
#48944
0"
#48945
1"
b1001 &
#48946
0"
#48947
1"
b1010 &
#48948
0"
#48949
1"
b1011 &
#48950
0"
#48951
1"
b1100 &
#48952
0"
#48953
1"
b1101 &
#48954
0"
#48955
1"
b1110 &
#48956
0"
#48957
1"
b1111 &
#48958
0"
#48959
1"
b0000 &
#48960
0"
#48961
1"
b0001 &
#48962
0"
#48963
1"
b0010 &
#48964
0"
#48965
1"
b0011 &
#48966
0"
#48967
1"
b0100 &
#48968
0"
#48969
1"
b0101 &
#48970
0"
#48971
1"
b0110 &
#48972
0"
#48973
1"
b0111 &
#48974
0"
#48975
1"
b1000 &
#48976
0"
#48977
1"
b1001 &
#48978
0"
#48979
1"
b1010 &
#48980
0"
#48981
1"
b1011 &
#48982
0"
#48983
1"
b1100 &
#48984
0"
#48985
1"
b1101 &
#48986
0"
#48987
1"
b1110 &
#48988
0"
#48989
1"
b1111 &
#48990
0"
#48991
1"
b0000 &
#48992
0"
#48993
1"
b0001 &
#48994
0"
#48995
1"
b0010 &
#48996
0"
#48997
1"
b0011 &
#48998
0"
#48999
1"
b0100 &
#49000
0"
#49001
1"
b0101 &
#49002
0"
#49003
1"
b0110 &
#49004
0"
#49005
1"
b0111 &
#49006
0"
#49007
1"
b1000 &
#49008
0"
#49009
1"
b1001 &
#49010
0"
#49011
1"
b1010 &
#49012
0"
#49013
1"
b1011 &
#49014
0"
#49015
1"
b1100 &
#49016
0"
#49017
1"
b1101 &
#49018
0"
#49019
1"
b1110 &
#49020
0"
#49021
1"
b1111 &
#49022
0"
#49023
1"
b0000 &
#49024
0"
#49025
1"
b0001 &
#49026
0"
#49027
1"
b0010 &
#49028
0"
#49029
1"
b0011 &
#49030
0"
#49031
1"
b0100 &
#49032
0"
#49033
1"
b0101 &
#49034
0"
#49035
1"
b0110 &
#49036
0"
#49037
1"
b0111 &
#49038
0"
#49039
1"
b1000 &
#49040
0"
#49041
1"
b1001 &
#49042
0"
#49043
1"
b1010 &
#49044
0"
#49045
1"
b1011 &
#49046
0"
#49047
1"
b1100 &
#49048
0"
#49049
1"
b1101 &
#49050
0"
#49051
1"
b1110 &
#49052
0"
#49053
1"
b1111 &
#49054
0"
#49055
1"
b0000 &
#49056
0"
#49057
1"
b0001 &
#49058
0"
#49059
1"
b0010 &
#49060
0"
#49061
1"
b0011 &
#49062
0"
#49063
1"
b0100 &
#49064
0"
#49065
1"
b0101 &
#49066
0"
#49067
1"
b0110 &
#49068
0"
#49069
1"
b0111 &
#49070
0"
#49071
1"
b1000 &
#49072
0"
#49073
1"
b1001 &
#49074
0"
#49075
1"
b1010 &
#49076
0"
#49077
1"
b1011 &
#49078
0"
#49079
1"
b1100 &
#49080
0"
#49081
1"
b1101 &
#49082
0"
#49083
1"
b1110 &
#49084
0"
#49085
1"
b1111 &
#49086
0"
#49087
1"
b0000 &
#49088
0"
#49089
1"
b0001 &
#49090
0"
#49091
1"
b0010 &
#49092
0"
#49093
1"
b0011 &
#49094
0"
#49095
1"
b0100 &
#49096
0"
#49097
1"
b0101 &
#49098
0"
#49099
1"
b0110 &
#49100
0"
#49101
1"
b0111 &
#49102
0"
#49103
1"
b1000 &
#49104
0"
#49105
1"
b1001 &
#49106
0"
#49107
1"
b1010 &
#49108
0"
#49109
1"
b1011 &
#49110
0"
#49111
1"
b1100 &
#49112
0"
#49113
1"
b1101 &
#49114
0"
#49115
1"
b1110 &
#49116
0"
#49117
1"
b1111 &
#49118
0"
#49119
1"
b0000 &
#49120
0"
#49121
1"
b0001 &
#49122
0"
#49123
1"
b0010 &
#49124
0"
#49125
1"
b0011 &
#49126
0"
#49127
1"
b0100 &
#49128
0"
#49129
1"
b0101 &
#49130
0"
#49131
1"
b0110 &
#49132
0"
#49133
1"
b0111 &
#49134
0"
#49135
1"
b1000 &
#49136
0"
#49137
1"
b1001 &
#49138
0"
#49139
1"
b1010 &
#49140
0"
#49141
1"
b1011 &
#49142
0"
#49143
1"
b1100 &
#49144
0"
#49145
1"
b1101 &
#49146
0"
#49147
1"
b1110 &
#49148
0"
#49149
1"
b1111 &
#49150
0"
#49151
1"
b0000 &
#49152
0"
#49153
1"
b0001 &
#49154
0"
#49155
1"
b0010 &
#49156
0"
#49157
1"
b0011 &
#49158
0"
#49159
1"
b0100 &
#49160
0"
#49161
1"
b0101 &
#49162
0"
#49163
1"
b0110 &
#49164
0"
#49165
1"
b0111 &
#49166
0"
#49167
1"
b1000 &
#49168
0"
#49169
1"
b1001 &
#49170
0"
#49171
1"
b1010 &
#49172
0"
#49173
1"
b1011 &
#49174
0"
#49175
1"
b1100 &
#49176
0"
#49177
1"
b1101 &
#49178
0"
#49179
1"
b1110 &
#49180
0"
#49181
1"
b1111 &
#49182
0"
#49183
1"
b0000 &
#49184
0"
#49185
1"
b0001 &
#49186
0"
#49187
1"
b0010 &
#49188
0"
#49189
1"
b0011 &
#49190
0"
#49191
1"
b0100 &
#49192
0"
#49193
1"
b0101 &
#49194
0"
#49195
1"
b0110 &
#49196
0"
#49197
1"
b0111 &
#49198
0"
#49199
1"
b1000 &
#49200
0"
#49201
1"
b1001 &
#49202
0"
#49203
1"
b1010 &
#49204
0"
#49205
1"
b1011 &
#49206
0"
#49207
1"
b1100 &
#49208
0"
#49209
1"
b1101 &
#49210
0"
#49211
1"
b1110 &
#49212
0"
#49213
1"
b1111 &
#49214
0"
#49215
1"
b0000 &
#49216
0"
#49217
1"
b0001 &
#49218
0"
#49219
1"
b0010 &
#49220
0"
#49221
1"
b0011 &
#49222
0"
#49223
1"
b0100 &
#49224
0"
#49225
1"
b0101 &
#49226
0"
#49227
1"
b0110 &
#49228
0"
#49229
1"
b0111 &
#49230
0"
#49231
1"
b1000 &
#49232
0"
#49233
1"
b1001 &
#49234
0"
#49235
1"
b1010 &
#49236
0"
#49237
1"
b1011 &
#49238
0"
#49239
1"
b1100 &
#49240
0"
#49241
1"
b1101 &
#49242
0"
#49243
1"
b1110 &
#49244
0"
#49245
1"
b1111 &
#49246
0"
#49247
1"
b0000 &
#49248
0"
#49249
1"
b0001 &
#49250
0"
#49251
1"
b0010 &
#49252
0"
#49253
1"
b0011 &
#49254
0"
#49255
1"
b0100 &
#49256
0"
#49257
1"
b0101 &
#49258
0"
#49259
1"
b0110 &
#49260
0"
#49261
1"
b0111 &
#49262
0"
#49263
1"
b1000 &
#49264
0"
#49265
1"
b1001 &
#49266
0"
#49267
1"
b1010 &
#49268
0"
#49269
1"
b1011 &
#49270
0"
#49271
1"
b1100 &
#49272
0"
#49273
1"
b1101 &
#49274
0"
#49275
1"
b1110 &
#49276
0"
#49277
1"
b1111 &
#49278
0"
#49279
1"
b0000 &
#49280
0"
#49281
1"
b0001 &
#49282
0"
#49283
1"
b0010 &
#49284
0"
#49285
1"
b0011 &
#49286
0"
#49287
1"
b0100 &
#49288
0"
#49289
1"
b0101 &
#49290
0"
#49291
1"
b0110 &
#49292
0"
#49293
1"
b0111 &
#49294
0"
#49295
1"
b1000 &
#49296
0"
#49297
1"
b1001 &
#49298
0"
#49299
1"
b1010 &
#49300
0"
#49301
1"
b1011 &
#49302
0"
#49303
1"
b1100 &
#49304
0"
#49305
1"
b1101 &
#49306
0"
#49307
1"
b1110 &
#49308
0"
#49309
1"
b1111 &
#49310
0"
#49311
1"
b0000 &
#49312
0"
#49313
1"
b0001 &
#49314
0"
#49315
1"
b0010 &
#49316
0"
#49317
1"
b0011 &
#49318
0"
#49319
1"
b0100 &
#49320
0"
#49321
1"
b0101 &
#49322
0"
#49323
1"
b0110 &
#49324
0"
#49325
1"
b0111 &
#49326
0"
#49327
1"
b1000 &
#49328
0"
#49329
1"
b1001 &
#49330
0"
#49331
1"
b1010 &
#49332
0"
#49333
1"
b1011 &
#49334
0"
#49335
1"
b1100 &
#49336
0"
#49337
1"
b1101 &
#49338
0"
#49339
1"
b1110 &
#49340
0"
#49341
1"
b1111 &
#49342
0"
#49343
1"
b0000 &
#49344
0"
#49345
1"
b0001 &
#49346
0"
#49347
1"
b0010 &
#49348
0"
#49349
1"
b0011 &
#49350
0"
#49351
1"
b0100 &
#49352
0"
#49353
1"
b0101 &
#49354
0"
#49355
1"
b0110 &
#49356
0"
#49357
1"
b0111 &
#49358
0"
#49359
1"
b1000 &
#49360
0"
#49361
1"
b1001 &
#49362
0"
#49363
1"
b1010 &
#49364
0"
#49365
1"
b1011 &
#49366
0"
#49367
1"
b1100 &
#49368
0"
#49369
1"
b1101 &
#49370
0"
#49371
1"
b1110 &
#49372
0"
#49373
1"
b1111 &
#49374
0"
#49375
1"
b0000 &
#49376
0"
#49377
1"
b0001 &
#49378
0"
#49379
1"
b0010 &
#49380
0"
#49381
1"
b0011 &
#49382
0"
#49383
1"
b0100 &
#49384
0"
#49385
1"
b0101 &
#49386
0"
#49387
1"
b0110 &
#49388
0"
#49389
1"
b0111 &
#49390
0"
#49391
1"
b1000 &
#49392
0"
#49393
1"
b1001 &
#49394
0"
#49395
1"
b1010 &
#49396
0"
#49397
1"
b1011 &
#49398
0"
#49399
1"
b1100 &
#49400
0"
#49401
1"
b1101 &
#49402
0"
#49403
1"
b1110 &
#49404
0"
#49405
1"
b1111 &
#49406
0"
#49407
1"
b0000 &
#49408
0"
#49409
1"
b0001 &
#49410
0"
#49411
1"
b0010 &
#49412
0"
#49413
1"
b0011 &
#49414
0"
#49415
1"
b0100 &
#49416
0"
#49417
1"
b0101 &
#49418
0"
#49419
1"
b0110 &
#49420
0"
#49421
1"
b0111 &
#49422
0"
#49423
1"
b1000 &
#49424
0"
#49425
1"
b1001 &
#49426
0"
#49427
1"
b1010 &
#49428
0"
#49429
1"
b1011 &
#49430
0"
#49431
1"
b1100 &
#49432
0"
#49433
1"
b1101 &
#49434
0"
#49435
1"
b1110 &
#49436
0"
#49437
1"
b1111 &
#49438
0"
#49439
1"
b0000 &
#49440
0"
#49441
1"
b0001 &
#49442
0"
#49443
1"
b0010 &
#49444
0"
#49445
1"
b0011 &
#49446
0"
#49447
1"
b0100 &
#49448
0"
#49449
1"
b0101 &
#49450
0"
#49451
1"
b0110 &
#49452
0"
#49453
1"
b0111 &
#49454
0"
#49455
1"
b1000 &
#49456
0"
#49457
1"
b1001 &
#49458
0"
#49459
1"
b1010 &
#49460
0"
#49461
1"
b1011 &
#49462
0"
#49463
1"
b1100 &
#49464
0"
#49465
1"
b1101 &
#49466
0"
#49467
1"
b1110 &
#49468
0"
#49469
1"
b1111 &
#49470
0"
#49471
1"
b0000 &
#49472
0"
#49473
1"
b0001 &
#49474
0"
#49475
1"
b0010 &
#49476
0"
#49477
1"
b0011 &
#49478
0"
#49479
1"
b0100 &
#49480
0"
#49481
1"
b0101 &
#49482
0"
#49483
1"
b0110 &
#49484
0"
#49485
1"
b0111 &
#49486
0"
#49487
1"
b1000 &
#49488
0"
#49489
1"
b1001 &
#49490
0"
#49491
1"
b1010 &
#49492
0"
#49493
1"
b1011 &
#49494
0"
#49495
1"
b1100 &
#49496
0"
#49497
1"
b1101 &
#49498
0"
#49499
1"
b1110 &
#49500
0"
#49501
1"
b1111 &
#49502
0"
#49503
1"
b0000 &
#49504
0"
#49505
1"
b0001 &
#49506
0"
#49507
1"
b0010 &
#49508
0"
#49509
1"
b0011 &
#49510
0"
#49511
1"
b0100 &
#49512
0"
#49513
1"
b0101 &
#49514
0"
#49515
1"
b0110 &
#49516
0"
#49517
1"
b0111 &
#49518
0"
#49519
1"
b1000 &
#49520
0"
#49521
1"
b1001 &
#49522
0"
#49523
1"
b1010 &
#49524
0"
#49525
1"
b1011 &
#49526
0"
#49527
1"
b1100 &
#49528
0"
#49529
1"
b1101 &
#49530
0"
#49531
1"
b1110 &
#49532
0"
#49533
1"
b1111 &
#49534
0"
#49535
1"
b0000 &
#49536
0"
#49537
1"
b0001 &
#49538
0"
#49539
1"
b0010 &
#49540
0"
#49541
1"
b0011 &
#49542
0"
#49543
1"
b0100 &
#49544
0"
#49545
1"
b0101 &
#49546
0"
#49547
1"
b0110 &
#49548
0"
#49549
1"
b0111 &
#49550
0"
#49551
1"
b1000 &
#49552
0"
#49553
1"
b1001 &
#49554
0"
#49555
1"
b1010 &
#49556
0"
#49557
1"
b1011 &
#49558
0"
#49559
1"
b1100 &
#49560
0"
#49561
1"
b1101 &
#49562
0"
#49563
1"
b1110 &
#49564
0"
#49565
1"
b1111 &
#49566
0"
#49567
1"
b0000 &
#49568
0"
#49569
1"
b0001 &
#49570
0"
#49571
1"
b0010 &
#49572
0"
#49573
1"
b0011 &
#49574
0"
#49575
1"
b0100 &
#49576
0"
#49577
1"
b0101 &
#49578
0"
#49579
1"
b0110 &
#49580
0"
#49581
1"
b0111 &
#49582
0"
#49583
1"
b1000 &
#49584
0"
#49585
1"
b1001 &
#49586
0"
#49587
1"
b1010 &
#49588
0"
#49589
1"
b1011 &
#49590
0"
#49591
1"
b1100 &
#49592
0"
#49593
1"
b1101 &
#49594
0"
#49595
1"
b1110 &
#49596
0"
#49597
1"
b1111 &
#49598
0"
#49599
1"
b0000 &
#49600
0"
#49601
1"
b0001 &
#49602
0"
#49603
1"
b0010 &
#49604
0"
#49605
1"
b0011 &
#49606
0"
#49607
1"
b0100 &
#49608
0"
#49609
1"
b0101 &
#49610
0"
#49611
1"
b0110 &
#49612
0"
#49613
1"
b0111 &
#49614
0"
#49615
1"
b1000 &
#49616
0"
#49617
1"
b1001 &
#49618
0"
#49619
1"
b1010 &
#49620
0"
#49621
1"
b1011 &
#49622
0"
#49623
1"
b1100 &
#49624
0"
#49625
1"
b1101 &
#49626
0"
#49627
1"
b1110 &
#49628
0"
#49629
1"
b1111 &
#49630
0"
#49631
1"
b0000 &
#49632
0"
#49633
1"
b0001 &
#49634
0"
#49635
1"
b0010 &
#49636
0"
#49637
1"
b0011 &
#49638
0"
#49639
1"
b0100 &
#49640
0"
#49641
1"
b0101 &
#49642
0"
#49643
1"
b0110 &
#49644
0"
#49645
1"
b0111 &
#49646
0"
#49647
1"
b1000 &
#49648
0"
#49649
1"
b1001 &
#49650
0"
#49651
1"
b1010 &
#49652
0"
#49653
1"
b1011 &
#49654
0"
#49655
1"
b1100 &
#49656
0"
#49657
1"
b1101 &
#49658
0"
#49659
1"
b1110 &
#49660
0"
#49661
1"
b1111 &
#49662
0"
#49663
1"
b0000 &
#49664
0"
#49665
1"
b0001 &
#49666
0"
#49667
1"
b0010 &
#49668
0"
#49669
1"
b0011 &
#49670
0"
#49671
1"
b0100 &
#49672
0"
#49673
1"
b0101 &
#49674
0"
#49675
1"
b0110 &
#49676
0"
#49677
1"
b0111 &
#49678
0"
#49679
1"
b1000 &
#49680
0"
#49681
1"
b1001 &
#49682
0"
#49683
1"
b1010 &
#49684
0"
#49685
1"
b1011 &
#49686
0"
#49687
1"
b1100 &
#49688
0"
#49689
1"
b1101 &
#49690
0"
#49691
1"
b1110 &
#49692
0"
#49693
1"
b1111 &
#49694
0"
#49695
1"
b0000 &
#49696
0"
#49697
1"
b0001 &
#49698
0"
#49699
1"
b0010 &
#49700
0"
#49701
1"
b0011 &
#49702
0"
#49703
1"
b0100 &
#49704
0"
#49705
1"
b0101 &
#49706
0"
#49707
1"
b0110 &
#49708
0"
#49709
1"
b0111 &
#49710
0"
#49711
1"
b1000 &
#49712
0"
#49713
1"
b1001 &
#49714
0"
#49715
1"
b1010 &
#49716
0"
#49717
1"
b1011 &
#49718
0"
#49719
1"
b1100 &
#49720
0"
#49721
1"
b1101 &
#49722
0"
#49723
1"
b1110 &
#49724
0"
#49725
1"
b1111 &
#49726
0"
#49727
1"
b0000 &
#49728
0"
#49729
1"
b0001 &
#49730
0"
#49731
1"
b0010 &
#49732
0"
#49733
1"
b0011 &
#49734
0"
#49735
1"
b0100 &
#49736
0"
#49737
1"
b0101 &
#49738
0"
#49739
1"
b0110 &
#49740
0"
#49741
1"
b0111 &
#49742
0"
#49743
1"
b1000 &
#49744
0"
#49745
1"
b1001 &
#49746
0"
#49747
1"
b1010 &
#49748
0"
#49749
1"
b1011 &
#49750
0"
#49751
1"
b1100 &
#49752
0"
#49753
1"
b1101 &
#49754
0"
#49755
1"
b1110 &
#49756
0"
#49757
1"
b1111 &
#49758
0"
#49759
1"
b0000 &
#49760
0"
#49761
1"
b0001 &
#49762
0"
#49763
1"
b0010 &
#49764
0"
#49765
1"
b0011 &
#49766
0"
#49767
1"
b0100 &
#49768
0"
#49769
1"
b0101 &
#49770
0"
#49771
1"
b0110 &
#49772
0"
#49773
1"
b0111 &
#49774
0"
#49775
1"
b1000 &
#49776
0"
#49777
1"
b1001 &
#49778
0"
#49779
1"
b1010 &
#49780
0"
#49781
1"
b1011 &
#49782
0"
#49783
1"
b1100 &
#49784
0"
#49785
1"
b1101 &
#49786
0"
#49787
1"
b1110 &
#49788
0"
#49789
1"
b1111 &
#49790
0"
#49791
1"
b0000 &
#49792
0"
#49793
1"
b0001 &
#49794
0"
#49795
1"
b0010 &
#49796
0"
#49797
1"
b0011 &
#49798
0"
#49799
1"
b0100 &
#49800
0"
#49801
1"
b0101 &
#49802
0"
#49803
1"
b0110 &
#49804
0"
#49805
1"
b0111 &
#49806
0"
#49807
1"
b1000 &
#49808
0"
#49809
1"
b1001 &
#49810
0"
#49811
1"
b1010 &
#49812
0"
#49813
1"
b1011 &
#49814
0"
#49815
1"
b1100 &
#49816
0"
#49817
1"
b1101 &
#49818
0"
#49819
1"
b1110 &
#49820
0"
#49821
1"
b1111 &
#49822
0"
#49823
1"
b0000 &
#49824
0"
#49825
1"
b0001 &
#49826
0"
#49827
1"
b0010 &
#49828
0"
#49829
1"
b0011 &
#49830
0"
#49831
1"
b0100 &
#49832
0"
#49833
1"
b0101 &
#49834
0"
#49835
1"
b0110 &
#49836
0"
#49837
1"
b0111 &
#49838
0"
#49839
1"
b1000 &
#49840
0"
#49841
1"
b1001 &
#49842
0"
#49843
1"
b1010 &
#49844
0"
#49845
1"
b1011 &
#49846
0"
#49847
1"
b1100 &
#49848
0"
#49849
1"
b1101 &
#49850
0"
#49851
1"
b1110 &
#49852
0"
#49853
1"
b1111 &
#49854
0"
#49855
1"
b0000 &
#49856
0"
#49857
1"
b0001 &
#49858
0"
#49859
1"
b0010 &
#49860
0"
#49861
1"
b0011 &
#49862
0"
#49863
1"
b0100 &
#49864
0"
#49865
1"
b0101 &
#49866
0"
#49867
1"
b0110 &
#49868
0"
#49869
1"
b0111 &
#49870
0"
#49871
1"
b1000 &
#49872
0"
#49873
1"
b1001 &
#49874
0"
#49875
1"
b1010 &
#49876
0"
#49877
1"
b1011 &
#49878
0"
#49879
1"
b1100 &
#49880
0"
#49881
1"
b1101 &
#49882
0"
#49883
1"
b1110 &
#49884
0"
#49885
1"
b1111 &
#49886
0"
#49887
1"
b0000 &
#49888
0"
#49889
1"
b0001 &
#49890
0"
#49891
1"
b0010 &
#49892
0"
#49893
1"
b0011 &
#49894
0"
#49895
1"
b0100 &
#49896
0"
#49897
1"
b0101 &
#49898
0"
#49899
1"
b0110 &
#49900
0"
#49901
1"
b0111 &
#49902
0"
#49903
1"
b1000 &
#49904
0"
#49905
1"
b1001 &
#49906
0"
#49907
1"
b1010 &
#49908
0"
#49909
1"
b1011 &
#49910
0"
#49911
1"
b1100 &
#49912
0"
#49913
1"
b1101 &
#49914
0"
#49915
1"
b1110 &
#49916
0"
#49917
1"
b1111 &
#49918
0"
#49919
1"
b0000 &
#49920
0"
#49921
1"
b0001 &
#49922
0"
#49923
1"
b0010 &
#49924
0"
#49925
1"
b0011 &
#49926
0"
#49927
1"
b0100 &
#49928
0"
#49929
1"
b0101 &
#49930
0"
#49931
1"
b0110 &
#49932
0"
#49933
1"
b0111 &
#49934
0"
#49935
1"
b1000 &
#49936
0"
#49937
1"
b1001 &
#49938
0"
#49939
1"
b1010 &
#49940
0"
#49941
1"
b1011 &
#49942
0"
#49943
1"
b1100 &
#49944
0"
#49945
1"
b1101 &
#49946
0"
#49947
1"
b1110 &
#49948
0"
#49949
1"
b1111 &
#49950
0"
#49951
1"
b0000 &
#49952
0"
#49953
1"
b0001 &
#49954
0"
#49955
1"
b0010 &
#49956
0"
#49957
1"
b0011 &
#49958
0"
#49959
1"
b0100 &
#49960
0"
#49961
1"
b0101 &
#49962
0"
#49963
1"
b0110 &
#49964
0"
#49965
1"
b0111 &
#49966
0"
#49967
1"
b1000 &
#49968
0"
#49969
1"
b1001 &
#49970
0"
#49971
1"
b1010 &
#49972
0"
#49973
1"
b1011 &
#49974
0"
#49975
1"
b1100 &
#49976
0"
#49977
1"
b1101 &
#49978
0"
#49979
1"
b1110 &
#49980
0"
#49981
1"
b1111 &
#49982
0"
#49983
1"
b0000 &
#49984
0"
#49985
1"
b0001 &
#49986
0"
#49987
1"
b0010 &
#49988
0"
#49989
1"
b0011 &
#49990
0"
#49991
1"
b0100 &
#49992
0"
#49993
1"
b0101 &
#49994
0"
#49995
1"
b0110 &
#49996
0"
#49997
1"
b0111 &
#49998
0"
#49999
1"
b1000 &
#50000
0"
#50001
1"
b1001 &
#50002
0"
#50003
1"
b1010 &
#50004
0"
#50005
1"
b1011 &
#50006
0"
#50007
1"
b1100 &
#50008
0"
#50009
1"
b1101 &
#50010
0"
#50011
1"
b1110 &
#50012
0"
#50013
1"
b1111 &
#50014
0"
#50015
1"
b0000 &
#50016
0"
#50017
1"
b0001 &
#50018
0"
#50019
1"
b0010 &
#50020
0"
#50021
1"
b0011 &
#50022
0"
#50023
1"
b0100 &
#50024
0"
#50025
1"
b0101 &
#50026
0"
#50027
1"
b0110 &
#50028
0"
#50029
1"
b0111 &
#50030
0"
#50031
1"
b1000 &
#50032
0"
#50033
1"
b1001 &
#50034
0"
#50035
1"
b1010 &
#50036
0"
#50037
1"
b1011 &
#50038
0"
#50039
1"
b1100 &
#50040
0"
#50041
1"
b1101 &
#50042
0"
#50043
1"
b1110 &
#50044
0"
#50045
1"
b1111 &
#50046
0"
#50047
1"
b0000 &
#50048
0"
#50049
1"
b0001 &
#50050
0"
#50051
1"
b0010 &
#50052
0"
#50053
1"
b0011 &
#50054
0"
#50055
1"
b0100 &
#50056
0"
#50057
1"
b0101 &
#50058
0"
#50059
1"
b0110 &
#50060
0"
#50061
1"
b0111 &
#50062
0"
#50063
1"
b1000 &
#50064
0"
#50065
1"
b1001 &
#50066
0"
#50067
1"
b1010 &
#50068
0"
#50069
1"
b1011 &
#50070
0"
#50071
1"
b1100 &
#50072
0"
#50073
1"
b1101 &
#50074
0"
#50075
1"
b1110 &
#50076
0"
#50077
1"
b1111 &
#50078
0"
#50079
1"
b0000 &
#50080
0"
#50081
1"
b0001 &
#50082
0"
#50083
1"
b0010 &
#50084
0"
#50085
1"
b0011 &
#50086
0"
#50087
1"
b0100 &
#50088
0"
#50089
1"
b0101 &
#50090
0"
#50091
1"
b0110 &
#50092
0"
#50093
1"
b0111 &
#50094
0"
#50095
1"
b1000 &
#50096
0"
#50097
1"
b1001 &
#50098
0"
#50099
1"
b1010 &
#50100
0"
#50101
1"
b1011 &
#50102
0"
#50103
1"
b1100 &
#50104
0"
#50105
1"
b1101 &
#50106
0"
#50107
1"
b1110 &
#50108
0"
#50109
1"
b1111 &
#50110
0"
#50111
1"
b0000 &
#50112
0"
#50113
1"
b0001 &
#50114
0"
#50115
1"
b0010 &
#50116
0"
#50117
1"
b0011 &
#50118
0"
#50119
1"
b0100 &
#50120
0"
#50121
1"
b0101 &
#50122
0"
#50123
1"
b0110 &
#50124
0"
#50125
1"
b0111 &
#50126
0"
#50127
1"
b1000 &
#50128
0"
#50129
1"
b1001 &
#50130
0"
#50131
1"
b1010 &
#50132
0"
#50133
1"
b1011 &
#50134
0"
#50135
1"
b1100 &
#50136
0"
#50137
1"
b1101 &
#50138
0"
#50139
1"
b1110 &
#50140
0"
#50141
1"
b1111 &
#50142
0"
#50143
1"
b0000 &
#50144
0"
#50145
1"
b0001 &
#50146
0"
#50147
1"
b0010 &
#50148
0"
#50149
1"
b0011 &
#50150
0"
#50151
1"
b0100 &
#50152
0"
#50153
1"
b0101 &
#50154
0"
#50155
1"
b0110 &
#50156
0"
#50157
1"
b0111 &
#50158
0"
#50159
1"
b1000 &
#50160
0"
#50161
1"
b1001 &
#50162
0"
#50163
1"
b1010 &
#50164
0"
#50165
1"
b1011 &
#50166
0"
#50167
1"
b1100 &
#50168
0"
#50169
1"
b1101 &
#50170
0"
#50171
1"
b1110 &
#50172
0"
#50173
1"
b1111 &
#50174
0"
#50175
1"
b0000 &
#50176
0"
#50177
1"
b0001 &
#50178
0"
#50179
1"
b0010 &
#50180
0"
#50181
1"
b0011 &
#50182
0"
#50183
1"
b0100 &
#50184
0"
#50185
1"
b0101 &
#50186
0"
#50187
1"
b0110 &
#50188
0"
#50189
1"
b0111 &
#50190
0"
#50191
1"
b1000 &
#50192
0"
#50193
1"
b1001 &
#50194
0"
#50195
1"
b1010 &
#50196
0"
#50197
1"
b1011 &
#50198
0"
#50199
1"
b1100 &
#50200
0"
#50201
1"
b1101 &
#50202
0"
#50203
1"
b1110 &
#50204
0"
#50205
1"
b1111 &
#50206
0"
#50207
1"
b0000 &
#50208
0"
#50209
1"
b0001 &
#50210
0"
#50211
1"
b0010 &
#50212
0"
#50213
1"
b0011 &
#50214
0"
#50215
1"
b0100 &
#50216
0"
#50217
1"
b0101 &
#50218
0"
#50219
1"
b0110 &
#50220
0"
#50221
1"
b0111 &
#50222
0"
#50223
1"
b1000 &
#50224
0"
#50225
1"
b1001 &
#50226
0"
#50227
1"
b1010 &
#50228
0"
#50229
1"
b1011 &
#50230
0"
#50231
1"
b1100 &
#50232
0"
#50233
1"
b1101 &
#50234
0"
#50235
1"
b1110 &
#50236
0"
#50237
1"
b1111 &
#50238
0"
#50239
1"
b0000 &
#50240
0"
#50241
1"
b0001 &
#50242
0"
#50243
1"
b0010 &
#50244
0"
#50245
1"
b0011 &
#50246
0"
#50247
1"
b0100 &
#50248
0"
#50249
1"
b0101 &
#50250
0"
#50251
1"
b0110 &
#50252
0"
#50253
1"
b0111 &
#50254
0"
#50255
1"
b1000 &
#50256
0"
#50257
1"
b1001 &
#50258
0"
#50259
1"
b1010 &
#50260
0"
#50261
1"
b1011 &
#50262
0"
#50263
1"
b1100 &
#50264
0"
#50265
1"
b1101 &
#50266
0"
#50267
1"
b1110 &
#50268
0"
#50269
1"
b1111 &
#50270
0"
#50271
1"
b0000 &
#50272
0"
#50273
1"
b0001 &
#50274
0"
#50275
1"
b0010 &
#50276
0"
#50277
1"
b0011 &
#50278
0"
#50279
1"
b0100 &
#50280
0"
#50281
1"
b0101 &
#50282
0"
#50283
1"
b0110 &
#50284
0"
#50285
1"
b0111 &
#50286
0"
#50287
1"
b1000 &
#50288
0"
#50289
1"
b1001 &
#50290
0"
#50291
1"
b1010 &
#50292
0"
#50293
1"
b1011 &
#50294
0"
#50295
1"
b1100 &
#50296
0"
#50297
1"
b1101 &
#50298
0"
#50299
1"
b1110 &
#50300
0"
#50301
1"
b1111 &
#50302
0"
#50303
1"
b0000 &
#50304
0"
#50305
1"
b0001 &
#50306
0"
#50307
1"
b0010 &
#50308
0"
#50309
1"
b0011 &
#50310
0"
#50311
1"
b0100 &
#50312
0"
#50313
1"
b0101 &
#50314
0"
#50315
1"
b0110 &
#50316
0"
#50317
1"
b0111 &
#50318
0"
#50319
1"
b1000 &
#50320
0"
#50321
1"
b1001 &
#50322
0"
#50323
1"
b1010 &
#50324
0"
#50325
1"
b1011 &
#50326
0"
#50327
1"
b1100 &
#50328
0"
#50329
1"
b1101 &
#50330
0"
#50331
1"
b1110 &
#50332
0"
#50333
1"
b1111 &
#50334
0"
#50335
1"
b0000 &
#50336
0"
#50337
1"
b0001 &
#50338
0"
#50339
1"
b0010 &
#50340
0"
#50341
1"
b0011 &
#50342
0"
#50343
1"
b0100 &
#50344
0"
#50345
1"
b0101 &
#50346
0"
#50347
1"
b0110 &
#50348
0"
#50349
1"
b0111 &
#50350
0"
#50351
1"
b1000 &
#50352
0"
#50353
1"
b1001 &
#50354
0"
#50355
1"
b1010 &
#50356
0"
#50357
1"
b1011 &
#50358
0"
#50359
1"
b1100 &
#50360
0"
#50361
1"
b1101 &
#50362
0"
#50363
1"
b1110 &
#50364
0"
#50365
1"
b1111 &
#50366
0"
#50367
1"
b0000 &
#50368
0"
#50369
1"
b0001 &
#50370
0"
#50371
1"
b0010 &
#50372
0"
#50373
1"
b0011 &
#50374
0"
#50375
1"
b0100 &
#50376
0"
#50377
1"
b0101 &
#50378
0"
#50379
1"
b0110 &
#50380
0"
#50381
1"
b0111 &
#50382
0"
#50383
1"
b1000 &
#50384
0"
#50385
1"
b1001 &
#50386
0"
#50387
1"
b1010 &
#50388
0"
#50389
1"
b1011 &
#50390
0"
#50391
1"
b1100 &
#50392
0"
#50393
1"
b1101 &
#50394
0"
#50395
1"
b1110 &
#50396
0"
#50397
1"
b1111 &
#50398
0"
#50399
1"
b0000 &
#50400
0"
#50401
1"
b0001 &
#50402
0"
#50403
1"
b0010 &
#50404
0"
#50405
1"
b0011 &
#50406
0"
#50407
1"
b0100 &
#50408
0"
#50409
1"
b0101 &
#50410
0"
#50411
1"
b0110 &
#50412
0"
#50413
1"
b0111 &
#50414
0"
#50415
1"
b1000 &
#50416
0"
#50417
1"
b1001 &
#50418
0"
#50419
1"
b1010 &
#50420
0"
#50421
1"
b1011 &
#50422
0"
#50423
1"
b1100 &
#50424
0"
#50425
1"
b1101 &
#50426
0"
#50427
1"
b1110 &
#50428
0"
#50429
1"
b1111 &
#50430
0"
#50431
1"
b0000 &
#50432
0"
#50433
1"
b0001 &
#50434
0"
#50435
1"
b0010 &
#50436
0"
#50437
1"
b0011 &
#50438
0"
#50439
1"
b0100 &
#50440
0"
#50441
1"
b0101 &
#50442
0"
#50443
1"
b0110 &
#50444
0"
#50445
1"
b0111 &
#50446
0"
#50447
1"
b1000 &
#50448
0"
#50449
1"
b1001 &
#50450
0"
#50451
1"
b1010 &
#50452
0"
#50453
1"
b1011 &
#50454
0"
#50455
1"
b1100 &
#50456
0"
#50457
1"
b1101 &
#50458
0"
#50459
1"
b1110 &
#50460
0"
#50461
1"
b1111 &
#50462
0"
#50463
1"
b0000 &
#50464
0"
#50465
1"
b0001 &
#50466
0"
#50467
1"
b0010 &
#50468
0"
#50469
1"
b0011 &
#50470
0"
#50471
1"
b0100 &
#50472
0"
#50473
1"
b0101 &
#50474
0"
#50475
1"
b0110 &
#50476
0"
#50477
1"
b0111 &
#50478
0"
#50479
1"
b1000 &
#50480
0"
#50481
1"
b1001 &
#50482
0"
#50483
1"
b1010 &
#50484
0"
#50485
1"
b1011 &
#50486
0"
#50487
1"
b1100 &
#50488
0"
#50489
1"
b1101 &
#50490
0"
#50491
1"
b1110 &
#50492
0"
#50493
1"
b1111 &
#50494
0"
#50495
1"
b0000 &
#50496
0"
#50497
1"
b0001 &
#50498
0"
#50499
1"
b0010 &
#50500
0"
#50501
1"
b0011 &
#50502
0"
#50503
1"
b0100 &
#50504
0"
#50505
1"
b0101 &
#50506
0"
#50507
1"
b0110 &
#50508
0"
#50509
1"
b0111 &
#50510
0"
#50511
1"
b1000 &
#50512
0"
#50513
1"
b1001 &
#50514
0"
#50515
1"
b1010 &
#50516
0"
#50517
1"
b1011 &
#50518
0"
#50519
1"
b1100 &
#50520
0"
#50521
1"
b1101 &
#50522
0"
#50523
1"
b1110 &
#50524
0"
#50525
1"
b1111 &
#50526
0"
#50527
1"
b0000 &
#50528
0"
#50529
1"
b0001 &
#50530
0"
#50531
1"
b0010 &
#50532
0"
#50533
1"
b0011 &
#50534
0"
#50535
1"
b0100 &
#50536
0"
#50537
1"
b0101 &
#50538
0"
#50539
1"
b0110 &
#50540
0"
#50541
1"
b0111 &
#50542
0"
#50543
1"
b1000 &
#50544
0"
#50545
1"
b1001 &
#50546
0"
#50547
1"
b1010 &
#50548
0"
#50549
1"
b1011 &
#50550
0"
#50551
1"
b1100 &
#50552
0"
#50553
1"
b1101 &
#50554
0"
#50555
1"
b1110 &
#50556
0"
#50557
1"
b1111 &
#50558
0"
#50559
1"
b0000 &
#50560
0"
#50561
1"
b0001 &
#50562
0"
#50563
1"
b0010 &
#50564
0"
#50565
1"
b0011 &
#50566
0"
#50567
1"
b0100 &
#50568
0"
#50569
1"
b0101 &
#50570
0"
#50571
1"
b0110 &
#50572
0"
#50573
1"
b0111 &
#50574
0"
#50575
1"
b1000 &
#50576
0"
#50577
1"
b1001 &
#50578
0"
#50579
1"
b1010 &
#50580
0"
#50581
1"
b1011 &
#50582
0"
#50583
1"
b1100 &
#50584
0"
#50585
1"
b1101 &
#50586
0"
#50587
1"
b1110 &
#50588
0"
#50589
1"
b1111 &
#50590
0"
#50591
1"
b0000 &
#50592
0"
#50593
1"
b0001 &
#50594
0"
#50595
1"
b0010 &
#50596
0"
#50597
1"
b0011 &
#50598
0"
#50599
1"
b0100 &
#50600
0"
#50601
1"
b0101 &
#50602
0"
#50603
1"
b0110 &
#50604
0"
#50605
1"
b0111 &
#50606
0"
#50607
1"
b1000 &
#50608
0"
#50609
1"
b1001 &
#50610
0"
#50611
1"
b1010 &
#50612
0"
#50613
1"
b1011 &
#50614
0"
#50615
1"
b1100 &
#50616
0"
#50617
1"
b1101 &
#50618
0"
#50619
1"
b1110 &
#50620
0"
#50621
1"
b1111 &
#50622
0"
#50623
1"
b0000 &
#50624
0"
#50625
1"
b0001 &
#50626
0"
#50627
1"
b0010 &
#50628
0"
#50629
1"
b0011 &
#50630
0"
#50631
1"
b0100 &
#50632
0"
#50633
1"
b0101 &
#50634
0"
#50635
1"
b0110 &
#50636
0"
#50637
1"
b0111 &
#50638
0"
#50639
1"
b1000 &
#50640
0"
#50641
1"
b1001 &
#50642
0"
#50643
1"
b1010 &
#50644
0"
#50645
1"
b1011 &
#50646
0"
#50647
1"
b1100 &
#50648
0"
#50649
1"
b1101 &
#50650
0"
#50651
1"
b1110 &
#50652
0"
#50653
1"
b1111 &
#50654
0"
#50655
1"
b0000 &
#50656
0"
#50657
1"
b0001 &
#50658
0"
#50659
1"
b0010 &
#50660
0"
#50661
1"
b0011 &
#50662
0"
#50663
1"
b0100 &
#50664
0"
#50665
1"
b0101 &
#50666
0"
#50667
1"
b0110 &
#50668
0"
#50669
1"
b0111 &
#50670
0"
#50671
1"
b1000 &
#50672
0"
#50673
1"
b1001 &
#50674
0"
#50675
1"
b1010 &
#50676
0"
#50677
1"
b1011 &
#50678
0"
#50679
1"
b1100 &
#50680
0"
#50681
1"
b1101 &
#50682
0"
#50683
1"
b1110 &
#50684
0"
#50685
1"
b1111 &
#50686
0"
#50687
1"
b0000 &
#50688
0"
#50689
1"
b0001 &
#50690
0"
#50691
1"
b0010 &
#50692
0"
#50693
1"
b0011 &
#50694
0"
#50695
1"
b0100 &
#50696
0"
#50697
1"
b0101 &
#50698
0"
#50699
1"
b0110 &
#50700
0"
#50701
1"
b0111 &
#50702
0"
#50703
1"
b1000 &
#50704
0"
#50705
1"
b1001 &
#50706
0"
#50707
1"
b1010 &
#50708
0"
#50709
1"
b1011 &
#50710
0"
#50711
1"
b1100 &
#50712
0"
#50713
1"
b1101 &
#50714
0"
#50715
1"
b1110 &
#50716
0"
#50717
1"
b1111 &
#50718
0"
#50719
1"
b0000 &
#50720
0"
#50721
1"
b0001 &
#50722
0"
#50723
1"
b0010 &
#50724
0"
#50725
1"
b0011 &
#50726
0"
#50727
1"
b0100 &
#50728
0"
#50729
1"
b0101 &
#50730
0"
#50731
1"
b0110 &
#50732
0"
#50733
1"
b0111 &
#50734
0"
#50735
1"
b1000 &
#50736
0"
#50737
1"
b1001 &
#50738
0"
#50739
1"
b1010 &
#50740
0"
#50741
1"
b1011 &
#50742
0"
#50743
1"
b1100 &
#50744
0"
#50745
1"
b1101 &
#50746
0"
#50747
1"
b1110 &
#50748
0"
#50749
1"
b1111 &
#50750
0"
#50751
1"
b0000 &
#50752
0"
#50753
1"
b0001 &
#50754
0"
#50755
1"
b0010 &
#50756
0"
#50757
1"
b0011 &
#50758
0"
#50759
1"
b0100 &
#50760
0"
#50761
1"
b0101 &
#50762
0"
#50763
1"
b0110 &
#50764
0"
#50765
1"
b0111 &
#50766
0"
#50767
1"
b1000 &
#50768
0"
#50769
1"
b1001 &
#50770
0"
#50771
1"
b1010 &
#50772
0"
#50773
1"
b1011 &
#50774
0"
#50775
1"
b1100 &
#50776
0"
#50777
1"
b1101 &
#50778
0"
#50779
1"
b1110 &
#50780
0"
#50781
1"
b1111 &
#50782
0"
#50783
1"
b0000 &
#50784
0"
#50785
1"
b0001 &
#50786
0"
#50787
1"
b0010 &
#50788
0"
#50789
1"
b0011 &
#50790
0"
#50791
1"
b0100 &
#50792
0"
#50793
1"
b0101 &
#50794
0"
#50795
1"
b0110 &
#50796
0"
#50797
1"
b0111 &
#50798
0"
#50799
1"
b1000 &
#50800
0"
#50801
1"
b1001 &
#50802
0"
#50803
1"
b1010 &
#50804
0"
#50805
1"
b1011 &
#50806
0"
#50807
1"
b1100 &
#50808
0"
#50809
1"
b1101 &
#50810
0"
#50811
1"
b1110 &
#50812
0"
#50813
1"
b1111 &
#50814
0"
#50815
1"
b0000 &
#50816
0"
#50817
1"
b0001 &
#50818
0"
#50819
1"
b0010 &
#50820
0"
#50821
1"
b0011 &
#50822
0"
#50823
1"
b0100 &
#50824
0"
#50825
1"
b0101 &
#50826
0"
#50827
1"
b0110 &
#50828
0"
#50829
1"
b0111 &
#50830
0"
#50831
1"
b1000 &
#50832
0"
#50833
1"
b1001 &
#50834
0"
#50835
1"
b1010 &
#50836
0"
#50837
1"
b1011 &
#50838
0"
#50839
1"
b1100 &
#50840
0"
#50841
1"
b1101 &
#50842
0"
#50843
1"
b1110 &
#50844
0"
#50845
1"
b1111 &
#50846
0"
#50847
1"
b0000 &
#50848
0"
#50849
1"
b0001 &
#50850
0"
#50851
1"
b0010 &
#50852
0"
#50853
1"
b0011 &
#50854
0"
#50855
1"
b0100 &
#50856
0"
#50857
1"
b0101 &
#50858
0"
#50859
1"
b0110 &
#50860
0"
#50861
1"
b0111 &
#50862
0"
#50863
1"
b1000 &
#50864
0"
#50865
1"
b1001 &
#50866
0"
#50867
1"
b1010 &
#50868
0"
#50869
1"
b1011 &
#50870
0"
#50871
1"
b1100 &
#50872
0"
#50873
1"
b1101 &
#50874
0"
#50875
1"
b1110 &
#50876
0"
#50877
1"
b1111 &
#50878
0"
#50879
1"
b0000 &
#50880
0"
#50881
1"
b0001 &
#50882
0"
#50883
1"
b0010 &
#50884
0"
#50885
1"
b0011 &
#50886
0"
#50887
1"
b0100 &
#50888
0"
#50889
1"
b0101 &
#50890
0"
#50891
1"
b0110 &
#50892
0"
#50893
1"
b0111 &
#50894
0"
#50895
1"
b1000 &
#50896
0"
#50897
1"
b1001 &
#50898
0"
#50899
1"
b1010 &
#50900
0"
#50901
1"
b1011 &
#50902
0"
#50903
1"
b1100 &
#50904
0"
#50905
1"
b1101 &
#50906
0"
#50907
1"
b1110 &
#50908
0"
#50909
1"
b1111 &
#50910
0"
#50911
1"
b0000 &
#50912
0"
#50913
1"
b0001 &
#50914
0"
#50915
1"
b0010 &
#50916
0"
#50917
1"
b0011 &
#50918
0"
#50919
1"
b0100 &
#50920
0"
#50921
1"
b0101 &
#50922
0"
#50923
1"
b0110 &
#50924
0"
#50925
1"
b0111 &
#50926
0"
#50927
1"
b1000 &
#50928
0"
#50929
1"
b1001 &
#50930
0"
#50931
1"
b1010 &
#50932
0"
#50933
1"
b1011 &
#50934
0"
#50935
1"
b1100 &
#50936
0"
#50937
1"
b1101 &
#50938
0"
#50939
1"
b1110 &
#50940
0"
#50941
1"
b1111 &
#50942
0"
#50943
1"
b0000 &
#50944
0"
#50945
1"
b0001 &
#50946
0"
#50947
1"
b0010 &
#50948
0"
#50949
1"
b0011 &
#50950
0"
#50951
1"
b0100 &
#50952
0"
#50953
1"
b0101 &
#50954
0"
#50955
1"
b0110 &
#50956
0"
#50957
1"
b0111 &
#50958
0"
#50959
1"
b1000 &
#50960
0"
#50961
1"
b1001 &
#50962
0"
#50963
1"
b1010 &
#50964
0"
#50965
1"
b1011 &
#50966
0"
#50967
1"
b1100 &
#50968
0"
#50969
1"
b1101 &
#50970
0"
#50971
1"
b1110 &
#50972
0"
#50973
1"
b1111 &
#50974
0"
#50975
1"
b0000 &
#50976
0"
#50977
1"
b0001 &
#50978
0"
#50979
1"
b0010 &
#50980
0"
#50981
1"
b0011 &
#50982
0"
#50983
1"
b0100 &
#50984
0"
#50985
1"
b0101 &
#50986
0"
#50987
1"
b0110 &
#50988
0"
#50989
1"
b0111 &
#50990
0"
#50991
1"
b1000 &
#50992
0"
#50993
1"
b1001 &
#50994
0"
#50995
1"
b1010 &
#50996
0"
#50997
1"
b1011 &
#50998
0"
#50999
1"
b1100 &
#51000
0"
#51001
1"
b1101 &
#51002
0"
#51003
1"
b1110 &
#51004
0"
#51005
1"
b1111 &
#51006
0"
#51007
1"
b0000 &
#51008
0"
#51009
1"
b0001 &
#51010
0"
#51011
1"
b0010 &
#51012
0"
#51013
1"
b0011 &
#51014
0"
#51015
1"
b0100 &
#51016
0"
#51017
1"
b0101 &
#51018
0"
#51019
1"
b0110 &
#51020
0"
#51021
1"
b0111 &
#51022
0"
#51023
1"
b1000 &
#51024
0"
#51025
1"
b1001 &
#51026
0"
#51027
1"
b1010 &
#51028
0"
#51029
1"
b1011 &
#51030
0"
#51031
1"
b1100 &
#51032
0"
#51033
1"
b1101 &
#51034
0"
#51035
1"
b1110 &
#51036
0"
#51037
1"
b1111 &
#51038
0"
#51039
1"
b0000 &
#51040
0"
#51041
1"
b0001 &
#51042
0"
#51043
1"
b0010 &
#51044
0"
#51045
1"
b0011 &
#51046
0"
#51047
1"
b0100 &
#51048
0"
#51049
1"
b0101 &
#51050
0"
#51051
1"
b0110 &
#51052
0"
#51053
1"
b0111 &
#51054
0"
#51055
1"
b1000 &
#51056
0"
#51057
1"
b1001 &
#51058
0"
#51059
1"
b1010 &
#51060
0"
#51061
1"
b1011 &
#51062
0"
#51063
1"
b1100 &
#51064
0"
#51065
1"
b1101 &
#51066
0"
#51067
1"
b1110 &
#51068
0"
#51069
1"
b1111 &
#51070
0"
#51071
1"
b0000 &
#51072
0"
#51073
1"
b0001 &
#51074
0"
#51075
1"
b0010 &
#51076
0"
#51077
1"
b0011 &
#51078
0"
#51079
1"
b0100 &
#51080
0"
#51081
1"
b0101 &
#51082
0"
#51083
1"
b0110 &
#51084
0"
#51085
1"
b0111 &
#51086
0"
#51087
1"
b1000 &
#51088
0"
#51089
1"
b1001 &
#51090
0"
#51091
1"
b1010 &
#51092
0"
#51093
1"
b1011 &
#51094
0"
#51095
1"
b1100 &
#51096
0"
#51097
1"
b1101 &
#51098
0"
#51099
1"
b1110 &
#51100
0"
#51101
1"
b1111 &
#51102
0"
#51103
1"
b0000 &
#51104
0"
#51105
1"
b0001 &
#51106
0"
#51107
1"
b0010 &
#51108
0"
#51109
1"
b0011 &
#51110
0"
#51111
1"
b0100 &
#51112
0"
#51113
1"
b0101 &
#51114
0"
#51115
1"
b0110 &
#51116
0"
#51117
1"
b0111 &
#51118
0"
#51119
1"
b1000 &
#51120
0"
#51121
1"
b1001 &
#51122
0"
#51123
1"
b1010 &
#51124
0"
#51125
1"
b1011 &
#51126
0"
#51127
1"
b1100 &
#51128
0"
#51129
1"
b1101 &
#51130
0"
#51131
1"
b1110 &
#51132
0"
#51133
1"
b1111 &
#51134
0"
#51135
1"
b0000 &
#51136
0"
#51137
1"
b0001 &
#51138
0"
#51139
1"
b0010 &
#51140
0"
#51141
1"
b0011 &
#51142
0"
#51143
1"
b0100 &
#51144
0"
#51145
1"
b0101 &
#51146
0"
#51147
1"
b0110 &
#51148
0"
#51149
1"
b0111 &
#51150
0"
#51151
1"
b1000 &
#51152
0"
#51153
1"
b1001 &
#51154
0"
#51155
1"
b1010 &
#51156
0"
#51157
1"
b1011 &
#51158
0"
#51159
1"
b1100 &
#51160
0"
#51161
1"
b1101 &
#51162
0"
#51163
1"
b1110 &
#51164
0"
#51165
1"
b1111 &
#51166
0"
#51167
1"
b0000 &
#51168
0"
#51169
1"
b0001 &
#51170
0"
#51171
1"
b0010 &
#51172
0"
#51173
1"
b0011 &
#51174
0"
#51175
1"
b0100 &
#51176
0"
#51177
1"
b0101 &
#51178
0"
#51179
1"
b0110 &
#51180
0"
#51181
1"
b0111 &
#51182
0"
#51183
1"
b1000 &
#51184
0"
#51185
1"
b1001 &
#51186
0"
#51187
1"
b1010 &
#51188
0"
#51189
1"
b1011 &
#51190
0"
#51191
1"
b1100 &
#51192
0"
#51193
1"
b1101 &
#51194
0"
#51195
1"
b1110 &
#51196
0"
#51197
1"
b1111 &
#51198
0"
#51199
1"
b0000 &
#51200
0"
#51201
1"
b0001 &
#51202
0"
#51203
1"
b0010 &
#51204
0"
#51205
1"
b0011 &
#51206
0"
#51207
1"
b0100 &
#51208
0"
#51209
1"
b0101 &
#51210
0"
#51211
1"
b0110 &
#51212
0"
#51213
1"
b0111 &
#51214
0"
#51215
1"
b1000 &
#51216
0"
#51217
1"
b1001 &
#51218
0"
#51219
1"
b1010 &
#51220
0"
#51221
1"
b1011 &
#51222
0"
#51223
1"
b1100 &
#51224
0"
#51225
1"
b1101 &
#51226
0"
#51227
1"
b1110 &
#51228
0"
#51229
1"
b1111 &
#51230
0"
#51231
1"
b0000 &
#51232
0"
#51233
1"
b0001 &
#51234
0"
#51235
1"
b0010 &
#51236
0"
#51237
1"
b0011 &
#51238
0"
#51239
1"
b0100 &
#51240
0"
#51241
1"
b0101 &
#51242
0"
#51243
1"
b0110 &
#51244
0"
#51245
1"
b0111 &
#51246
0"
#51247
1"
b1000 &
#51248
0"
#51249
1"
b1001 &
#51250
0"
#51251
1"
b1010 &
#51252
0"
#51253
1"
b1011 &
#51254
0"
#51255
1"
b1100 &
#51256
0"
#51257
1"
b1101 &
#51258
0"
#51259
1"
b1110 &
#51260
0"
#51261
1"
b1111 &
#51262
0"
#51263
1"
b0000 &
#51264
0"
#51265
1"
b0001 &
#51266
0"
#51267
1"
b0010 &
#51268
0"
#51269
1"
b0011 &
#51270
0"
#51271
1"
b0100 &
#51272
0"
#51273
1"
b0101 &
#51274
0"
#51275
1"
b0110 &
#51276
0"
#51277
1"
b0111 &
#51278
0"
#51279
1"
b1000 &
#51280
0"
#51281
1"
b1001 &
#51282
0"
#51283
1"
b1010 &
#51284
0"
#51285
1"
b1011 &
#51286
0"
#51287
1"
b1100 &
#51288
0"
#51289
1"
b1101 &
#51290
0"
#51291
1"
b1110 &
#51292
0"
#51293
1"
b1111 &
#51294
0"
#51295
1"
b0000 &
#51296
0"
#51297
1"
b0001 &
#51298
0"
#51299
1"
b0010 &
#51300
0"
#51301
1"
b0011 &
#51302
0"
#51303
1"
b0100 &
#51304
0"
#51305
1"
b0101 &
#51306
0"
#51307
1"
b0110 &
#51308
0"
#51309
1"
b0111 &
#51310
0"
#51311
1"
b1000 &
#51312
0"
#51313
1"
b1001 &
#51314
0"
#51315
1"
b1010 &
#51316
0"
#51317
1"
b1011 &
#51318
0"
#51319
1"
b1100 &
#51320
0"
#51321
1"
b1101 &
#51322
0"
#51323
1"
b1110 &
#51324
0"
#51325
1"
b1111 &
#51326
0"
#51327
1"
b0000 &
#51328
0"
#51329
1"
b0001 &
#51330
0"
#51331
1"
b0010 &
#51332
0"
#51333
1"
b0011 &
#51334
0"
#51335
1"
b0100 &
#51336
0"
#51337
1"
b0101 &
#51338
0"
#51339
1"
b0110 &
#51340
0"
#51341
1"
b0111 &
#51342
0"
#51343
1"
b1000 &
#51344
0"
#51345
1"
b1001 &
#51346
0"
#51347
1"
b1010 &
#51348
0"
#51349
1"
b1011 &
#51350
0"
#51351
1"
b1100 &
#51352
0"
#51353
1"
b1101 &
#51354
0"
#51355
1"
b1110 &
#51356
0"
#51357
1"
b1111 &
#51358
0"
#51359
1"
b0000 &
#51360
0"
#51361
1"
b0001 &
#51362
0"
#51363
1"
b0010 &
#51364
0"
#51365
1"
b0011 &
#51366
0"
#51367
1"
b0100 &
#51368
0"
#51369
1"
b0101 &
#51370
0"
#51371
1"
b0110 &
#51372
0"
#51373
1"
b0111 &
#51374
0"
#51375
1"
b1000 &
#51376
0"
#51377
1"
b1001 &
#51378
0"
#51379
1"
b1010 &
#51380
0"
#51381
1"
b1011 &
#51382
0"
#51383
1"
b1100 &
#51384
0"
#51385
1"
b1101 &
#51386
0"
#51387
1"
b1110 &
#51388
0"
#51389
1"
b1111 &
#51390
0"
#51391
1"
b0000 &
#51392
0"
#51393
1"
b0001 &
#51394
0"
#51395
1"
b0010 &
#51396
0"
#51397
1"
b0011 &
#51398
0"
#51399
1"
b0100 &
#51400
0"
#51401
1"
b0101 &
#51402
0"
#51403
1"
b0110 &
#51404
0"
#51405
1"
b0111 &
#51406
0"
#51407
1"
b1000 &
#51408
0"
#51409
1"
b1001 &
#51410
0"
#51411
1"
b1010 &
#51412
0"
#51413
1"
b1011 &
#51414
0"
#51415
1"
b1100 &
#51416
0"
#51417
1"
b1101 &
#51418
0"
#51419
1"
b1110 &
#51420
0"
#51421
1"
b1111 &
#51422
0"
#51423
1"
b0000 &
#51424
0"
#51425
1"
b0001 &
#51426
0"
#51427
1"
b0010 &
#51428
0"
#51429
1"
b0011 &
#51430
0"
#51431
1"
b0100 &
#51432
0"
#51433
1"
b0101 &
#51434
0"
#51435
1"
b0110 &
#51436
0"
#51437
1"
b0111 &
#51438
0"
#51439
1"
b1000 &
#51440
0"
#51441
1"
b1001 &
#51442
0"
#51443
1"
b1010 &
#51444
0"
#51445
1"
b1011 &
#51446
0"
#51447
1"
b1100 &
#51448
0"
#51449
1"
b1101 &
#51450
0"
#51451
1"
b1110 &
#51452
0"
#51453
1"
b1111 &
#51454
0"
#51455
1"
b0000 &
#51456
0"
#51457
1"
b0001 &
#51458
0"
#51459
1"
b0010 &
#51460
0"
#51461
1"
b0011 &
#51462
0"
#51463
1"
b0100 &
#51464
0"
#51465
1"
b0101 &
#51466
0"
#51467
1"
b0110 &
#51468
0"
#51469
1"
b0111 &
#51470
0"
#51471
1"
b1000 &
#51472
0"
#51473
1"
b1001 &
#51474
0"
#51475
1"
b1010 &
#51476
0"
#51477
1"
b1011 &
#51478
0"
#51479
1"
b1100 &
#51480
0"
#51481
1"
b1101 &
#51482
0"
#51483
1"
b1110 &
#51484
0"
#51485
1"
b1111 &
#51486
0"
#51487
1"
b0000 &
#51488
0"
#51489
1"
b0001 &
#51490
0"
#51491
1"
b0010 &
#51492
0"
#51493
1"
b0011 &
#51494
0"
#51495
1"
b0100 &
#51496
0"
#51497
1"
b0101 &
#51498
0"
#51499
1"
b0110 &
#51500
0"
#51501
1"
b0111 &
#51502
0"
#51503
1"
b1000 &
#51504
0"
#51505
1"
b1001 &
#51506
0"
#51507
1"
b1010 &
#51508
0"
#51509
1"
b1011 &
#51510
0"
#51511
1"
b1100 &
#51512
0"
#51513
1"
b1101 &
#51514
0"
#51515
1"
b1110 &
#51516
0"
#51517
1"
b1111 &
#51518
0"
#51519
1"
b0000 &
#51520
0"
#51521
1"
b0001 &
#51522
0"
#51523
1"
b0010 &
#51524
0"
#51525
1"
b0011 &
#51526
0"
#51527
1"
b0100 &
#51528
0"
#51529
1"
b0101 &
#51530
0"
#51531
1"
b0110 &
#51532
0"
#51533
1"
b0111 &
#51534
0"
#51535
1"
b1000 &
#51536
0"
#51537
1"
b1001 &
#51538
0"
#51539
1"
b1010 &
#51540
0"
#51541
1"
b1011 &
#51542
0"
#51543
1"
b1100 &
#51544
0"
#51545
1"
b1101 &
#51546
0"
#51547
1"
b1110 &
#51548
0"
#51549
1"
b1111 &
#51550
0"
#51551
1"
b0000 &
#51552
0"
#51553
1"
b0001 &
#51554
0"
#51555
1"
b0010 &
#51556
0"
#51557
1"
b0011 &
#51558
0"
#51559
1"
b0100 &
#51560
0"
#51561
1"
b0101 &
#51562
0"
#51563
1"
b0110 &
#51564
0"
#51565
1"
b0111 &
#51566
0"
#51567
1"
b1000 &
#51568
0"
#51569
1"
b1001 &
#51570
0"
#51571
1"
b1010 &
#51572
0"
#51573
1"
b1011 &
#51574
0"
#51575
1"
b1100 &
#51576
0"
#51577
1"
b1101 &
#51578
0"
#51579
1"
b1110 &
#51580
0"
#51581
1"
b1111 &
#51582
0"
#51583
1"
b0000 &
#51584
0"
#51585
1"
b0001 &
#51586
0"
#51587
1"
b0010 &
#51588
0"
#51589
1"
b0011 &
#51590
0"
#51591
1"
b0100 &
#51592
0"
#51593
1"
b0101 &
#51594
0"
#51595
1"
b0110 &
#51596
0"
#51597
1"
b0111 &
#51598
0"
#51599
1"
b1000 &
#51600
0"
#51601
1"
b1001 &
#51602
0"
#51603
1"
b1010 &
#51604
0"
#51605
1"
b1011 &
#51606
0"
#51607
1"
b1100 &
#51608
0"
#51609
1"
b1101 &
#51610
0"
#51611
1"
b1110 &
#51612
0"
#51613
1"
b1111 &
#51614
0"
#51615
1"
b0000 &
#51616
0"
#51617
1"
b0001 &
#51618
0"
#51619
1"
b0010 &
#51620
0"
#51621
1"
b0011 &
#51622
0"
#51623
1"
b0100 &
#51624
0"
#51625
1"
b0101 &
#51626
0"
#51627
1"
b0110 &
#51628
0"
#51629
1"
b0111 &
#51630
0"
#51631
1"
b1000 &
#51632
0"
#51633
1"
b1001 &
#51634
0"
#51635
1"
b1010 &
#51636
0"
#51637
1"
b1011 &
#51638
0"
#51639
1"
b1100 &
#51640
0"
#51641
1"
b1101 &
#51642
0"
#51643
1"
b1110 &
#51644
0"
#51645
1"
b1111 &
#51646
0"
#51647
1"
b0000 &
#51648
0"
#51649
1"
b0001 &
#51650
0"
#51651
1"
b0010 &
#51652
0"
#51653
1"
b0011 &
#51654
0"
#51655
1"
b0100 &
#51656
0"
#51657
1"
b0101 &
#51658
0"
#51659
1"
b0110 &
#51660
0"
#51661
1"
b0111 &
#51662
0"
#51663
1"
b1000 &
#51664
0"
#51665
1"
b1001 &
#51666
0"
#51667
1"
b1010 &
#51668
0"
#51669
1"
b1011 &
#51670
0"
#51671
1"
b1100 &
#51672
0"
#51673
1"
b1101 &
#51674
0"
#51675
1"
b1110 &
#51676
0"
#51677
1"
b1111 &
#51678
0"
#51679
1"
b0000 &
#51680
0"
#51681
1"
b0001 &
#51682
0"
#51683
1"
b0010 &
#51684
0"
#51685
1"
b0011 &
#51686
0"
#51687
1"
b0100 &
#51688
0"
#51689
1"
b0101 &
#51690
0"
#51691
1"
b0110 &
#51692
0"
#51693
1"
b0111 &
#51694
0"
#51695
1"
b1000 &
#51696
0"
#51697
1"
b1001 &
#51698
0"
#51699
1"
b1010 &
#51700
0"
#51701
1"
b1011 &
#51702
0"
#51703
1"
b1100 &
#51704
0"
#51705
1"
b1101 &
#51706
0"
#51707
1"
b1110 &
#51708
0"
#51709
1"
b1111 &
#51710
0"
#51711
1"
b0000 &
#51712
0"
#51713
1"
b0001 &
#51714
0"
#51715
1"
b0010 &
#51716
0"
#51717
1"
b0011 &
#51718
0"
#51719
1"
b0100 &
#51720
0"
#51721
1"
b0101 &
#51722
0"
#51723
1"
b0110 &
#51724
0"
#51725
1"
b0111 &
#51726
0"
#51727
1"
b1000 &
#51728
0"
#51729
1"
b1001 &
#51730
0"
#51731
1"
b1010 &
#51732
0"
#51733
1"
b1011 &
#51734
0"
#51735
1"
b1100 &
#51736
0"
#51737
1"
b1101 &
#51738
0"
#51739
1"
b1110 &
#51740
0"
#51741
1"
b1111 &
#51742
0"
#51743
1"
b0000 &
#51744
0"
#51745
1"
b0001 &
#51746
0"
#51747
1"
b0010 &
#51748
0"
#51749
1"
b0011 &
#51750
0"
#51751
1"
b0100 &
#51752
0"
#51753
1"
b0101 &
#51754
0"
#51755
1"
b0110 &
#51756
0"
#51757
1"
b0111 &
#51758
0"
#51759
1"
b1000 &
#51760
0"
#51761
1"
b1001 &
#51762
0"
#51763
1"
b1010 &
#51764
0"
#51765
1"
b1011 &
#51766
0"
#51767
1"
b1100 &
#51768
0"
#51769
1"
b1101 &
#51770
0"
#51771
1"
b1110 &
#51772
0"
#51773
1"
b1111 &
#51774
0"
#51775
1"
b0000 &
#51776
0"
#51777
1"
b0001 &
#51778
0"
#51779
1"
b0010 &
#51780
0"
#51781
1"
b0011 &
#51782
0"
#51783
1"
b0100 &
#51784
0"
#51785
1"
b0101 &
#51786
0"
#51787
1"
b0110 &
#51788
0"
#51789
1"
b0111 &
#51790
0"
#51791
1"
b1000 &
#51792
0"
#51793
1"
b1001 &
#51794
0"
#51795
1"
b1010 &
#51796
0"
#51797
1"
b1011 &
#51798
0"
#51799
1"
b1100 &
#51800
0"
#51801
1"
b1101 &
#51802
0"
#51803
1"
b1110 &
#51804
0"
#51805
1"
b1111 &
#51806
0"
#51807
1"
b0000 &
#51808
0"
#51809
1"
b0001 &
#51810
0"
#51811
1"
b0010 &
#51812
0"
#51813
1"
b0011 &
#51814
0"
#51815
1"
b0100 &
#51816
0"
#51817
1"
b0101 &
#51818
0"
#51819
1"
b0110 &
#51820
0"
#51821
1"
b0111 &
#51822
0"
#51823
1"
b1000 &
#51824
0"
#51825
1"
b1001 &
#51826
0"
#51827
1"
b1010 &
#51828
0"
#51829
1"
b1011 &
#51830
0"
#51831
1"
b1100 &
#51832
0"
#51833
1"
b1101 &
#51834
0"
#51835
1"
b1110 &
#51836
0"
#51837
1"
b1111 &
#51838
0"
#51839
1"
b0000 &
#51840
0"
#51841
1"
b0001 &
#51842
0"
#51843
1"
b0010 &
#51844
0"
#51845
1"
b0011 &
#51846
0"
#51847
1"
b0100 &
#51848
0"
#51849
1"
b0101 &
#51850
0"
#51851
1"
b0110 &
#51852
0"
#51853
1"
b0111 &
#51854
0"
#51855
1"
b1000 &
#51856
0"
#51857
1"
b1001 &
#51858
0"
#51859
1"
b1010 &
#51860
0"
#51861
1"
b1011 &
#51862
0"
#51863
1"
b1100 &
#51864
0"
#51865
1"
b1101 &
#51866
0"
#51867
1"
b1110 &
#51868
0"
#51869
1"
b1111 &
#51870
0"
#51871
1"
b0000 &
#51872
0"
#51873
1"
b0001 &
#51874
0"
#51875
1"
b0010 &
#51876
0"
#51877
1"
b0011 &
#51878
0"
#51879
1"
b0100 &
#51880
0"
#51881
1"
b0101 &
#51882
0"
#51883
1"
b0110 &
#51884
0"
#51885
1"
b0111 &
#51886
0"
#51887
1"
b1000 &
#51888
0"
#51889
1"
b1001 &
#51890
0"
#51891
1"
b1010 &
#51892
0"
#51893
1"
b1011 &
#51894
0"
#51895
1"
b1100 &
#51896
0"
#51897
1"
b1101 &
#51898
0"
#51899
1"
b1110 &
#51900
0"
#51901
1"
b1111 &
#51902
0"
#51903
1"
b0000 &
#51904
0"
#51905
1"
b0001 &
#51906
0"
#51907
1"
b0010 &
#51908
0"
#51909
1"
b0011 &
#51910
0"
#51911
1"
b0100 &
#51912
0"
#51913
1"
b0101 &
#51914
0"
#51915
1"
b0110 &
#51916
0"
#51917
1"
b0111 &
#51918
0"
#51919
1"
b1000 &
#51920
0"
#51921
1"
b1001 &
#51922
0"
#51923
1"
b1010 &
#51924
0"
#51925
1"
b1011 &
#51926
0"
#51927
1"
b1100 &
#51928
0"
#51929
1"
b1101 &
#51930
0"
#51931
1"
b1110 &
#51932
0"
#51933
1"
b1111 &
#51934
0"
#51935
1"
b0000 &
#51936
0"
#51937
1"
b0001 &
#51938
0"
#51939
1"
b0010 &
#51940
0"
#51941
1"
b0011 &
#51942
0"
#51943
1"
b0100 &
#51944
0"
#51945
1"
b0101 &
#51946
0"
#51947
1"
b0110 &
#51948
0"
#51949
1"
b0111 &
#51950
0"
#51951
1"
b1000 &
#51952
0"
#51953
1"
b1001 &
#51954
0"
#51955
1"
b1010 &
#51956
0"
#51957
1"
b1011 &
#51958
0"
#51959
1"
b1100 &
#51960
0"
#51961
1"
b1101 &
#51962
0"
#51963
1"
b1110 &
#51964
0"
#51965
1"
b1111 &
#51966
0"
#51967
1"
b0000 &
#51968
0"
#51969
1"
b0001 &
#51970
0"
#51971
1"
b0010 &
#51972
0"
#51973
1"
b0011 &
#51974
0"
#51975
1"
b0100 &
#51976
0"
#51977
1"
b0101 &
#51978
0"
#51979
1"
b0110 &
#51980
0"
#51981
1"
b0111 &
#51982
0"
#51983
1"
b1000 &
#51984
0"
#51985
1"
b1001 &
#51986
0"
#51987
1"
b1010 &
#51988
0"
#51989
1"
b1011 &
#51990
0"
#51991
1"
b1100 &
#51992
0"
#51993
1"
b1101 &
#51994
0"
#51995
1"
b1110 &
#51996
0"
#51997
1"
b1111 &
#51998
0"
#51999
1"
b0000 &
#52000
0"
#52001
1"
b0001 &
#52002
0"
#52003
1"
b0010 &
#52004
0"
#52005
1"
b0011 &
#52006
0"
#52007
1"
b0100 &
#52008
0"
#52009
1"
b0101 &
#52010
0"
#52011
1"
b0110 &
#52012
0"
#52013
1"
b0111 &
#52014
0"
#52015
1"
b1000 &
#52016
0"
#52017
1"
b1001 &
#52018
0"
#52019
1"
b1010 &
#52020
0"
#52021
1"
b1011 &
#52022
0"
#52023
1"
b1100 &
#52024
0"
#52025
1"
b1101 &
#52026
0"
#52027
1"
b1110 &
#52028
0"
#52029
1"
b1111 &
#52030
0"
#52031
1"
b0000 &
#52032
0"
#52033
1"
b0001 &
#52034
0"
#52035
1"
b0010 &
#52036
0"
#52037
1"
b0011 &
#52038
0"
#52039
1"
b0100 &
#52040
0"
#52041
1"
b0101 &
#52042
0"
#52043
1"
b0110 &
#52044
0"
#52045
1"
b0111 &
#52046
0"
#52047
1"
b1000 &
#52048
0"
#52049
1"
b1001 &
#52050
0"
#52051
1"
b1010 &
#52052
0"
#52053
1"
b1011 &
#52054
0"
#52055
1"
b1100 &
#52056
0"
#52057
1"
b1101 &
#52058
0"
#52059
1"
b1110 &
#52060
0"
#52061
1"
b1111 &
#52062
0"
#52063
1"
b0000 &
#52064
0"
#52065
1"
b0001 &
#52066
0"
#52067
1"
b0010 &
#52068
0"
#52069
1"
b0011 &
#52070
0"
#52071
1"
b0100 &
#52072
0"
#52073
1"
b0101 &
#52074
0"
#52075
1"
b0110 &
#52076
0"
#52077
1"
b0111 &
#52078
0"
#52079
1"
b1000 &
#52080
0"
#52081
1"
b1001 &
#52082
0"
#52083
1"
b1010 &
#52084
0"
#52085
1"
b1011 &
#52086
0"
#52087
1"
b1100 &
#52088
0"
#52089
1"
b1101 &
#52090
0"
#52091
1"
b1110 &
#52092
0"
#52093
1"
b1111 &
#52094
0"
#52095
1"
b0000 &
#52096
0"
#52097
1"
b0001 &
#52098
0"
#52099
1"
b0010 &
#52100
0"
#52101
1"
b0011 &
#52102
0"
#52103
1"
b0100 &
#52104
0"
#52105
1"
b0101 &
#52106
0"
#52107
1"
b0110 &
#52108
0"
#52109
1"
b0111 &
#52110
0"
#52111
1"
b1000 &
#52112
0"
#52113
1"
b1001 &
#52114
0"
#52115
1"
b1010 &
#52116
0"
#52117
1"
b1011 &
#52118
0"
#52119
1"
b1100 &
#52120
0"
#52121
1"
b1101 &
#52122
0"
#52123
1"
b1110 &
#52124
0"
#52125
1"
b1111 &
#52126
0"
#52127
1"
b0000 &
#52128
0"
#52129
1"
b0001 &
#52130
0"
#52131
1"
b0010 &
#52132
0"
#52133
1"
b0011 &
#52134
0"
#52135
1"
b0100 &
#52136
0"
#52137
1"
b0101 &
#52138
0"
#52139
1"
b0110 &
#52140
0"
#52141
1"
b0111 &
#52142
0"
#52143
1"
b1000 &
#52144
0"
#52145
1"
b1001 &
#52146
0"
#52147
1"
b1010 &
#52148
0"
#52149
1"
b1011 &
#52150
0"
#52151
1"
b1100 &
#52152
0"
#52153
1"
b1101 &
#52154
0"
#52155
1"
b1110 &
#52156
0"
#52157
1"
b1111 &
#52158
0"
#52159
1"
b0000 &
#52160
0"
#52161
1"
b0001 &
#52162
0"
#52163
1"
b0010 &
#52164
0"
#52165
1"
b0011 &
#52166
0"
#52167
1"
b0100 &
#52168
0"
#52169
1"
b0101 &
#52170
0"
#52171
1"
b0110 &
#52172
0"
#52173
1"
b0111 &
#52174
0"
#52175
1"
b1000 &
#52176
0"
#52177
1"
b1001 &
#52178
0"
#52179
1"
b1010 &
#52180
0"
#52181
1"
b1011 &
#52182
0"
#52183
1"
b1100 &
#52184
0"
#52185
1"
b1101 &
#52186
0"
#52187
1"
b1110 &
#52188
0"
#52189
1"
b1111 &
#52190
0"
#52191
1"
b0000 &
#52192
0"
#52193
1"
b0001 &
#52194
0"
#52195
1"
b0010 &
#52196
0"
#52197
1"
b0011 &
#52198
0"
#52199
1"
b0100 &
#52200
0"
#52201
1"
b0101 &
#52202
0"
#52203
1"
b0110 &
#52204
0"
#52205
1"
b0111 &
#52206
0"
#52207
1"
b1000 &
#52208
0"
#52209
1"
b1001 &
#52210
0"
#52211
1"
b1010 &
#52212
0"
#52213
1"
b1011 &
#52214
0"
#52215
1"
b1100 &
#52216
0"
#52217
1"
b1101 &
#52218
0"
#52219
1"
b1110 &
#52220
0"
#52221
1"
b1111 &
#52222
0"
#52223
1"
b0000 &
#52224
0"
#52225
1"
b0001 &
#52226
0"
#52227
1"
b0010 &
#52228
0"
#52229
1"
b0011 &
#52230
0"
#52231
1"
b0100 &
#52232
0"
#52233
1"
b0101 &
#52234
0"
#52235
1"
b0110 &
#52236
0"
#52237
1"
b0111 &
#52238
0"
#52239
1"
b1000 &
#52240
0"
#52241
1"
b1001 &
#52242
0"
#52243
1"
b1010 &
#52244
0"
#52245
1"
b1011 &
#52246
0"
#52247
1"
b1100 &
#52248
0"
#52249
1"
b1101 &
#52250
0"
#52251
1"
b1110 &
#52252
0"
#52253
1"
b1111 &
#52254
0"
#52255
1"
b0000 &
#52256
0"
#52257
1"
b0001 &
#52258
0"
#52259
1"
b0010 &
#52260
0"
#52261
1"
b0011 &
#52262
0"
#52263
1"
b0100 &
#52264
0"
#52265
1"
b0101 &
#52266
0"
#52267
1"
b0110 &
#52268
0"
#52269
1"
b0111 &
#52270
0"
#52271
1"
b1000 &
#52272
0"
#52273
1"
b1001 &
#52274
0"
#52275
1"
b1010 &
#52276
0"
#52277
1"
b1011 &
#52278
0"
#52279
1"
b1100 &
#52280
0"
#52281
1"
b1101 &
#52282
0"
#52283
1"
b1110 &
#52284
0"
#52285
1"
b1111 &
#52286
0"
#52287
1"
b0000 &
#52288
0"
#52289
1"
b0001 &
#52290
0"
#52291
1"
b0010 &
#52292
0"
#52293
1"
b0011 &
#52294
0"
#52295
1"
b0100 &
#52296
0"
#52297
1"
b0101 &
#52298
0"
#52299
1"
b0110 &
#52300
0"
#52301
1"
b0111 &
#52302
0"
#52303
1"
b1000 &
#52304
0"
#52305
1"
b1001 &
#52306
0"
#52307
1"
b1010 &
#52308
0"
#52309
1"
b1011 &
#52310
0"
#52311
1"
b1100 &
#52312
0"
#52313
1"
b1101 &
#52314
0"
#52315
1"
b1110 &
#52316
0"
#52317
1"
b1111 &
#52318
0"
#52319
1"
b0000 &
#52320
0"
#52321
1"
b0001 &
#52322
0"
#52323
1"
b0010 &
#52324
0"
#52325
1"
b0011 &
#52326
0"
#52327
1"
b0100 &
#52328
0"
#52329
1"
b0101 &
#52330
0"
#52331
1"
b0110 &
#52332
0"
#52333
1"
b0111 &
#52334
0"
#52335
1"
b1000 &
#52336
0"
#52337
1"
b1001 &
#52338
0"
#52339
1"
b1010 &
#52340
0"
#52341
1"
b1011 &
#52342
0"
#52343
1"
b1100 &
#52344
0"
#52345
1"
b1101 &
#52346
0"
#52347
1"
b1110 &
#52348
0"
#52349
1"
b1111 &
#52350
0"
#52351
1"
b0000 &
#52352
0"
#52353
1"
b0001 &
#52354
0"
#52355
1"
b0010 &
#52356
0"
#52357
1"
b0011 &
#52358
0"
#52359
1"
b0100 &
#52360
0"
#52361
1"
b0101 &
#52362
0"
#52363
1"
b0110 &
#52364
0"
#52365
1"
b0111 &
#52366
0"
#52367
1"
b1000 &
#52368
0"
#52369
1"
b1001 &
#52370
0"
#52371
1"
b1010 &
#52372
0"
#52373
1"
b1011 &
#52374
0"
#52375
1"
b1100 &
#52376
0"
#52377
1"
b1101 &
#52378
0"
#52379
1"
b1110 &
#52380
0"
#52381
1"
b1111 &
#52382
0"
#52383
1"
b0000 &
#52384
0"
#52385
1"
b0001 &
#52386
0"
#52387
1"
b0010 &
#52388
0"
#52389
1"
b0011 &
#52390
0"
#52391
1"
b0100 &
#52392
0"
#52393
1"
b0101 &
#52394
0"
#52395
1"
b0110 &
#52396
0"
#52397
1"
b0111 &
#52398
0"
#52399
1"
b1000 &
#52400
0"
#52401
1"
b1001 &
#52402
0"
#52403
1"
b1010 &
#52404
0"
#52405
1"
b1011 &
#52406
0"
#52407
1"
b1100 &
#52408
0"
#52409
1"
b1101 &
#52410
0"
#52411
1"
b1110 &
#52412
0"
#52413
1"
b1111 &
#52414
0"
#52415
1"
b0000 &
#52416
0"
#52417
1"
b0001 &
#52418
0"
#52419
1"
b0010 &
#52420
0"
#52421
1"
b0011 &
#52422
0"
#52423
1"
b0100 &
#52424
0"
#52425
1"
b0101 &
#52426
0"
#52427
1"
b0110 &
#52428
0"
#52429
1"
b0111 &
#52430
0"
#52431
1"
b1000 &
#52432
0"
#52433
1"
b1001 &
#52434
0"
#52435
1"
b1010 &
#52436
0"
#52437
1"
b1011 &
#52438
0"
#52439
1"
b1100 &
#52440
0"
#52441
1"
b1101 &
#52442
0"
#52443
1"
b1110 &
#52444
0"
#52445
1"
b1111 &
#52446
0"
#52447
1"
b0000 &
#52448
0"
#52449
1"
b0001 &
#52450
0"
#52451
1"
b0010 &
#52452
0"
#52453
1"
b0011 &
#52454
0"
#52455
1"
b0100 &
#52456
0"
#52457
1"
b0101 &
#52458
0"
#52459
1"
b0110 &
#52460
0"
#52461
1"
b0111 &
#52462
0"
#52463
1"
b1000 &
#52464
0"
#52465
1"
b1001 &
#52466
0"
#52467
1"
b1010 &
#52468
0"
#52469
1"
b1011 &
#52470
0"
#52471
1"
b1100 &
#52472
0"
#52473
1"
b1101 &
#52474
0"
#52475
1"
b1110 &
#52476
0"
#52477
1"
b1111 &
#52478
0"
#52479
1"
b0000 &
#52480
0"
#52481
1"
b0001 &
#52482
0"
#52483
1"
b0010 &
#52484
0"
#52485
1"
b0011 &
#52486
0"
#52487
1"
b0100 &
#52488
0"
#52489
1"
b0101 &
#52490
0"
#52491
1"
b0110 &
#52492
0"
#52493
1"
b0111 &
#52494
0"
#52495
1"
b1000 &
#52496
0"
#52497
1"
b1001 &
#52498
0"
#52499
1"
b1010 &
#52500
0"
#52501
1"
b1011 &
#52502
0"
#52503
1"
b1100 &
#52504
0"
#52505
1"
b1101 &
#52506
0"
#52507
1"
b1110 &
#52508
0"
#52509
1"
b1111 &
#52510
0"
#52511
1"
b0000 &
#52512
0"
#52513
1"
b0001 &
#52514
0"
#52515
1"
b0010 &
#52516
0"
#52517
1"
b0011 &
#52518
0"
#52519
1"
b0100 &
#52520
0"
#52521
1"
b0101 &
#52522
0"
#52523
1"
b0110 &
#52524
0"
#52525
1"
b0111 &
#52526
0"
#52527
1"
b1000 &
#52528
0"
#52529
1"
b1001 &
#52530
0"
#52531
1"
b1010 &
#52532
0"
#52533
1"
b1011 &
#52534
0"
#52535
1"
b1100 &
#52536
0"
#52537
1"
b1101 &
#52538
0"
#52539
1"
b1110 &
#52540
0"
#52541
1"
b1111 &
#52542
0"
#52543
1"
b0000 &
#52544
0"
#52545
1"
b0001 &
#52546
0"
#52547
1"
b0010 &
#52548
0"
#52549
1"
b0011 &
#52550
0"
#52551
1"
b0100 &
#52552
0"
#52553
1"
b0101 &
#52554
0"
#52555
1"
b0110 &
#52556
0"
#52557
1"
b0111 &
#52558
0"
#52559
1"
b1000 &
#52560
0"
#52561
1"
b1001 &
#52562
0"
#52563
1"
b1010 &
#52564
0"
#52565
1"
b1011 &
#52566
0"
#52567
1"
b1100 &
#52568
0"
#52569
1"
b1101 &
#52570
0"
#52571
1"
b1110 &
#52572
0"
#52573
1"
b1111 &
#52574
0"
#52575
1"
b0000 &
#52576
0"
#52577
1"
b0001 &
#52578
0"
#52579
1"
b0010 &
#52580
0"
#52581
1"
b0011 &
#52582
0"
#52583
1"
b0100 &
#52584
0"
#52585
1"
b0101 &
#52586
0"
#52587
1"
b0110 &
#52588
0"
#52589
1"
b0111 &
#52590
0"
#52591
1"
b1000 &
#52592
0"
#52593
1"
b1001 &
#52594
0"
#52595
1"
b1010 &
#52596
0"
#52597
1"
b1011 &
#52598
0"
#52599
1"
b1100 &
#52600
0"
#52601
1"
b1101 &
#52602
0"
#52603
1"
b1110 &
#52604
0"
#52605
1"
b1111 &
#52606
0"
#52607
1"
b0000 &
#52608
0"
#52609
1"
b0001 &
#52610
0"
#52611
1"
b0010 &
#52612
0"
#52613
1"
b0011 &
#52614
0"
#52615
1"
b0100 &
#52616
0"
#52617
1"
b0101 &
#52618
0"
#52619
1"
b0110 &
#52620
0"
#52621
1"
b0111 &
#52622
0"
#52623
1"
b1000 &
#52624
0"
#52625
1"
b1001 &
#52626
0"
#52627
1"
b1010 &
#52628
0"
#52629
1"
b1011 &
#52630
0"
#52631
1"
b1100 &
#52632
0"
#52633
1"
b1101 &
#52634
0"
#52635
1"
b1110 &
#52636
0"
#52637
1"
b1111 &
#52638
0"
#52639
1"
b0000 &
#52640
0"
#52641
1"
b0001 &
#52642
0"
#52643
1"
b0010 &
#52644
0"
#52645
1"
b0011 &
#52646
0"
#52647
1"
b0100 &
#52648
0"
#52649
1"
b0101 &
#52650
0"
#52651
1"
b0110 &
#52652
0"
#52653
1"
b0111 &
#52654
0"
#52655
1"
b1000 &
#52656
0"
#52657
1"
b1001 &
#52658
0"
#52659
1"
b1010 &
#52660
0"
#52661
1"
b1011 &
#52662
0"
#52663
1"
b1100 &
#52664
0"
#52665
1"
b1101 &
#52666
0"
#52667
1"
b1110 &
#52668
0"
#52669
1"
b1111 &
#52670
0"
#52671
1"
b0000 &
#52672
0"
#52673
1"
b0001 &
#52674
0"
#52675
1"
b0010 &
#52676
0"
#52677
1"
b0011 &
#52678
0"
#52679
1"
b0100 &
#52680
0"
#52681
1"
b0101 &
#52682
0"
#52683
1"
b0110 &
#52684
0"
#52685
1"
b0111 &
#52686
0"
#52687
1"
b1000 &
#52688
0"
#52689
1"
b1001 &
#52690
0"
#52691
1"
b1010 &
#52692
0"
#52693
1"
b1011 &
#52694
0"
#52695
1"
b1100 &
#52696
0"
#52697
1"
b1101 &
#52698
0"
#52699
1"
b1110 &
#52700
0"
#52701
1"
b1111 &
#52702
0"
#52703
1"
b0000 &
#52704
0"
#52705
1"
b0001 &
#52706
0"
#52707
1"
b0010 &
#52708
0"
#52709
1"
b0011 &
#52710
0"
#52711
1"
b0100 &
#52712
0"
#52713
1"
b0101 &
#52714
0"
#52715
1"
b0110 &
#52716
0"
#52717
1"
b0111 &
#52718
0"
#52719
1"
b1000 &
#52720
0"
#52721
1"
b1001 &
#52722
0"
#52723
1"
b1010 &
#52724
0"
#52725
1"
b1011 &
#52726
0"
#52727
1"
b1100 &
#52728
0"
#52729
1"
b1101 &
#52730
0"
#52731
1"
b1110 &
#52732
0"
#52733
1"
b1111 &
#52734
0"
#52735
1"
b0000 &
#52736
0"
#52737
1"
b0001 &
#52738
0"
#52739
1"
b0010 &
#52740
0"
#52741
1"
b0011 &
#52742
0"
#52743
1"
b0100 &
#52744
0"
#52745
1"
b0101 &
#52746
0"
#52747
1"
b0110 &
#52748
0"
#52749
1"
b0111 &
#52750
0"
#52751
1"
b1000 &
#52752
0"
#52753
1"
b1001 &
#52754
0"
#52755
1"
b1010 &
#52756
0"
#52757
1"
b1011 &
#52758
0"
#52759
1"
b1100 &
#52760
0"
#52761
1"
b1101 &
#52762
0"
#52763
1"
b1110 &
#52764
0"
#52765
1"
b1111 &
#52766
0"
#52767
1"
b0000 &
#52768
0"
#52769
1"
b0001 &
#52770
0"
#52771
1"
b0010 &
#52772
0"
#52773
1"
b0011 &
#52774
0"
#52775
1"
b0100 &
#52776
0"
#52777
1"
b0101 &
#52778
0"
#52779
1"
b0110 &
#52780
0"
#52781
1"
b0111 &
#52782
0"
#52783
1"
b1000 &
#52784
0"
#52785
1"
b1001 &
#52786
0"
#52787
1"
b1010 &
#52788
0"
#52789
1"
b1011 &
#52790
0"
#52791
1"
b1100 &
#52792
0"
#52793
1"
b1101 &
#52794
0"
#52795
1"
b1110 &
#52796
0"
#52797
1"
b1111 &
#52798
0"
#52799
1"
b0000 &
#52800
0"
#52801
1"
b0001 &
#52802
0"
#52803
1"
b0010 &
#52804
0"
#52805
1"
b0011 &
#52806
0"
#52807
1"
b0100 &
#52808
0"
#52809
1"
b0101 &
#52810
0"
#52811
1"
b0110 &
#52812
0"
#52813
1"
b0111 &
#52814
0"
#52815
1"
b1000 &
#52816
0"
#52817
1"
b1001 &
#52818
0"
#52819
1"
b1010 &
#52820
0"
#52821
1"
b1011 &
#52822
0"
#52823
1"
b1100 &
#52824
0"
#52825
1"
b1101 &
#52826
0"
#52827
1"
b1110 &
#52828
0"
#52829
1"
b1111 &
#52830
0"
#52831
1"
b0000 &
#52832
0"
#52833
1"
b0001 &
#52834
0"
#52835
1"
b0010 &
#52836
0"
#52837
1"
b0011 &
#52838
0"
#52839
1"
b0100 &
#52840
0"
#52841
1"
b0101 &
#52842
0"
#52843
1"
b0110 &
#52844
0"
#52845
1"
b0111 &
#52846
0"
#52847
1"
b1000 &
#52848
0"
#52849
1"
b1001 &
#52850
0"
#52851
1"
b1010 &
#52852
0"
#52853
1"
b1011 &
#52854
0"
#52855
1"
b1100 &
#52856
0"
#52857
1"
b1101 &
#52858
0"
#52859
1"
b1110 &
#52860
0"
#52861
1"
b1111 &
#52862
0"
#52863
1"
b0000 &
#52864
0"
#52865
1"
b0001 &
#52866
0"
#52867
1"
b0010 &
#52868
0"
#52869
1"
b0011 &
#52870
0"
#52871
1"
b0100 &
#52872
0"
#52873
1"
b0101 &
#52874
0"
#52875
1"
b0110 &
#52876
0"
#52877
1"
b0111 &
#52878
0"
#52879
1"
b1000 &
#52880
0"
#52881
1"
b1001 &
#52882
0"
#52883
1"
b1010 &
#52884
0"
#52885
1"
b1011 &
#52886
0"
#52887
1"
b1100 &
#52888
0"
#52889
1"
b1101 &
#52890
0"
#52891
1"
b1110 &
#52892
0"
#52893
1"
b1111 &
#52894
0"
#52895
1"
b0000 &
#52896
0"
#52897
1"
b0001 &
#52898
0"
#52899
1"
b0010 &
#52900
0"
#52901
1"
b0011 &
#52902
0"
#52903
1"
b0100 &
#52904
0"
#52905
1"
b0101 &
#52906
0"
#52907
1"
b0110 &
#52908
0"
#52909
1"
b0111 &
#52910
0"
#52911
1"
b1000 &
#52912
0"
#52913
1"
b1001 &
#52914
0"
#52915
1"
b1010 &
#52916
0"
#52917
1"
b1011 &
#52918
0"
#52919
1"
b1100 &
#52920
0"
#52921
1"
b1101 &
#52922
0"
#52923
1"
b1110 &
#52924
0"
#52925
1"
b1111 &
#52926
0"
#52927
1"
b0000 &
#52928
0"
#52929
1"
b0001 &
#52930
0"
#52931
1"
b0010 &
#52932
0"
#52933
1"
b0011 &
#52934
0"
#52935
1"
b0100 &
#52936
0"
#52937
1"
b0101 &
#52938
0"
#52939
1"
b0110 &
#52940
0"
#52941
1"
b0111 &
#52942
0"
#52943
1"
b1000 &
#52944
0"
#52945
1"
b1001 &
#52946
0"
#52947
1"
b1010 &
#52948
0"
#52949
1"
b1011 &
#52950
0"
#52951
1"
b1100 &
#52952
0"
#52953
1"
b1101 &
#52954
0"
#52955
1"
b1110 &
#52956
0"
#52957
1"
b1111 &
#52958
0"
#52959
1"
b0000 &
#52960
0"
#52961
1"
b0001 &
#52962
0"
#52963
1"
b0010 &
#52964
0"
#52965
1"
b0011 &
#52966
0"
#52967
1"
b0100 &
#52968
0"
#52969
1"
b0101 &
#52970
0"
#52971
1"
b0110 &
#52972
0"
#52973
1"
b0111 &
#52974
0"
#52975
1"
b1000 &
#52976
0"
#52977
1"
b1001 &
#52978
0"
#52979
1"
b1010 &
#52980
0"
#52981
1"
b1011 &
#52982
0"
#52983
1"
b1100 &
#52984
0"
#52985
1"
b1101 &
#52986
0"
#52987
1"
b1110 &
#52988
0"
#52989
1"
b1111 &
#52990
0"
#52991
1"
b0000 &
#52992
0"
#52993
1"
b0001 &
#52994
0"
#52995
1"
b0010 &
#52996
0"
#52997
1"
b0011 &
#52998
0"
#52999
1"
b0100 &
#53000
0"
#53001
1"
b0101 &
#53002
0"
#53003
1"
b0110 &
#53004
0"
#53005
1"
b0111 &
#53006
0"
#53007
1"
b1000 &
#53008
0"
#53009
1"
b1001 &
#53010
0"
#53011
1"
b1010 &
#53012
0"
#53013
1"
b1011 &
#53014
0"
#53015
1"
b1100 &
#53016
0"
#53017
1"
b1101 &
#53018
0"
#53019
1"
b1110 &
#53020
0"
#53021
1"
b1111 &
#53022
0"
#53023
1"
b0000 &
#53024
0"
#53025
1"
b0001 &
#53026
0"
#53027
1"
b0010 &
#53028
0"
#53029
1"
b0011 &
#53030
0"
#53031
1"
b0100 &
#53032
0"
#53033
1"
b0101 &
#53034
0"
#53035
1"
b0110 &
#53036
0"
#53037
1"
b0111 &
#53038
0"
#53039
1"
b1000 &
#53040
0"
#53041
1"
b1001 &
#53042
0"
#53043
1"
b1010 &
#53044
0"
#53045
1"
b1011 &
#53046
0"
#53047
1"
b1100 &
#53048
0"
#53049
1"
b1101 &
#53050
0"
#53051
1"
b1110 &
#53052
0"
#53053
1"
b1111 &
#53054
0"
#53055
1"
b0000 &
#53056
0"
#53057
1"
b0001 &
#53058
0"
#53059
1"
b0010 &
#53060
0"
#53061
1"
b0011 &
#53062
0"
#53063
1"
b0100 &
#53064
0"
#53065
1"
b0101 &
#53066
0"
#53067
1"
b0110 &
#53068
0"
#53069
1"
b0111 &
#53070
0"
#53071
1"
b1000 &
#53072
0"
#53073
1"
b1001 &
#53074
0"
#53075
1"
b1010 &
#53076
0"
#53077
1"
b1011 &
#53078
0"
#53079
1"
b1100 &
#53080
0"
#53081
1"
b1101 &
#53082
0"
#53083
1"
b1110 &
#53084
0"
#53085
1"
b1111 &
#53086
0"
#53087
1"
b0000 &
#53088
0"
#53089
1"
b0001 &
#53090
0"
#53091
1"
b0010 &
#53092
0"
#53093
1"
b0011 &
#53094
0"
#53095
1"
b0100 &
#53096
0"
#53097
1"
b0101 &
#53098
0"
#53099
1"
b0110 &
#53100
0"
#53101
1"
b0111 &
#53102
0"
#53103
1"
b1000 &
#53104
0"
#53105
1"
b1001 &
#53106
0"
#53107
1"
b1010 &
#53108
0"
#53109
1"
b1011 &
#53110
0"
#53111
1"
b1100 &
#53112
0"
#53113
1"
b1101 &
#53114
0"
#53115
1"
b1110 &
#53116
0"
#53117
1"
b1111 &
#53118
0"
#53119
1"
b0000 &
#53120
0"
#53121
1"
b0001 &
#53122
0"
#53123
1"
b0010 &
#53124
0"
#53125
1"
b0011 &
#53126
0"
#53127
1"
b0100 &
#53128
0"
#53129
1"
b0101 &
#53130
0"
#53131
1"
b0110 &
#53132
0"
#53133
1"
b0111 &
#53134
0"
#53135
1"
b1000 &
#53136
0"
#53137
1"
b1001 &
#53138
0"
#53139
1"
b1010 &
#53140
0"
#53141
1"
b1011 &
#53142
0"
#53143
1"
b1100 &
#53144
0"
#53145
1"
b1101 &
#53146
0"
#53147
1"
b1110 &
#53148
0"
#53149
1"
b1111 &
#53150
0"
#53151
1"
b0000 &
#53152
0"
#53153
1"
b0001 &
#53154
0"
#53155
1"
b0010 &
#53156
0"
#53157
1"
b0011 &
#53158
0"
#53159
1"
b0100 &
#53160
0"
#53161
1"
b0101 &
#53162
0"
#53163
1"
b0110 &
#53164
0"
#53165
1"
b0111 &
#53166
0"
#53167
1"
b1000 &
#53168
0"
#53169
1"
b1001 &
#53170
0"
#53171
1"
b1010 &
#53172
0"
#53173
1"
b1011 &
#53174
0"
#53175
1"
b1100 &
#53176
0"
#53177
1"
b1101 &
#53178
0"
#53179
1"
b1110 &
#53180
0"
#53181
1"
b1111 &
#53182
0"
#53183
1"
b0000 &
#53184
0"
#53185
1"
b0001 &
#53186
0"
#53187
1"
b0010 &
#53188
0"
#53189
1"
b0011 &
#53190
0"
#53191
1"
b0100 &
#53192
0"
#53193
1"
b0101 &
#53194
0"
#53195
1"
b0110 &
#53196
0"
#53197
1"
b0111 &
#53198
0"
#53199
1"
b1000 &
#53200
0"
#53201
1"
b1001 &
#53202
0"
#53203
1"
b1010 &
#53204
0"
#53205
1"
b1011 &
#53206
0"
#53207
1"
b1100 &
#53208
0"
#53209
1"
b1101 &
#53210
0"
#53211
1"
b1110 &
#53212
0"
#53213
1"
b1111 &
#53214
0"
#53215
1"
b0000 &
#53216
0"
#53217
1"
b0001 &
#53218
0"
#53219
1"
b0010 &
#53220
0"
#53221
1"
b0011 &
#53222
0"
#53223
1"
b0100 &
#53224
0"
#53225
1"
b0101 &
#53226
0"
#53227
1"
b0110 &
#53228
0"
#53229
1"
b0111 &
#53230
0"
#53231
1"
b1000 &
#53232
0"
#53233
1"
b1001 &
#53234
0"
#53235
1"
b1010 &
#53236
0"
#53237
1"
b1011 &
#53238
0"
#53239
1"
b1100 &
#53240
0"
#53241
1"
b1101 &
#53242
0"
#53243
1"
b1110 &
#53244
0"
#53245
1"
b1111 &
#53246
0"
#53247
1"
b0000 &
#53248
0"
#53249
1"
b0001 &
#53250
0"
#53251
1"
b0010 &
#53252
0"
#53253
1"
b0011 &
#53254
0"
#53255
1"
b0100 &
#53256
0"
#53257
1"
b0101 &
#53258
0"
#53259
1"
b0110 &
#53260
0"
#53261
1"
b0111 &
#53262
0"
#53263
1"
b1000 &
#53264
0"
#53265
1"
b1001 &
#53266
0"
#53267
1"
b1010 &
#53268
0"
#53269
1"
b1011 &
#53270
0"
#53271
1"
b1100 &
#53272
0"
#53273
1"
b1101 &
#53274
0"
#53275
1"
b1110 &
#53276
0"
#53277
1"
b1111 &
#53278
0"
#53279
1"
b0000 &
#53280
0"
#53281
1"
b0001 &
#53282
0"
#53283
1"
b0010 &
#53284
0"
#53285
1"
b0011 &
#53286
0"
#53287
1"
b0100 &
#53288
0"
#53289
1"
b0101 &
#53290
0"
#53291
1"
b0110 &
#53292
0"
#53293
1"
b0111 &
#53294
0"
#53295
1"
b1000 &
#53296
0"
#53297
1"
b1001 &
#53298
0"
#53299
1"
b1010 &
#53300
0"
#53301
1"
b1011 &
#53302
0"
#53303
1"
b1100 &
#53304
0"
#53305
1"
b1101 &
#53306
0"
#53307
1"
b1110 &
#53308
0"
#53309
1"
b1111 &
#53310
0"
#53311
1"
b0000 &
#53312
0"
#53313
1"
b0001 &
#53314
0"
#53315
1"
b0010 &
#53316
0"
#53317
1"
b0011 &
#53318
0"
#53319
1"
b0100 &
#53320
0"
#53321
1"
b0101 &
#53322
0"
#53323
1"
b0110 &
#53324
0"
#53325
1"
b0111 &
#53326
0"
#53327
1"
b1000 &
#53328
0"
#53329
1"
b1001 &
#53330
0"
#53331
1"
b1010 &
#53332
0"
#53333
1"
b1011 &
#53334
0"
#53335
1"
b1100 &
#53336
0"
#53337
1"
b1101 &
#53338
0"
#53339
1"
b1110 &
#53340
0"
#53341
1"
b1111 &
#53342
0"
#53343
1"
b0000 &
#53344
0"
#53345
1"
b0001 &
#53346
0"
#53347
1"
b0010 &
#53348
0"
#53349
1"
b0011 &
#53350
0"
#53351
1"
b0100 &
#53352
0"
#53353
1"
b0101 &
#53354
0"
#53355
1"
b0110 &
#53356
0"
#53357
1"
b0111 &
#53358
0"
#53359
1"
b1000 &
#53360
0"
#53361
1"
b1001 &
#53362
0"
#53363
1"
b1010 &
#53364
0"
#53365
1"
b1011 &
#53366
0"
#53367
1"
b1100 &
#53368
0"
#53369
1"
b1101 &
#53370
0"
#53371
1"
b1110 &
#53372
0"
#53373
1"
b1111 &
#53374
0"
#53375
1"
b0000 &
#53376
0"
#53377
1"
b0001 &
#53378
0"
#53379
1"
b0010 &
#53380
0"
#53381
1"
b0011 &
#53382
0"
#53383
1"
b0100 &
#53384
0"
#53385
1"
b0101 &
#53386
0"
#53387
1"
b0110 &
#53388
0"
#53389
1"
b0111 &
#53390
0"
#53391
1"
b1000 &
#53392
0"
#53393
1"
b1001 &
#53394
0"
#53395
1"
b1010 &
#53396
0"
#53397
1"
b1011 &
#53398
0"
#53399
1"
b1100 &
#53400
0"
#53401
1"
b1101 &
#53402
0"
#53403
1"
b1110 &
#53404
0"
#53405
1"
b1111 &
#53406
0"
#53407
1"
b0000 &
#53408
0"
#53409
1"
b0001 &
#53410
0"
#53411
1"
b0010 &
#53412
0"
#53413
1"
b0011 &
#53414
0"
#53415
1"
b0100 &
#53416
0"
#53417
1"
b0101 &
#53418
0"
#53419
1"
b0110 &
#53420
0"
#53421
1"
b0111 &
#53422
0"
#53423
1"
b1000 &
#53424
0"
#53425
1"
b1001 &
#53426
0"
#53427
1"
b1010 &
#53428
0"
#53429
1"
b1011 &
#53430
0"
#53431
1"
b1100 &
#53432
0"
#53433
1"
b1101 &
#53434
0"
#53435
1"
b1110 &
#53436
0"
#53437
1"
b1111 &
#53438
0"
#53439
1"
b0000 &
#53440
0"
#53441
1"
b0001 &
#53442
0"
#53443
1"
b0010 &
#53444
0"
#53445
1"
b0011 &
#53446
0"
#53447
1"
b0100 &
#53448
0"
#53449
1"
b0101 &
#53450
0"
#53451
1"
b0110 &
#53452
0"
#53453
1"
b0111 &
#53454
0"
#53455
1"
b1000 &
#53456
0"
#53457
1"
b1001 &
#53458
0"
#53459
1"
b1010 &
#53460
0"
#53461
1"
b1011 &
#53462
0"
#53463
1"
b1100 &
#53464
0"
#53465
1"
b1101 &
#53466
0"
#53467
1"
b1110 &
#53468
0"
#53469
1"
b1111 &
#53470
0"
#53471
1"
b0000 &
#53472
0"
#53473
1"
b0001 &
#53474
0"
#53475
1"
b0010 &
#53476
0"
#53477
1"
b0011 &
#53478
0"
#53479
1"
b0100 &
#53480
0"
#53481
1"
b0101 &
#53482
0"
#53483
1"
b0110 &
#53484
0"
#53485
1"
b0111 &
#53486
0"
#53487
1"
b1000 &
#53488
0"
#53489
1"
b1001 &
#53490
0"
#53491
1"
b1010 &
#53492
0"
#53493
1"
b1011 &
#53494
0"
#53495
1"
b1100 &
#53496
0"
#53497
1"
b1101 &
#53498
0"
#53499
1"
b1110 &
#53500
0"
#53501
1"
b1111 &
#53502
0"
#53503
1"
b0000 &
#53504
0"
#53505
1"
b0001 &
#53506
0"
#53507
1"
b0010 &
#53508
0"
#53509
1"
b0011 &
#53510
0"
#53511
1"
b0100 &
#53512
0"
#53513
1"
b0101 &
#53514
0"
#53515
1"
b0110 &
#53516
0"
#53517
1"
b0111 &
#53518
0"
#53519
1"
b1000 &
#53520
0"
#53521
1"
b1001 &
#53522
0"
#53523
1"
b1010 &
#53524
0"
#53525
1"
b1011 &
#53526
0"
#53527
1"
b1100 &
#53528
0"
#53529
1"
b1101 &
#53530
0"
#53531
1"
b1110 &
#53532
0"
#53533
1"
b1111 &
#53534
0"
#53535
1"
b0000 &
#53536
0"
#53537
1"
b0001 &
#53538
0"
#53539
1"
b0010 &
#53540
0"
#53541
1"
b0011 &
#53542
0"
#53543
1"
b0100 &
#53544
0"
#53545
1"
b0101 &
#53546
0"
#53547
1"
b0110 &
#53548
0"
#53549
1"
b0111 &
#53550
0"
#53551
1"
b1000 &
#53552
0"
#53553
1"
b1001 &
#53554
0"
#53555
1"
b1010 &
#53556
0"
#53557
1"
b1011 &
#53558
0"
#53559
1"
b1100 &
#53560
0"
#53561
1"
b1101 &
#53562
0"
#53563
1"
b1110 &
#53564
0"
#53565
1"
b1111 &
#53566
0"
#53567
1"
b0000 &
#53568
0"
#53569
1"
b0001 &
#53570
0"
#53571
1"
b0010 &
#53572
0"
#53573
1"
b0011 &
#53574
0"
#53575
1"
b0100 &
#53576
0"
#53577
1"
b0101 &
#53578
0"
#53579
1"
b0110 &
#53580
0"
#53581
1"
b0111 &
#53582
0"
#53583
1"
b1000 &
#53584
0"
#53585
1"
b1001 &
#53586
0"
#53587
1"
b1010 &
#53588
0"
#53589
1"
b1011 &
#53590
0"
#53591
1"
b1100 &
#53592
0"
#53593
1"
b1101 &
#53594
0"
#53595
1"
b1110 &
#53596
0"
#53597
1"
b1111 &
#53598
0"
#53599
1"
b0000 &
#53600
0"
#53601
1"
b0001 &
#53602
0"
#53603
1"
b0010 &
#53604
0"
#53605
1"
b0011 &
#53606
0"
#53607
1"
b0100 &
#53608
0"
#53609
1"
b0101 &
#53610
0"
#53611
1"
b0110 &
#53612
0"
#53613
1"
b0111 &
#53614
0"
#53615
1"
b1000 &
#53616
0"
#53617
1"
b1001 &
#53618
0"
#53619
1"
b1010 &
#53620
0"
#53621
1"
b1011 &
#53622
0"
#53623
1"
b1100 &
#53624
0"
#53625
1"
b1101 &
#53626
0"
#53627
1"
b1110 &
#53628
0"
#53629
1"
b1111 &
#53630
0"
#53631
1"
b0000 &
#53632
0"
#53633
1"
b0001 &
#53634
0"
#53635
1"
b0010 &
#53636
0"
#53637
1"
b0011 &
#53638
0"
#53639
1"
b0100 &
#53640
0"
#53641
1"
b0101 &
#53642
0"
#53643
1"
b0110 &
#53644
0"
#53645
1"
b0111 &
#53646
0"
#53647
1"
b1000 &
#53648
0"
#53649
1"
b1001 &
#53650
0"
#53651
1"
b1010 &
#53652
0"
#53653
1"
b1011 &
#53654
0"
#53655
1"
b1100 &
#53656
0"
#53657
1"
b1101 &
#53658
0"
#53659
1"
b1110 &
#53660
0"
#53661
1"
b1111 &
#53662
0"
#53663
1"
b0000 &
#53664
0"
#53665
1"
b0001 &
#53666
0"
#53667
1"
b0010 &
#53668
0"
#53669
1"
b0011 &
#53670
0"
#53671
1"
b0100 &
#53672
0"
#53673
1"
b0101 &
#53674
0"
#53675
1"
b0110 &
#53676
0"
#53677
1"
b0111 &
#53678
0"
#53679
1"
b1000 &
#53680
0"
#53681
1"
b1001 &
#53682
0"
#53683
1"
b1010 &
#53684
0"
#53685
1"
b1011 &
#53686
0"
#53687
1"
b1100 &
#53688
0"
#53689
1"
b1101 &
#53690
0"
#53691
1"
b1110 &
#53692
0"
#53693
1"
b1111 &
#53694
0"
#53695
1"
b0000 &
#53696
0"
#53697
1"
b0001 &
#53698
0"
#53699
1"
b0010 &
#53700
0"
#53701
1"
b0011 &
#53702
0"
#53703
1"
b0100 &
#53704
0"
#53705
1"
b0101 &
#53706
0"
#53707
1"
b0110 &
#53708
0"
#53709
1"
b0111 &
#53710
0"
#53711
1"
b1000 &
#53712
0"
#53713
1"
b1001 &
#53714
0"
#53715
1"
b1010 &
#53716
0"
#53717
1"
b1011 &
#53718
0"
#53719
1"
b1100 &
#53720
0"
#53721
1"
b1101 &
#53722
0"
#53723
1"
b1110 &
#53724
0"
#53725
1"
b1111 &
#53726
0"
#53727
1"
b0000 &
#53728
0"
#53729
1"
b0001 &
#53730
0"
#53731
1"
b0010 &
#53732
0"
#53733
1"
b0011 &
#53734
0"
#53735
1"
b0100 &
#53736
0"
#53737
1"
b0101 &
#53738
0"
#53739
1"
b0110 &
#53740
0"
#53741
1"
b0111 &
#53742
0"
#53743
1"
b1000 &
#53744
0"
#53745
1"
b1001 &
#53746
0"
#53747
1"
b1010 &
#53748
0"
#53749
1"
b1011 &
#53750
0"
#53751
1"
b1100 &
#53752
0"
#53753
1"
b1101 &
#53754
0"
#53755
1"
b1110 &
#53756
0"
#53757
1"
b1111 &
#53758
0"
#53759
1"
b0000 &
#53760
0"
#53761
1"
b0001 &
#53762
0"
#53763
1"
b0010 &
#53764
0"
#53765
1"
b0011 &
#53766
0"
#53767
1"
b0100 &
#53768
0"
#53769
1"
b0101 &
#53770
0"
#53771
1"
b0110 &
#53772
0"
#53773
1"
b0111 &
#53774
0"
#53775
1"
b1000 &
#53776
0"
#53777
1"
b1001 &
#53778
0"
#53779
1"
b1010 &
#53780
0"
#53781
1"
b1011 &
#53782
0"
#53783
1"
b1100 &
#53784
0"
#53785
1"
b1101 &
#53786
0"
#53787
1"
b1110 &
#53788
0"
#53789
1"
b1111 &
#53790
0"
#53791
1"
b0000 &
#53792
0"
#53793
1"
b0001 &
#53794
0"
#53795
1"
b0010 &
#53796
0"
#53797
1"
b0011 &
#53798
0"
#53799
1"
b0100 &
#53800
0"
#53801
1"
b0101 &
#53802
0"
#53803
1"
b0110 &
#53804
0"
#53805
1"
b0111 &
#53806
0"
#53807
1"
b1000 &
#53808
0"
#53809
1"
b1001 &
#53810
0"
#53811
1"
b1010 &
#53812
0"
#53813
1"
b1011 &
#53814
0"
#53815
1"
b1100 &
#53816
0"
#53817
1"
b1101 &
#53818
0"
#53819
1"
b1110 &
#53820
0"
#53821
1"
b1111 &
#53822
0"
#53823
1"
b0000 &
#53824
0"
#53825
1"
b0001 &
#53826
0"
#53827
1"
b0010 &
#53828
0"
#53829
1"
b0011 &
#53830
0"
#53831
1"
b0100 &
#53832
0"
#53833
1"
b0101 &
#53834
0"
#53835
1"
b0110 &
#53836
0"
#53837
1"
b0111 &
#53838
0"
#53839
1"
b1000 &
#53840
0"
#53841
1"
b1001 &
#53842
0"
#53843
1"
b1010 &
#53844
0"
#53845
1"
b1011 &
#53846
0"
#53847
1"
b1100 &
#53848
0"
#53849
1"
b1101 &
#53850
0"
#53851
1"
b1110 &
#53852
0"
#53853
1"
b1111 &
#53854
0"
#53855
1"
b0000 &
#53856
0"
#53857
1"
b0001 &
#53858
0"
#53859
1"
b0010 &
#53860
0"
#53861
1"
b0011 &
#53862
0"
#53863
1"
b0100 &
#53864
0"
#53865
1"
b0101 &
#53866
0"
#53867
1"
b0110 &
#53868
0"
#53869
1"
b0111 &
#53870
0"
#53871
1"
b1000 &
#53872
0"
#53873
1"
b1001 &
#53874
0"
#53875
1"
b1010 &
#53876
0"
#53877
1"
b1011 &
#53878
0"
#53879
1"
b1100 &
#53880
0"
#53881
1"
b1101 &
#53882
0"
#53883
1"
b1110 &
#53884
0"
#53885
1"
b1111 &
#53886
0"
#53887
1"
b0000 &
#53888
0"
#53889
1"
b0001 &
#53890
0"
#53891
1"
b0010 &
#53892
0"
#53893
1"
b0011 &
#53894
0"
#53895
1"
b0100 &
#53896
0"
#53897
1"
b0101 &
#53898
0"
#53899
1"
b0110 &
#53900
0"
#53901
1"
b0111 &
#53902
0"
#53903
1"
b1000 &
#53904
0"
#53905
1"
b1001 &
#53906
0"
#53907
1"
b1010 &
#53908
0"
#53909
1"
b1011 &
#53910
0"
#53911
1"
b1100 &
#53912
0"
#53913
1"
b1101 &
#53914
0"
#53915
1"
b1110 &
#53916
0"
#53917
1"
b1111 &
#53918
0"
#53919
1"
b0000 &
#53920
0"
#53921
1"
b0001 &
#53922
0"
#53923
1"
b0010 &
#53924
0"
#53925
1"
b0011 &
#53926
0"
#53927
1"
b0100 &
#53928
0"
#53929
1"
b0101 &
#53930
0"
#53931
1"
b0110 &
#53932
0"
#53933
1"
b0111 &
#53934
0"
#53935
1"
b1000 &
#53936
0"
#53937
1"
b1001 &
#53938
0"
#53939
1"
b1010 &
#53940
0"
#53941
1"
b1011 &
#53942
0"
#53943
1"
b1100 &
#53944
0"
#53945
1"
b1101 &
#53946
0"
#53947
1"
b1110 &
#53948
0"
#53949
1"
b1111 &
#53950
0"
#53951
1"
b0000 &
#53952
0"
#53953
1"
b0001 &
#53954
0"
#53955
1"
b0010 &
#53956
0"
#53957
1"
b0011 &
#53958
0"
#53959
1"
b0100 &
#53960
0"
#53961
1"
b0101 &
#53962
0"
#53963
1"
b0110 &
#53964
0"
#53965
1"
b0111 &
#53966
0"
#53967
1"
b1000 &
#53968
0"
#53969
1"
b1001 &
#53970
0"
#53971
1"
b1010 &
#53972
0"
#53973
1"
b1011 &
#53974
0"
#53975
1"
b1100 &
#53976
0"
#53977
1"
b1101 &
#53978
0"
#53979
1"
b1110 &
#53980
0"
#53981
1"
b1111 &
#53982
0"
#53983
1"
b0000 &
#53984
0"
#53985
1"
b0001 &
#53986
0"
#53987
1"
b0010 &
#53988
0"
#53989
1"
b0011 &
#53990
0"
#53991
1"
b0100 &
#53992
0"
#53993
1"
b0101 &
#53994
0"
#53995
1"
b0110 &
#53996
0"
#53997
1"
b0111 &
#53998
0"
#53999
1"
b1000 &
#54000
0"
#54001
1"
b1001 &
#54002
0"
#54003
1"
b1010 &
#54004
0"
#54005
1"
b1011 &
#54006
0"
#54007
1"
b1100 &
#54008
0"
#54009
1"
b1101 &
#54010
0"
#54011
1"
b1110 &
#54012
0"
#54013
1"
b1111 &
#54014
0"
#54015
1"
b0000 &
#54016
0"
#54017
1"
b0001 &
#54018
0"
#54019
1"
b0010 &
#54020
0"
#54021
1"
b0011 &
#54022
0"
#54023
1"
b0100 &
#54024
0"
#54025
1"
b0101 &
#54026
0"
#54027
1"
b0110 &
#54028
0"
#54029
1"
b0111 &
#54030
0"
#54031
1"
b1000 &
#54032
0"
#54033
1"
b1001 &
#54034
0"
#54035
1"
b1010 &
#54036
0"
#54037
1"
b1011 &
#54038
0"
#54039
1"
b1100 &
#54040
0"
#54041
1"
b1101 &
#54042
0"
#54043
1"
b1110 &
#54044
0"
#54045
1"
b1111 &
#54046
0"
#54047
1"
b0000 &
#54048
0"
#54049
1"
b0001 &
#54050
0"
#54051
1"
b0010 &
#54052
0"
#54053
1"
b0011 &
#54054
0"
#54055
1"
b0100 &
#54056
0"
#54057
1"
b0101 &
#54058
0"
#54059
1"
b0110 &
#54060
0"
#54061
1"
b0111 &
#54062
0"
#54063
1"
b1000 &
#54064
0"
#54065
1"
b1001 &
#54066
0"
#54067
1"
b1010 &
#54068
0"
#54069
1"
b1011 &
#54070
0"
#54071
1"
b1100 &
#54072
0"
#54073
1"
b1101 &
#54074
0"
#54075
1"
b1110 &
#54076
0"
#54077
1"
b1111 &
#54078
0"
#54079
1"
b0000 &
#54080
0"
#54081
1"
b0001 &
#54082
0"
#54083
1"
b0010 &
#54084
0"
#54085
1"
b0011 &
#54086
0"
#54087
1"
b0100 &
#54088
0"
#54089
1"
b0101 &
#54090
0"
#54091
1"
b0110 &
#54092
0"
#54093
1"
b0111 &
#54094
0"
#54095
1"
b1000 &
#54096
0"
#54097
1"
b1001 &
#54098
0"
#54099
1"
b1010 &
#54100
0"
#54101
1"
b1011 &
#54102
0"
#54103
1"
b1100 &
#54104
0"
#54105
1"
b1101 &
#54106
0"
#54107
1"
b1110 &
#54108
0"
#54109
1"
b1111 &
#54110
0"
#54111
1"
b0000 &
#54112
0"
#54113
1"
b0001 &
#54114
0"
#54115
1"
b0010 &
#54116
0"
#54117
1"
b0011 &
#54118
0"
#54119
1"
b0100 &
#54120
0"
#54121
1"
b0101 &
#54122
0"
#54123
1"
b0110 &
#54124
0"
#54125
1"
b0111 &
#54126
0"
#54127
1"
b1000 &
#54128
0"
#54129
1"
b1001 &
#54130
0"
#54131
1"
b1010 &
#54132
0"
#54133
1"
b1011 &
#54134
0"
#54135
1"
b1100 &
#54136
0"
#54137
1"
b1101 &
#54138
0"
#54139
1"
b1110 &
#54140
0"
#54141
1"
b1111 &
#54142
0"
#54143
1"
b0000 &
#54144
0"
#54145
1"
b0001 &
#54146
0"
#54147
1"
b0010 &
#54148
0"
#54149
1"
b0011 &
#54150
0"
#54151
1"
b0100 &
#54152
0"
#54153
1"
b0101 &
#54154
0"
#54155
1"
b0110 &
#54156
0"
#54157
1"
b0111 &
#54158
0"
#54159
1"
b1000 &
#54160
0"
#54161
1"
b1001 &
#54162
0"
#54163
1"
b1010 &
#54164
0"
#54165
1"
b1011 &
#54166
0"
#54167
1"
b1100 &
#54168
0"
#54169
1"
b1101 &
#54170
0"
#54171
1"
b1110 &
#54172
0"
#54173
1"
b1111 &
#54174
0"
#54175
1"
b0000 &
#54176
0"
#54177
1"
b0001 &
#54178
0"
#54179
1"
b0010 &
#54180
0"
#54181
1"
b0011 &
#54182
0"
#54183
1"
b0100 &
#54184
0"
#54185
1"
b0101 &
#54186
0"
#54187
1"
b0110 &
#54188
0"
#54189
1"
b0111 &
#54190
0"
#54191
1"
b1000 &
#54192
0"
#54193
1"
b1001 &
#54194
0"
#54195
1"
b1010 &
#54196
0"
#54197
1"
b1011 &
#54198
0"
#54199
1"
b1100 &
#54200
0"
#54201
1"
b1101 &
#54202
0"
#54203
1"
b1110 &
#54204
0"
#54205
1"
b1111 &
#54206
0"
#54207
1"
b0000 &
#54208
0"
#54209
1"
b0001 &
#54210
0"
#54211
1"
b0010 &
#54212
0"
#54213
1"
b0011 &
#54214
0"
#54215
1"
b0100 &
#54216
0"
#54217
1"
b0101 &
#54218
0"
#54219
1"
b0110 &
#54220
0"
#54221
1"
b0111 &
#54222
0"
#54223
1"
b1000 &
#54224
0"
#54225
1"
b1001 &
#54226
0"
#54227
1"
b1010 &
#54228
0"
#54229
1"
b1011 &
#54230
0"
#54231
1"
b1100 &
#54232
0"
#54233
1"
b1101 &
#54234
0"
#54235
1"
b1110 &
#54236
0"
#54237
1"
b1111 &
#54238
0"
#54239
1"
b0000 &
#54240
0"
#54241
1"
b0001 &
#54242
0"
#54243
1"
b0010 &
#54244
0"
#54245
1"
b0011 &
#54246
0"
#54247
1"
b0100 &
#54248
0"
#54249
1"
b0101 &
#54250
0"
#54251
1"
b0110 &
#54252
0"
#54253
1"
b0111 &
#54254
0"
#54255
1"
b1000 &
#54256
0"
#54257
1"
b1001 &
#54258
0"
#54259
1"
b1010 &
#54260
0"
#54261
1"
b1011 &
#54262
0"
#54263
1"
b1100 &
#54264
0"
#54265
1"
b1101 &
#54266
0"
#54267
1"
b1110 &
#54268
0"
#54269
1"
b1111 &
#54270
0"
#54271
1"
b0000 &
#54272
0"
#54273
1"
b0001 &
#54274
0"
#54275
1"
b0010 &
#54276
0"
#54277
1"
b0011 &
#54278
0"
#54279
1"
b0100 &
#54280
0"
#54281
1"
b0101 &
#54282
0"
#54283
1"
b0110 &
#54284
0"
#54285
1"
b0111 &
#54286
0"
#54287
1"
b1000 &
#54288
0"
#54289
1"
b1001 &
#54290
0"
#54291
1"
b1010 &
#54292
0"
#54293
1"
b1011 &
#54294
0"
#54295
1"
b1100 &
#54296
0"
#54297
1"
b1101 &
#54298
0"
#54299
1"
b1110 &
#54300
0"
#54301
1"
b1111 &
#54302
0"
#54303
1"
b0000 &
#54304
0"
#54305
1"
b0001 &
#54306
0"
#54307
1"
b0010 &
#54308
0"
#54309
1"
b0011 &
#54310
0"
#54311
1"
b0100 &
#54312
0"
#54313
1"
b0101 &
#54314
0"
#54315
1"
b0110 &
#54316
0"
#54317
1"
b0111 &
#54318
0"
#54319
1"
b1000 &
#54320
0"
#54321
1"
b1001 &
#54322
0"
#54323
1"
b1010 &
#54324
0"
#54325
1"
b1011 &
#54326
0"
#54327
1"
b1100 &
#54328
0"
#54329
1"
b1101 &
#54330
0"
#54331
1"
b1110 &
#54332
0"
#54333
1"
b1111 &
#54334
0"
#54335
1"
b0000 &
#54336
0"
#54337
1"
b0001 &
#54338
0"
#54339
1"
b0010 &
#54340
0"
#54341
1"
b0011 &
#54342
0"
#54343
1"
b0100 &
#54344
0"
#54345
1"
b0101 &
#54346
0"
#54347
1"
b0110 &
#54348
0"
#54349
1"
b0111 &
#54350
0"
#54351
1"
b1000 &
#54352
0"
#54353
1"
b1001 &
#54354
0"
#54355
1"
b1010 &
#54356
0"
#54357
1"
b1011 &
#54358
0"
#54359
1"
b1100 &
#54360
0"
#54361
1"
b1101 &
#54362
0"
#54363
1"
b1110 &
#54364
0"
#54365
1"
b1111 &
#54366
0"
#54367
1"
b0000 &
#54368
0"
#54369
1"
b0001 &
#54370
0"
#54371
1"
b0010 &
#54372
0"
#54373
1"
b0011 &
#54374
0"
#54375
1"
b0100 &
#54376
0"
#54377
1"
b0101 &
#54378
0"
#54379
1"
b0110 &
#54380
0"
#54381
1"
b0111 &
#54382
0"
#54383
1"
b1000 &
#54384
0"
#54385
1"
b1001 &
#54386
0"
#54387
1"
b1010 &
#54388
0"
#54389
1"
b1011 &
#54390
0"
#54391
1"
b1100 &
#54392
0"
#54393
1"
b1101 &
#54394
0"
#54395
1"
b1110 &
#54396
0"
#54397
1"
b1111 &
#54398
0"
#54399
1"
b0000 &
#54400
0"
#54401
1"
b0001 &
#54402
0"
#54403
1"
b0010 &
#54404
0"
#54405
1"
b0011 &
#54406
0"
#54407
1"
b0100 &
#54408
0"
#54409
1"
b0101 &
#54410
0"
#54411
1"
b0110 &
#54412
0"
#54413
1"
b0111 &
#54414
0"
#54415
1"
b1000 &
#54416
0"
#54417
1"
b1001 &
#54418
0"
#54419
1"
b1010 &
#54420
0"
#54421
1"
b1011 &
#54422
0"
#54423
1"
b1100 &
#54424
0"
#54425
1"
b1101 &
#54426
0"
#54427
1"
b1110 &
#54428
0"
#54429
1"
b1111 &
#54430
0"
#54431
1"
b0000 &
#54432
0"
#54433
1"
b0001 &
#54434
0"
#54435
1"
b0010 &
#54436
0"
#54437
1"
b0011 &
#54438
0"
#54439
1"
b0100 &
#54440
0"
#54441
1"
b0101 &
#54442
0"
#54443
1"
b0110 &
#54444
0"
#54445
1"
b0111 &
#54446
0"
#54447
1"
b1000 &
#54448
0"
#54449
1"
b1001 &
#54450
0"
#54451
1"
b1010 &
#54452
0"
#54453
1"
b1011 &
#54454
0"
#54455
1"
b1100 &
#54456
0"
#54457
1"
b1101 &
#54458
0"
#54459
1"
b1110 &
#54460
0"
#54461
1"
b1111 &
#54462
0"
#54463
1"
b0000 &
#54464
0"
#54465
1"
b0001 &
#54466
0"
#54467
1"
b0010 &
#54468
0"
#54469
1"
b0011 &
#54470
0"
#54471
1"
b0100 &
#54472
0"
#54473
1"
b0101 &
#54474
0"
#54475
1"
b0110 &
#54476
0"
#54477
1"
b0111 &
#54478
0"
#54479
1"
b1000 &
#54480
0"
#54481
1"
b1001 &
#54482
0"
#54483
1"
b1010 &
#54484
0"
#54485
1"
b1011 &
#54486
0"
#54487
1"
b1100 &
#54488
0"
#54489
1"
b1101 &
#54490
0"
#54491
1"
b1110 &
#54492
0"
#54493
1"
b1111 &
#54494
0"
#54495
1"
b0000 &
#54496
0"
#54497
1"
b0001 &
#54498
0"
#54499
1"
b0010 &
#54500
0"
#54501
1"
b0011 &
#54502
0"
#54503
1"
b0100 &
#54504
0"
#54505
1"
b0101 &
#54506
0"
#54507
1"
b0110 &
#54508
0"
#54509
1"
b0111 &
#54510
0"
#54511
1"
b1000 &
#54512
0"
#54513
1"
b1001 &
#54514
0"
#54515
1"
b1010 &
#54516
0"
#54517
1"
b1011 &
#54518
0"
#54519
1"
b1100 &
#54520
0"
#54521
1"
b1101 &
#54522
0"
#54523
1"
b1110 &
#54524
0"
#54525
1"
b1111 &
#54526
0"
#54527
1"
b0000 &
#54528
0"
#54529
1"
b0001 &
#54530
0"
#54531
1"
b0010 &
#54532
0"
#54533
1"
b0011 &
#54534
0"
#54535
1"
b0100 &
#54536
0"
#54537
1"
b0101 &
#54538
0"
#54539
1"
b0110 &
#54540
0"
#54541
1"
b0111 &
#54542
0"
#54543
1"
b1000 &
#54544
0"
#54545
1"
b1001 &
#54546
0"
#54547
1"
b1010 &
#54548
0"
#54549
1"
b1011 &
#54550
0"
#54551
1"
b1100 &
#54552
0"
#54553
1"
b1101 &
#54554
0"
#54555
1"
b1110 &
#54556
0"
#54557
1"
b1111 &
#54558
0"
#54559
1"
b0000 &
#54560
0"
#54561
1"
b0001 &
#54562
0"
#54563
1"
b0010 &
#54564
0"
#54565
1"
b0011 &
#54566
0"
#54567
1"
b0100 &
#54568
0"
#54569
1"
b0101 &
#54570
0"
#54571
1"
b0110 &
#54572
0"
#54573
1"
b0111 &
#54574
0"
#54575
1"
b1000 &
#54576
0"
#54577
1"
b1001 &
#54578
0"
#54579
1"
b1010 &
#54580
0"
#54581
1"
b1011 &
#54582
0"
#54583
1"
b1100 &
#54584
0"
#54585
1"
b1101 &
#54586
0"
#54587
1"
b1110 &
#54588
0"
#54589
1"
b1111 &
#54590
0"
#54591
1"
b0000 &
#54592
0"
#54593
1"
b0001 &
#54594
0"
#54595
1"
b0010 &
#54596
0"
#54597
1"
b0011 &
#54598
0"
#54599
1"
b0100 &
#54600
0"
#54601
1"
b0101 &
#54602
0"
#54603
1"
b0110 &
#54604
0"
#54605
1"
b0111 &
#54606
0"
#54607
1"
b1000 &
#54608
0"
#54609
1"
b1001 &
#54610
0"
#54611
1"
b1010 &
#54612
0"
#54613
1"
b1011 &
#54614
0"
#54615
1"
b1100 &
#54616
0"
#54617
1"
b1101 &
#54618
0"
#54619
1"
b1110 &
#54620
0"
#54621
1"
b1111 &
#54622
0"
#54623
1"
b0000 &
#54624
0"
#54625
1"
b0001 &
#54626
0"
#54627
1"
b0010 &
#54628
0"
#54629
1"
b0011 &
#54630
0"
#54631
1"
b0100 &
#54632
0"
#54633
1"
b0101 &
#54634
0"
#54635
1"
b0110 &
#54636
0"
#54637
1"
b0111 &
#54638
0"
#54639
1"
b1000 &
#54640
0"
#54641
1"
b1001 &
#54642
0"
#54643
1"
b1010 &
#54644
0"
#54645
1"
b1011 &
#54646
0"
#54647
1"
b1100 &
#54648
0"
#54649
1"
b1101 &
#54650
0"
#54651
1"
b1110 &
#54652
0"
#54653
1"
b1111 &
#54654
0"
#54655
1"
b0000 &
#54656
0"
#54657
1"
b0001 &
#54658
0"
#54659
1"
b0010 &
#54660
0"
#54661
1"
b0011 &
#54662
0"
#54663
1"
b0100 &
#54664
0"
#54665
1"
b0101 &
#54666
0"
#54667
1"
b0110 &
#54668
0"
#54669
1"
b0111 &
#54670
0"
#54671
1"
b1000 &
#54672
0"
#54673
1"
b1001 &
#54674
0"
#54675
1"
b1010 &
#54676
0"
#54677
1"
b1011 &
#54678
0"
#54679
1"
b1100 &
#54680
0"
#54681
1"
b1101 &
#54682
0"
#54683
1"
b1110 &
#54684
0"
#54685
1"
b1111 &
#54686
0"
#54687
1"
b0000 &
#54688
0"
#54689
1"
b0001 &
#54690
0"
#54691
1"
b0010 &
#54692
0"
#54693
1"
b0011 &
#54694
0"
#54695
1"
b0100 &
#54696
0"
#54697
1"
b0101 &
#54698
0"
#54699
1"
b0110 &
#54700
0"
#54701
1"
b0111 &
#54702
0"
#54703
1"
b1000 &
#54704
0"
#54705
1"
b1001 &
#54706
0"
#54707
1"
b1010 &
#54708
0"
#54709
1"
b1011 &
#54710
0"
#54711
1"
b1100 &
#54712
0"
#54713
1"
b1101 &
#54714
0"
#54715
1"
b1110 &
#54716
0"
#54717
1"
b1111 &
#54718
0"
#54719
1"
b0000 &
#54720
0"
#54721
1"
b0001 &
#54722
0"
#54723
1"
b0010 &
#54724
0"
#54725
1"
b0011 &
#54726
0"
#54727
1"
b0100 &
#54728
0"
#54729
1"
b0101 &
#54730
0"
#54731
1"
b0110 &
#54732
0"
#54733
1"
b0111 &
#54734
0"
#54735
1"
b1000 &
#54736
0"
#54737
1"
b1001 &
#54738
0"
#54739
1"
b1010 &
#54740
0"
#54741
1"
b1011 &
#54742
0"
#54743
1"
b1100 &
#54744
0"
#54745
1"
b1101 &
#54746
0"
#54747
1"
b1110 &
#54748
0"
#54749
1"
b1111 &
#54750
0"
#54751
1"
b0000 &
#54752
0"
#54753
1"
b0001 &
#54754
0"
#54755
1"
b0010 &
#54756
0"
#54757
1"
b0011 &
#54758
0"
#54759
1"
b0100 &
#54760
0"
#54761
1"
b0101 &
#54762
0"
#54763
1"
b0110 &
#54764
0"
#54765
1"
b0111 &
#54766
0"
#54767
1"
b1000 &
#54768
0"
#54769
1"
b1001 &
#54770
0"
#54771
1"
b1010 &
#54772
0"
#54773
1"
b1011 &
#54774
0"
#54775
1"
b1100 &
#54776
0"
#54777
1"
b1101 &
#54778
0"
#54779
1"
b1110 &
#54780
0"
#54781
1"
b1111 &
#54782
0"
#54783
1"
b0000 &
#54784
0"
#54785
1"
b0001 &
#54786
0"
#54787
1"
b0010 &
#54788
0"
#54789
1"
b0011 &
#54790
0"
#54791
1"
b0100 &
#54792
0"
#54793
1"
b0101 &
#54794
0"
#54795
1"
b0110 &
#54796
0"
#54797
1"
b0111 &
#54798
0"
#54799
1"
b1000 &
#54800
0"
#54801
1"
b1001 &
#54802
0"
#54803
1"
b1010 &
#54804
0"
#54805
1"
b1011 &
#54806
0"
#54807
1"
b1100 &
#54808
0"
#54809
1"
b1101 &
#54810
0"
#54811
1"
b1110 &
#54812
0"
#54813
1"
b1111 &
#54814
0"
#54815
1"
b0000 &
#54816
0"
#54817
1"
b0001 &
#54818
0"
#54819
1"
b0010 &
#54820
0"
#54821
1"
b0011 &
#54822
0"
#54823
1"
b0100 &
#54824
0"
#54825
1"
b0101 &
#54826
0"
#54827
1"
b0110 &
#54828
0"
#54829
1"
b0111 &
#54830
0"
#54831
1"
b1000 &
#54832
0"
#54833
1"
b1001 &
#54834
0"
#54835
1"
b1010 &
#54836
0"
#54837
1"
b1011 &
#54838
0"
#54839
1"
b1100 &
#54840
0"
#54841
1"
b1101 &
#54842
0"
#54843
1"
b1110 &
#54844
0"
#54845
1"
b1111 &
#54846
0"
#54847
1"
b0000 &
#54848
0"
#54849
1"
b0001 &
#54850
0"
#54851
1"
b0010 &
#54852
0"
#54853
1"
b0011 &
#54854
0"
#54855
1"
b0100 &
#54856
0"
#54857
1"
b0101 &
#54858
0"
#54859
1"
b0110 &
#54860
0"
#54861
1"
b0111 &
#54862
0"
#54863
1"
b1000 &
#54864
0"
#54865
1"
b1001 &
#54866
0"
#54867
1"
b1010 &
#54868
0"
#54869
1"
b1011 &
#54870
0"
#54871
1"
b1100 &
#54872
0"
#54873
1"
b1101 &
#54874
0"
#54875
1"
b1110 &
#54876
0"
#54877
1"
b1111 &
#54878
0"
#54879
1"
b0000 &
#54880
0"
#54881
1"
b0001 &
#54882
0"
#54883
1"
b0010 &
#54884
0"
#54885
1"
b0011 &
#54886
0"
#54887
1"
b0100 &
#54888
0"
#54889
1"
b0101 &
#54890
0"
#54891
1"
b0110 &
#54892
0"
#54893
1"
b0111 &
#54894
0"
#54895
1"
b1000 &
#54896
0"
#54897
1"
b1001 &
#54898
0"
#54899
1"
b1010 &
#54900
0"
#54901
1"
b1011 &
#54902
0"
#54903
1"
b1100 &
#54904
0"
#54905
1"
b1101 &
#54906
0"
#54907
1"
b1110 &
#54908
0"
#54909
1"
b1111 &
#54910
0"
#54911
1"
b0000 &
#54912
0"
#54913
1"
b0001 &
#54914
0"
#54915
1"
b0010 &
#54916
0"
#54917
1"
b0011 &
#54918
0"
#54919
1"
b0100 &
#54920
0"
#54921
1"
b0101 &
#54922
0"
#54923
1"
b0110 &
#54924
0"
#54925
1"
b0111 &
#54926
0"
#54927
1"
b1000 &
#54928
0"
#54929
1"
b1001 &
#54930
0"
#54931
1"
b1010 &
#54932
0"
#54933
1"
b1011 &
#54934
0"
#54935
1"
b1100 &
#54936
0"
#54937
1"
b1101 &
#54938
0"
#54939
1"
b1110 &
#54940
0"
#54941
1"
b1111 &
#54942
0"
#54943
1"
b0000 &
#54944
0"
#54945
1"
b0001 &
#54946
0"
#54947
1"
b0010 &
#54948
0"
#54949
1"
b0011 &
#54950
0"
#54951
1"
b0100 &
#54952
0"
#54953
1"
b0101 &
#54954
0"
#54955
1"
b0110 &
#54956
0"
#54957
1"
b0111 &
#54958
0"
#54959
1"
b1000 &
#54960
0"
#54961
1"
b1001 &
#54962
0"
#54963
1"
b1010 &
#54964
0"
#54965
1"
b1011 &
#54966
0"
#54967
1"
b1100 &
#54968
0"
#54969
1"
b1101 &
#54970
0"
#54971
1"
b1110 &
#54972
0"
#54973
1"
b1111 &
#54974
0"
#54975
1"
b0000 &
#54976
0"
#54977
1"
b0001 &
#54978
0"
#54979
1"
b0010 &
#54980
0"
#54981
1"
b0011 &
#54982
0"
#54983
1"
b0100 &
#54984
0"
#54985
1"
b0101 &
#54986
0"
#54987
1"
b0110 &
#54988
0"
#54989
1"
b0111 &
#54990
0"
#54991
1"
b1000 &
#54992
0"
#54993
1"
b1001 &
#54994
0"
#54995
1"
b1010 &
#54996
0"
#54997
1"
b1011 &
#54998
0"
#54999
1"
b1100 &
#55000
0"
#55001
1"
b1101 &
#55002
0"
#55003
1"
b1110 &
#55004
0"
#55005
1"
b1111 &
#55006
0"
#55007
1"
b0000 &
#55008
0"
#55009
1"
b0001 &
#55010
0"
#55011
1"
b0010 &
#55012
0"
#55013
1"
b0011 &
#55014
0"
#55015
1"
b0100 &
#55016
0"
#55017
1"
b0101 &
#55018
0"
#55019
1"
b0110 &
#55020
0"
#55021
1"
b0111 &
#55022
0"
#55023
1"
b1000 &
#55024
0"
#55025
1"
b1001 &
#55026
0"
#55027
1"
b1010 &
#55028
0"
#55029
1"
b1011 &
#55030
0"
#55031
1"
b1100 &
#55032
0"
#55033
1"
b1101 &
#55034
0"
#55035
1"
b1110 &
#55036
0"
#55037
1"
b1111 &
#55038
0"
#55039
1"
b0000 &
#55040
0"
#55041
1"
b0001 &
#55042
0"
#55043
1"
b0010 &
#55044
0"
#55045
1"
b0011 &
#55046
0"
#55047
1"
b0100 &
#55048
0"
#55049
1"
b0101 &
#55050
0"
#55051
1"
b0110 &
#55052
0"
#55053
1"
b0111 &
#55054
0"
#55055
1"
b1000 &
#55056
0"
#55057
1"
b1001 &
#55058
0"
#55059
1"
b1010 &
#55060
0"
#55061
1"
b1011 &
#55062
0"
#55063
1"
b1100 &
#55064
0"
#55065
1"
b1101 &
#55066
0"
#55067
1"
b1110 &
#55068
0"
#55069
1"
b1111 &
#55070
0"
#55071
1"
b0000 &
#55072
0"
#55073
1"
b0001 &
#55074
0"
#55075
1"
b0010 &
#55076
0"
#55077
1"
b0011 &
#55078
0"
#55079
1"
b0100 &
#55080
0"
#55081
1"
b0101 &
#55082
0"
#55083
1"
b0110 &
#55084
0"
#55085
1"
b0111 &
#55086
0"
#55087
1"
b1000 &
#55088
0"
#55089
1"
b1001 &
#55090
0"
#55091
1"
b1010 &
#55092
0"
#55093
1"
b1011 &
#55094
0"
#55095
1"
b1100 &
#55096
0"
#55097
1"
b1101 &
#55098
0"
#55099
1"
b1110 &
#55100
0"
#55101
1"
b1111 &
#55102
0"
#55103
1"
b0000 &
#55104
0"
#55105
1"
b0001 &
#55106
0"
#55107
1"
b0010 &
#55108
0"
#55109
1"
b0011 &
#55110
0"
#55111
1"
b0100 &
#55112
0"
#55113
1"
b0101 &
#55114
0"
#55115
1"
b0110 &
#55116
0"
#55117
1"
b0111 &
#55118
0"
#55119
1"
b1000 &
#55120
0"
#55121
1"
b1001 &
#55122
0"
#55123
1"
b1010 &
#55124
0"
#55125
1"
b1011 &
#55126
0"
#55127
1"
b1100 &
#55128
0"
#55129
1"
b1101 &
#55130
0"
#55131
1"
b1110 &
#55132
0"
#55133
1"
b1111 &
#55134
0"
#55135
1"
b0000 &
#55136
0"
#55137
1"
b0001 &
#55138
0"
#55139
1"
b0010 &
#55140
0"
#55141
1"
b0011 &
#55142
0"
#55143
1"
b0100 &
#55144
0"
#55145
1"
b0101 &
#55146
0"
#55147
1"
b0110 &
#55148
0"
#55149
1"
b0111 &
#55150
0"
#55151
1"
b1000 &
#55152
0"
#55153
1"
b1001 &
#55154
0"
#55155
1"
b1010 &
#55156
0"
#55157
1"
b1011 &
#55158
0"
#55159
1"
b1100 &
#55160
0"
#55161
1"
b1101 &
#55162
0"
#55163
1"
b1110 &
#55164
0"
#55165
1"
b1111 &
#55166
0"
#55167
1"
b0000 &
#55168
0"
#55169
1"
b0001 &
#55170
0"
#55171
1"
b0010 &
#55172
0"
#55173
1"
b0011 &
#55174
0"
#55175
1"
b0100 &
#55176
0"
#55177
1"
b0101 &
#55178
0"
#55179
1"
b0110 &
#55180
0"
#55181
1"
b0111 &
#55182
0"
#55183
1"
b1000 &
#55184
0"
#55185
1"
b1001 &
#55186
0"
#55187
1"
b1010 &
#55188
0"
#55189
1"
b1011 &
#55190
0"
#55191
1"
b1100 &
#55192
0"
#55193
1"
b1101 &
#55194
0"
#55195
1"
b1110 &
#55196
0"
#55197
1"
b1111 &
#55198
0"
#55199
1"
b0000 &
#55200
0"
#55201
1"
b0001 &
#55202
0"
#55203
1"
b0010 &
#55204
0"
#55205
1"
b0011 &
#55206
0"
#55207
1"
b0100 &
#55208
0"
#55209
1"
b0101 &
#55210
0"
#55211
1"
b0110 &
#55212
0"
#55213
1"
b0111 &
#55214
0"
#55215
1"
b1000 &
#55216
0"
#55217
1"
b1001 &
#55218
0"
#55219
1"
b1010 &
#55220
0"
#55221
1"
b1011 &
#55222
0"
#55223
1"
b1100 &
#55224
0"
#55225
1"
b1101 &
#55226
0"
#55227
1"
b1110 &
#55228
0"
#55229
1"
b1111 &
#55230
0"
#55231
1"
b0000 &
#55232
0"
#55233
1"
b0001 &
#55234
0"
#55235
1"
b0010 &
#55236
0"
#55237
1"
b0011 &
#55238
0"
#55239
1"
b0100 &
#55240
0"
#55241
1"
b0101 &
#55242
0"
#55243
1"
b0110 &
#55244
0"
#55245
1"
b0111 &
#55246
0"
#55247
1"
b1000 &
#55248
0"
#55249
1"
b1001 &
#55250
0"
#55251
1"
b1010 &
#55252
0"
#55253
1"
b1011 &
#55254
0"
#55255
1"
b1100 &
#55256
0"
#55257
1"
b1101 &
#55258
0"
#55259
1"
b1110 &
#55260
0"
#55261
1"
b1111 &
#55262
0"
#55263
1"
b0000 &
#55264
0"
#55265
1"
b0001 &
#55266
0"
#55267
1"
b0010 &
#55268
0"
#55269
1"
b0011 &
#55270
0"
#55271
1"
b0100 &
#55272
0"
#55273
1"
b0101 &
#55274
0"
#55275
1"
b0110 &
#55276
0"
#55277
1"
b0111 &
#55278
0"
#55279
1"
b1000 &
#55280
0"
#55281
1"
b1001 &
#55282
0"
#55283
1"
b1010 &
#55284
0"
#55285
1"
b1011 &
#55286
0"
#55287
1"
b1100 &
#55288
0"
#55289
1"
b1101 &
#55290
0"
#55291
1"
b1110 &
#55292
0"
#55293
1"
b1111 &
#55294
0"
#55295
1"
b0000 &
#55296
0"
#55297
1"
b0001 &
#55298
0"
#55299
1"
b0010 &
#55300
0"
#55301
1"
b0011 &
#55302
0"
#55303
1"
b0100 &
#55304
0"
#55305
1"
b0101 &
#55306
0"
#55307
1"
b0110 &
#55308
0"
#55309
1"
b0111 &
#55310
0"
#55311
1"
b1000 &
#55312
0"
#55313
1"
b1001 &
#55314
0"
#55315
1"
b1010 &
#55316
0"
#55317
1"
b1011 &
#55318
0"
#55319
1"
b1100 &
#55320
0"
#55321
1"
b1101 &
#55322
0"
#55323
1"
b1110 &
#55324
0"
#55325
1"
b1111 &
#55326
0"
#55327
1"
b0000 &
#55328
0"
#55329
1"
b0001 &
#55330
0"
#55331
1"
b0010 &
#55332
0"
#55333
1"
b0011 &
#55334
0"
#55335
1"
b0100 &
#55336
0"
#55337
1"
b0101 &
#55338
0"
#55339
1"
b0110 &
#55340
0"
#55341
1"
b0111 &
#55342
0"
#55343
1"
b1000 &
#55344
0"
#55345
1"
b1001 &
#55346
0"
#55347
1"
b1010 &
#55348
0"
#55349
1"
b1011 &
#55350
0"
#55351
1"
b1100 &
#55352
0"
#55353
1"
b1101 &
#55354
0"
#55355
1"
b1110 &
#55356
0"
#55357
1"
b1111 &
#55358
0"
#55359
1"
b0000 &
#55360
0"
#55361
1"
b0001 &
#55362
0"
#55363
1"
b0010 &
#55364
0"
#55365
1"
b0011 &
#55366
0"
#55367
1"
b0100 &
#55368
0"
#55369
1"
b0101 &
#55370
0"
#55371
1"
b0110 &
#55372
0"
#55373
1"
b0111 &
#55374
0"
#55375
1"
b1000 &
#55376
0"
#55377
1"
b1001 &
#55378
0"
#55379
1"
b1010 &
#55380
0"
#55381
1"
b1011 &
#55382
0"
#55383
1"
b1100 &
#55384
0"
#55385
1"
b1101 &
#55386
0"
#55387
1"
b1110 &
#55388
0"
#55389
1"
b1111 &
#55390
0"
#55391
1"
b0000 &
#55392
0"
#55393
1"
b0001 &
#55394
0"
#55395
1"
b0010 &
#55396
0"
#55397
1"
b0011 &
#55398
0"
#55399
1"
b0100 &
#55400
0"
#55401
1"
b0101 &
#55402
0"
#55403
1"
b0110 &
#55404
0"
#55405
1"
b0111 &
#55406
0"
#55407
1"
b1000 &
#55408
0"
#55409
1"
b1001 &
#55410
0"
#55411
1"
b1010 &
#55412
0"
#55413
1"
b1011 &
#55414
0"
#55415
1"
b1100 &
#55416
0"
#55417
1"
b1101 &
#55418
0"
#55419
1"
b1110 &
#55420
0"
#55421
1"
b1111 &
#55422
0"
#55423
1"
b0000 &
#55424
0"
#55425
1"
b0001 &
#55426
0"
#55427
1"
b0010 &
#55428
0"
#55429
1"
b0011 &
#55430
0"
#55431
1"
b0100 &
#55432
0"
#55433
1"
b0101 &
#55434
0"
#55435
1"
b0110 &
#55436
0"
#55437
1"
b0111 &
#55438
0"
#55439
1"
b1000 &
#55440
0"
#55441
1"
b1001 &
#55442
0"
#55443
1"
b1010 &
#55444
0"
#55445
1"
b1011 &
#55446
0"
#55447
1"
b1100 &
#55448
0"
#55449
1"
b1101 &
#55450
0"
#55451
1"
b1110 &
#55452
0"
#55453
1"
b1111 &
#55454
0"
#55455
1"
b0000 &
#55456
0"
#55457
1"
b0001 &
#55458
0"
#55459
1"
b0010 &
#55460
0"
#55461
1"
b0011 &
#55462
0"
#55463
1"
b0100 &
#55464
0"
#55465
1"
b0101 &
#55466
0"
#55467
1"
b0110 &
#55468
0"
#55469
1"
b0111 &
#55470
0"
#55471
1"
b1000 &
#55472
0"
#55473
1"
b1001 &
#55474
0"
#55475
1"
b1010 &
#55476
0"
#55477
1"
b1011 &
#55478
0"
#55479
1"
b1100 &
#55480
0"
#55481
1"
b1101 &
#55482
0"
#55483
1"
b1110 &
#55484
0"
#55485
1"
b1111 &
#55486
0"
#55487
1"
b0000 &
#55488
0"
#55489
1"
b0001 &
#55490
0"
#55491
1"
b0010 &
#55492
0"
#55493
1"
b0011 &
#55494
0"
#55495
1"
b0100 &
#55496
0"
#55497
1"
b0101 &
#55498
0"
#55499
1"
b0110 &
